ISO-10303-21;
HEADER;
FILE_DESCRIPTION((''),'2;1');
FILE_NAME('C-171826-6','2019-03-01T04:10:14',('workeradm'),(
'TE Connectivity Ltd.'),'CREO PARAMETRIC BY PTC INC, 2018190',
'CREO PARAMETRIC BY PTC INC, 2018190','');
FILE_SCHEMA(('AUTOMOTIVE_DESIGN { 1 0 10303 214 1 1 1 1 }'));
ENDSEC;
DATA;
#2=DIRECTION('',(0.E0,0.E0,-1.E0));
#3=VECTOR('',#2,7.5E0);
#4=CARTESIAN_POINT('',(-7.5E0,1.8E0,7.5E0));
#5=LINE('',#4,#3);
#6=DIRECTION('',(0.E0,1.E0,0.E0));
#7=VECTOR('',#6,1.8E0);
#8=CARTESIAN_POINT('',(-7.5E0,0.E0,0.E0));
#9=LINE('',#8,#7);
#10=DIRECTION('',(0.E0,0.E0,1.E0));
#11=VECTOR('',#10,6.E0);
#12=CARTESIAN_POINT('',(-7.5E0,0.E0,-6.E0));
#13=LINE('',#12,#11);
#14=DIRECTION('',(0.E0,-1.E0,0.E0));
#15=VECTOR('',#14,3.7E0);
#16=CARTESIAN_POINT('',(-7.5E0,3.7E0,-6.E0));
#17=LINE('',#16,#15);
#18=DIRECTION('',(0.E0,-7.071067811865E-1,-7.071067811865E-1));
#19=VECTOR('',#18,2.121320343560E0);
#20=CARTESIAN_POINT('',(-7.5E0,5.2E0,-4.5E0));
#21=LINE('',#20,#19);
#22=DIRECTION('',(0.E0,0.E0,-1.E0));
#23=VECTOR('',#22,2.E0);
#24=CARTESIAN_POINT('',(-7.5E0,5.2E0,-2.5E0));
#25=LINE('',#24,#23);
#26=DIRECTION('',(0.E0,1.E0,0.E0));
#27=VECTOR('',#26,1.5E0);
#28=CARTESIAN_POINT('',(-7.5E0,5.2E0,-2.5E0));
#29=LINE('',#28,#27);
#30=DIRECTION('',(0.E0,0.E0,1.E0));
#31=VECTOR('',#30,2.5E0);
#32=CARTESIAN_POINT('',(-7.5E0,6.7E0,-2.5E0));
#33=LINE('',#32,#31);
#34=DIRECTION('',(0.E0,-1.E0,0.E0));
#35=VECTOR('',#34,3.8E0);
#36=CARTESIAN_POINT('',(-7.5E0,6.7E0,0.E0));
#37=LINE('',#36,#35);
#38=CARTESIAN_POINT('',(-7.5E0,2.9E0,2.E-1));
#39=DIRECTION('',(-1.E0,0.E0,0.E0));
#40=DIRECTION('',(0.E0,0.E0,-1.E0));
#41=AXIS2_PLACEMENT_3D('',#38,#39,#40);
#43=DIRECTION('',(0.E0,0.E0,1.E0));
#44=VECTOR('',#43,6.9E0);
#45=CARTESIAN_POINT('',(-7.5E0,2.7E0,2.E-1));
#46=LINE('',#45,#44);
#47=DIRECTION('',(0.E0,-7.071067811865E-1,7.071067811865E-1));
#48=VECTOR('',#47,5.656854249492E-1);
#49=CARTESIAN_POINT('',(-7.5E0,2.7E0,7.1E0));
#50=LINE('',#49,#48);
#51=DIRECTION('',(0.E0,-1.E0,0.E0));
#52=VECTOR('',#51,5.E-1);
#53=CARTESIAN_POINT('',(-7.5E0,2.3E0,7.5E0));
#54=LINE('',#53,#52);
#55=DIRECTION('',(-1.E0,0.E0,0.E0));
#56=VECTOR('',#55,4.7E0);
#57=CARTESIAN_POINT('',(6.7E0,1.8E0,-2.182611434725E0));
#58=LINE('',#57,#56);
#59=DIRECTION('',(0.E0,0.E0,1.E0));
#60=VECTOR('',#59,7.482611434725E0);
#61=CARTESIAN_POINT('',(2.E0,1.8E0,-2.182611434725E0));
#62=LINE('',#61,#60);
#63=DIRECTION('',(1.E0,0.E0,0.E0));
#64=VECTOR('',#63,4.E0);
#65=CARTESIAN_POINT('',(-2.E0,1.8E0,5.3E0));
#66=LINE('',#65,#64);
#67=DIRECTION('',(-1.E0,0.E0,0.E0));
#68=VECTOR('',#67,4.7E0);
#69=CARTESIAN_POINT('',(-2.E0,1.8E0,-2.182611434725E0));
#70=LINE('',#69,#68);
#71=DIRECTION('',(0.E0,0.E0,1.E0));
#72=VECTOR('',#71,2.182611434725E0);
#73=CARTESIAN_POINT('',(-6.7E0,1.8E0,-2.182611434725E0));
#74=LINE('',#73,#72);
#75=DIRECTION('',(1.E0,0.E0,0.E0));
#76=VECTOR('',#75,8.E-1);
#77=CARTESIAN_POINT('',(-7.5E0,1.8E0,0.E0));
#78=LINE('',#77,#76);
#79=DIRECTION('',(1.E0,0.E0,0.E0));
#80=VECTOR('',#79,1.5E1);
#81=CARTESIAN_POINT('',(-7.5E0,1.8E0,7.5E0));
#82=LINE('',#81,#80);
#83=DIRECTION('',(-1.E0,0.E0,0.E0));
#84=VECTOR('',#83,8.E-1);
#85=CARTESIAN_POINT('',(7.5E0,1.8E0,0.E0));
#86=LINE('',#85,#84);
#87=DIRECTION('',(0.E0,0.E0,1.E0));
#88=VECTOR('',#87,2.182611434725E0);
#89=CARTESIAN_POINT('',(6.7E0,1.8E0,-2.182611434725E0));
#90=LINE('',#89,#88);
#91=DIRECTION('',(1.E0,0.E0,0.E0));
#92=VECTOR('',#91,8.E-1);
#93=CARTESIAN_POINT('',(-2.E0,1.8E0,-2.182611434725E0));
#94=LINE('',#93,#92);
#95=DIRECTION('',(0.E0,9.848077530122E-1,-1.736481776669E-1));
#96=VECTOR('',#95,1.116969273074E0);
#97=CARTESIAN_POINT('',(-1.2E0,1.8E0,-2.182611434725E0));
#98=LINE('',#97,#96);
#99=DIRECTION('',(-1.E0,0.E0,0.E0));
#100=VECTOR('',#99,2.4E0);
#101=CARTESIAN_POINT('',(1.2E0,2.9E0,-2.376571113504E0));
#102=LINE('',#101,#100);
#103=DIRECTION('',(0.E0,9.848077530122E-1,-1.736481776669E-1));
#104=VECTOR('',#103,1.116969273074E0);
#105=CARTESIAN_POINT('',(1.2E0,1.8E0,-2.182611434725E0));
#106=LINE('',#105,#104);
#107=DIRECTION('',(1.E0,0.E0,0.E0));
#108=VECTOR('',#107,8.E-1);
#109=CARTESIAN_POINT('',(1.2E0,1.8E0,-2.182611434725E0));
#110=LINE('',#109,#108);
#111=DIRECTION('',(0.E0,9.848077530122E-1,-1.736481776669E-1));
#112=VECTOR('',#111,1.827767901394E0);
#113=CARTESIAN_POINT('',(6.7E0,1.8E0,-2.182611434725E0));
#114=LINE('',#113,#112);
#115=DIRECTION('',(0.E0,9.848077530122E-1,-1.736481776669E-1));
#116=VECTOR('',#115,1.827767901394E0);
#117=CARTESIAN_POINT('',(-6.7E0,1.8E0,-2.182611434725E0));
#118=LINE('',#117,#116);
#119=DIRECTION('',(7.071067811865E-1,-7.071067811865E-1,0.E0));
#120=VECTOR('',#119,5.656854249492E-1);
#121=CARTESIAN_POINT('',(-2.E0,1.8E0,-2.182611434725E0));
#122=LINE('',#121,#120);
#123=DIRECTION('',(1.E0,0.E0,0.E0));
#124=VECTOR('',#123,3.2E0);
#125=CARTESIAN_POINT('',(-1.6E0,1.4E0,-2.182611434725E0));
#126=LINE('',#125,#124);
#127=DIRECTION('',(7.071067811865E-1,7.071067811865E-1,0.E0));
#128=VECTOR('',#127,5.656854249492E-1);
#129=CARTESIAN_POINT('',(1.6E0,1.4E0,-2.182611434725E0));
#130=LINE('',#129,#128);
#131=DIRECTION('',(1.E0,0.E0,0.E0));
#132=VECTOR('',#131,2.4E0);
#133=CARTESIAN_POINT('',(-1.2E0,1.8E0,-2.182611434725E0));
#134=LINE('',#133,#132);
#135=DIRECTION('',(0.E0,0.E0,1.E0));
#136=VECTOR('',#135,7.482611434725E0);
#137=CARTESIAN_POINT('',(-2.E0,1.8E0,-2.182611434725E0));
#138=LINE('',#137,#136);
#139=DIRECTION('',(5.773502691896E-1,-5.773502691896E-1,-5.773502691896E-1));
#140=VECTOR('',#139,6.928203230276E-1);
#141=CARTESIAN_POINT('',(-2.E0,1.8E0,5.3E0));
#142=LINE('',#141,#140);
#143=DIRECTION('',(-5.773502691896E-1,-5.773502691896E-1,-5.773502691896E-1));
#144=VECTOR('',#143,6.928203230276E-1);
#145=CARTESIAN_POINT('',(2.E0,1.8E0,5.3E0));
#146=LINE('',#145,#144);
#147=DIRECTION('',(0.E0,0.E0,-1.E0));
#148=VECTOR('',#147,7.082611434725E0);
#149=CARTESIAN_POINT('',(-1.6E0,1.4E0,4.9E0));
#150=LINE('',#149,#148);
#151=DIRECTION('',(1.E0,0.E0,0.E0));
#152=VECTOR('',#151,3.2E0);
#153=CARTESIAN_POINT('',(-1.6E0,1.4E0,4.9E0));
#154=LINE('',#153,#152);
#155=DIRECTION('',(0.E0,0.E0,-1.E0));
#156=VECTOR('',#155,7.082611434725E0);
#157=CARTESIAN_POINT('',(1.6E0,1.4E0,4.9E0));
#158=LINE('',#157,#156);
#159=DIRECTION('',(0.E0,0.E0,1.E0));
#160=VECTOR('',#159,6.682611434725E0);
#161=CARTESIAN_POINT('',(-1.2E0,1.8E0,-2.182611434725E0));
#162=LINE('',#161,#160);
#163=DIRECTION('',(0.E0,0.E0,1.E0));
#164=VECTOR('',#163,6.682611434725E0);
#165=CARTESIAN_POINT('',(1.2E0,1.8E0,-2.182611434725E0));
#166=LINE('',#165,#164);
#167=DIRECTION('',(1.E0,0.E0,0.E0));
#168=VECTOR('',#167,2.4E0);
#169=CARTESIAN_POINT('',(-1.2E0,2.7E0,4.5E0));
#170=LINE('',#169,#168);
#171=DIRECTION('',(0.E0,0.E0,1.E0));
#172=VECTOR('',#171,4.3E0);
#173=CARTESIAN_POINT('',(1.2E0,2.7E0,2.E-1));
#174=LINE('',#173,#172);
#175=DIRECTION('',(1.E0,0.E0,0.E0));
#176=VECTOR('',#175,6.3E0);
#177=CARTESIAN_POINT('',(1.2E0,2.7E0,2.E-1));
#178=LINE('',#177,#176);
#179=DIRECTION('',(1.E0,0.E0,0.E0));
#180=VECTOR('',#179,6.3E0);
#181=CARTESIAN_POINT('',(-7.5E0,2.7E0,2.E-1));
#182=LINE('',#181,#180);
#183=DIRECTION('',(0.E0,0.E0,1.E0));
#184=VECTOR('',#183,4.3E0);
#185=CARTESIAN_POINT('',(-1.2E0,2.7E0,2.E-1));
#186=LINE('',#185,#184);
#187=DIRECTION('',(0.E0,-1.E0,0.E0));
#188=VECTOR('',#187,9.E-1);
#189=CARTESIAN_POINT('',(-1.2E0,2.7E0,4.5E0));
#190=LINE('',#189,#188);
#191=DIRECTION('',(1.E0,0.E0,0.E0));
#192=VECTOR('',#191,2.4E0);
#193=CARTESIAN_POINT('',(-1.2E0,1.8E0,4.5E0));
#194=LINE('',#193,#192);
#195=DIRECTION('',(0.E0,1.E0,0.E0));
#196=VECTOR('',#195,9.E-1);
#197=CARTESIAN_POINT('',(1.2E0,1.8E0,4.5E0));
#198=LINE('',#197,#196);
#199=DIRECTION('',(0.E0,0.E0,1.E0));
#200=VECTOR('',#199,2.376571113504E0);
#201=CARTESIAN_POINT('',(-1.2E0,2.9E0,-2.376571113504E0));
#202=LINE('',#201,#200);
#203=CARTESIAN_POINT('',(1.2E0,2.9E0,2.E-1));
#204=DIRECTION('',(1.E0,0.E0,0.E0));
#205=DIRECTION('',(0.E0,-1.E0,0.E0));
#206=AXIS2_PLACEMENT_3D('',#203,#204,#205);
#208=DIRECTION('',(1.E0,0.E0,0.E0));
#209=VECTOR('',#208,6.3E0);
#210=CARTESIAN_POINT('',(1.2E0,2.9E0,0.E0));
#211=LINE('',#210,#209);
#212=CARTESIAN_POINT('',(-1.2E0,2.9E0,2.E-1));
#213=DIRECTION('',(1.E0,0.E0,0.E0));
#214=DIRECTION('',(0.E0,-1.E0,0.E0));
#215=AXIS2_PLACEMENT_3D('',#212,#213,#214);
#217=DIRECTION('',(1.E0,0.E0,0.E0));
#218=VECTOR('',#217,6.3E0);
#219=CARTESIAN_POINT('',(-7.5E0,2.9E0,0.E0));
#220=LINE('',#219,#218);
#221=DIRECTION('',(-1.E0,0.E0,0.E0));
#222=VECTOR('',#221,2.4E0);
#223=CARTESIAN_POINT('',(1.2E0,2.9E0,0.E0));
#224=LINE('',#223,#222);
#225=DIRECTION('',(1.E0,0.E0,0.E0));
#226=VECTOR('',#225,1.5E1);
#227=CARTESIAN_POINT('',(-7.5E0,6.7E0,0.E0));
#228=LINE('',#227,#226);
#229=DIRECTION('',(0.E0,1.E0,0.E0));
#230=VECTOR('',#229,6.4E-1);
#231=CARTESIAN_POINT('',(5.93E0,3.98E0,0.E0));
#232=LINE('',#231,#230);
#233=DIRECTION('',(1.E0,0.E0,0.E0));
#234=VECTOR('',#233,6.4E-1);
#235=CARTESIAN_POINT('',(5.93E0,3.98E0,0.E0));
#236=LINE('',#235,#234);
#237=DIRECTION('',(0.E0,1.E0,0.E0));
#238=VECTOR('',#237,6.4E-1);
#239=CARTESIAN_POINT('',(6.57E0,3.98E0,0.E0));
#240=LINE('',#239,#238);
#241=DIRECTION('',(1.E0,0.E0,0.E0));
#242=VECTOR('',#241,6.4E-1);
#243=CARTESIAN_POINT('',(5.93E0,4.62E0,0.E0));
#244=LINE('',#243,#242);
#245=DIRECTION('',(0.E0,1.E0,0.E0));
#246=VECTOR('',#245,6.4E-1);
#247=CARTESIAN_POINT('',(3.43E0,3.98E0,0.E0));
#248=LINE('',#247,#246);
#249=DIRECTION('',(1.E0,0.E0,0.E0));
#250=VECTOR('',#249,6.4E-1);
#251=CARTESIAN_POINT('',(3.43E0,3.98E0,0.E0));
#252=LINE('',#251,#250);
#253=DIRECTION('',(0.E0,1.E0,0.E0));
#254=VECTOR('',#253,6.4E-1);
#255=CARTESIAN_POINT('',(4.07E0,3.98E0,0.E0));
#256=LINE('',#255,#254);
#257=DIRECTION('',(1.E0,0.E0,0.E0));
#258=VECTOR('',#257,6.4E-1);
#259=CARTESIAN_POINT('',(3.43E0,4.62E0,0.E0));
#260=LINE('',#259,#258);
#261=DIRECTION('',(0.E0,1.E0,0.E0));
#262=VECTOR('',#261,6.4E-1);
#263=CARTESIAN_POINT('',(9.3E-1,3.98E0,0.E0));
#264=LINE('',#263,#262);
#265=DIRECTION('',(1.E0,0.E0,0.E0));
#266=VECTOR('',#265,6.4E-1);
#267=CARTESIAN_POINT('',(9.3E-1,3.98E0,0.E0));
#268=LINE('',#267,#266);
#269=DIRECTION('',(0.E0,1.E0,0.E0));
#270=VECTOR('',#269,6.4E-1);
#271=CARTESIAN_POINT('',(1.57E0,3.98E0,0.E0));
#272=LINE('',#271,#270);
#273=DIRECTION('',(1.E0,0.E0,0.E0));
#274=VECTOR('',#273,6.4E-1);
#275=CARTESIAN_POINT('',(9.3E-1,4.62E0,0.E0));
#276=LINE('',#275,#274);
#277=DIRECTION('',(0.E0,1.E0,0.E0));
#278=VECTOR('',#277,6.4E-1);
#279=CARTESIAN_POINT('',(-1.57E0,3.98E0,0.E0));
#280=LINE('',#279,#278);
#281=DIRECTION('',(1.E0,0.E0,0.E0));
#282=VECTOR('',#281,6.4E-1);
#283=CARTESIAN_POINT('',(-1.57E0,3.98E0,0.E0));
#284=LINE('',#283,#282);
#285=DIRECTION('',(0.E0,1.E0,0.E0));
#286=VECTOR('',#285,6.4E-1);
#287=CARTESIAN_POINT('',(-9.3E-1,3.98E0,0.E0));
#288=LINE('',#287,#286);
#289=DIRECTION('',(1.E0,0.E0,0.E0));
#290=VECTOR('',#289,6.4E-1);
#291=CARTESIAN_POINT('',(-1.57E0,4.62E0,0.E0));
#292=LINE('',#291,#290);
#293=DIRECTION('',(0.E0,1.E0,0.E0));
#294=VECTOR('',#293,6.4E-1);
#295=CARTESIAN_POINT('',(-4.07E0,3.98E0,0.E0));
#296=LINE('',#295,#294);
#297=DIRECTION('',(1.E0,0.E0,0.E0));
#298=VECTOR('',#297,6.4E-1);
#299=CARTESIAN_POINT('',(-4.07E0,3.98E0,0.E0));
#300=LINE('',#299,#298);
#301=DIRECTION('',(0.E0,1.E0,0.E0));
#302=VECTOR('',#301,6.4E-1);
#303=CARTESIAN_POINT('',(-3.43E0,3.98E0,0.E0));
#304=LINE('',#303,#302);
#305=DIRECTION('',(1.E0,0.E0,0.E0));
#306=VECTOR('',#305,6.4E-1);
#307=CARTESIAN_POINT('',(-4.07E0,4.62E0,0.E0));
#308=LINE('',#307,#306);
#309=DIRECTION('',(0.E0,1.E0,0.E0));
#310=VECTOR('',#309,6.4E-1);
#311=CARTESIAN_POINT('',(-6.57E0,3.98E0,0.E0));
#312=LINE('',#311,#310);
#313=DIRECTION('',(1.E0,0.E0,0.E0));
#314=VECTOR('',#313,6.4E-1);
#315=CARTESIAN_POINT('',(-6.57E0,3.98E0,0.E0));
#316=LINE('',#315,#314);
#317=DIRECTION('',(0.E0,1.E0,0.E0));
#318=VECTOR('',#317,6.4E-1);
#319=CARTESIAN_POINT('',(-5.93E0,3.98E0,0.E0));
#320=LINE('',#319,#318);
#321=DIRECTION('',(1.E0,0.E0,0.E0));
#322=VECTOR('',#321,6.4E-1);
#323=CARTESIAN_POINT('',(-6.57E0,4.62E0,0.E0));
#324=LINE('',#323,#322);
#325=DIRECTION('',(0.E0,0.E0,1.E0));
#326=VECTOR('',#325,2.376571113504E0);
#327=CARTESIAN_POINT('',(1.2E0,2.9E0,-2.376571113504E0));
#328=LINE('',#327,#326);
#329=DIRECTION('',(1.E0,0.E0,0.E0));
#330=VECTOR('',#329,1.5E1);
#331=CARTESIAN_POINT('',(-7.5E0,6.7E0,-2.5E0));
#332=LINE('',#331,#330);
#333=DIRECTION('',(0.E0,1.E0,0.E0));
#334=VECTOR('',#333,1.E-1);
#335=CARTESIAN_POINT('',(6.7E0,3.6E0,-2.5E0));
#336=LINE('',#335,#334);
#337=DIRECTION('',(-2.576626505603E-1,-9.662349396012E-1,0.E0));
#338=VECTOR('',#337,1.552417469626E0);
#339=CARTESIAN_POINT('',(7.1E0,5.2E0,-2.5E0));
#340=LINE('',#339,#338);
#341=DIRECTION('',(-1.E0,0.E0,0.E0));
#342=VECTOR('',#341,4.E-1);
#343=CARTESIAN_POINT('',(7.5E0,5.2E0,-2.5E0));
#344=LINE('',#343,#342);
#345=DIRECTION('',(1.E0,0.E0,0.E0));
#346=VECTOR('',#345,4.E-1);
#347=CARTESIAN_POINT('',(-7.5E0,5.2E0,-2.5E0));
#348=LINE('',#347,#346);
#349=DIRECTION('',(-2.576626505603E-1,9.662349396012E-1,0.E0));
#350=VECTOR('',#349,1.552417469626E0);
#351=CARTESIAN_POINT('',(-6.7E0,3.7E0,-2.5E0));
#352=LINE('',#351,#350);
#353=DIRECTION('',(0.E0,1.E0,0.E0));
#354=VECTOR('',#353,1.E-1);
#355=CARTESIAN_POINT('',(-6.7E0,3.6E0,-2.5E0));
#356=LINE('',#355,#354);
#357=DIRECTION('',(1.E0,0.E0,0.E0));
#358=VECTOR('',#357,1.34E1);
#359=CARTESIAN_POINT('',(-6.7E0,3.6E0,-2.5E0));
#360=LINE('',#359,#358);
#361=DIRECTION('',(0.E0,1.E0,0.E0));
#362=VECTOR('',#361,6.4E-1);
#363=CARTESIAN_POINT('',(5.93E0,3.98E0,-2.5E0));
#364=LINE('',#363,#362);
#365=DIRECTION('',(1.E0,0.E0,0.E0));
#366=VECTOR('',#365,6.4E-1);
#367=CARTESIAN_POINT('',(5.93E0,4.62E0,-2.5E0));
#368=LINE('',#367,#366);
#369=DIRECTION('',(0.E0,1.E0,0.E0));
#370=VECTOR('',#369,6.4E-1);
#371=CARTESIAN_POINT('',(6.57E0,3.98E0,-2.5E0));
#372=LINE('',#371,#370);
#373=DIRECTION('',(1.E0,0.E0,0.E0));
#374=VECTOR('',#373,6.4E-1);
#375=CARTESIAN_POINT('',(5.93E0,3.98E0,-2.5E0));
#376=LINE('',#375,#374);
#377=DIRECTION('',(0.E0,1.E0,0.E0));
#378=VECTOR('',#377,6.4E-1);
#379=CARTESIAN_POINT('',(3.43E0,3.98E0,-2.5E0));
#380=LINE('',#379,#378);
#381=DIRECTION('',(1.E0,0.E0,0.E0));
#382=VECTOR('',#381,6.4E-1);
#383=CARTESIAN_POINT('',(3.43E0,4.62E0,-2.5E0));
#384=LINE('',#383,#382);
#385=DIRECTION('',(0.E0,1.E0,0.E0));
#386=VECTOR('',#385,6.4E-1);
#387=CARTESIAN_POINT('',(4.07E0,3.98E0,-2.5E0));
#388=LINE('',#387,#386);
#389=DIRECTION('',(1.E0,0.E0,0.E0));
#390=VECTOR('',#389,6.4E-1);
#391=CARTESIAN_POINT('',(3.43E0,3.98E0,-2.5E0));
#392=LINE('',#391,#390);
#393=DIRECTION('',(0.E0,1.E0,0.E0));
#394=VECTOR('',#393,6.4E-1);
#395=CARTESIAN_POINT('',(9.3E-1,3.98E0,-2.5E0));
#396=LINE('',#395,#394);
#397=DIRECTION('',(1.E0,0.E0,0.E0));
#398=VECTOR('',#397,6.4E-1);
#399=CARTESIAN_POINT('',(9.3E-1,4.62E0,-2.5E0));
#400=LINE('',#399,#398);
#401=DIRECTION('',(0.E0,1.E0,0.E0));
#402=VECTOR('',#401,6.4E-1);
#403=CARTESIAN_POINT('',(1.57E0,3.98E0,-2.5E0));
#404=LINE('',#403,#402);
#405=DIRECTION('',(1.E0,0.E0,0.E0));
#406=VECTOR('',#405,6.4E-1);
#407=CARTESIAN_POINT('',(9.3E-1,3.98E0,-2.5E0));
#408=LINE('',#407,#406);
#409=DIRECTION('',(0.E0,1.E0,0.E0));
#410=VECTOR('',#409,6.4E-1);
#411=CARTESIAN_POINT('',(-1.57E0,3.98E0,-2.5E0));
#412=LINE('',#411,#410);
#413=DIRECTION('',(1.E0,0.E0,0.E0));
#414=VECTOR('',#413,6.4E-1);
#415=CARTESIAN_POINT('',(-1.57E0,4.62E0,-2.5E0));
#416=LINE('',#415,#414);
#417=DIRECTION('',(0.E0,1.E0,0.E0));
#418=VECTOR('',#417,6.4E-1);
#419=CARTESIAN_POINT('',(-9.3E-1,3.98E0,-2.5E0));
#420=LINE('',#419,#418);
#421=DIRECTION('',(1.E0,0.E0,0.E0));
#422=VECTOR('',#421,6.4E-1);
#423=CARTESIAN_POINT('',(-1.57E0,3.98E0,-2.5E0));
#424=LINE('',#423,#422);
#425=DIRECTION('',(0.E0,1.E0,0.E0));
#426=VECTOR('',#425,6.4E-1);
#427=CARTESIAN_POINT('',(-4.07E0,3.98E0,-2.5E0));
#428=LINE('',#427,#426);
#429=DIRECTION('',(1.E0,0.E0,0.E0));
#430=VECTOR('',#429,6.4E-1);
#431=CARTESIAN_POINT('',(-4.07E0,4.62E0,-2.5E0));
#432=LINE('',#431,#430);
#433=DIRECTION('',(0.E0,1.E0,0.E0));
#434=VECTOR('',#433,6.4E-1);
#435=CARTESIAN_POINT('',(-3.43E0,3.98E0,-2.5E0));
#436=LINE('',#435,#434);
#437=DIRECTION('',(1.E0,0.E0,0.E0));
#438=VECTOR('',#437,6.4E-1);
#439=CARTESIAN_POINT('',(-4.07E0,3.98E0,-2.5E0));
#440=LINE('',#439,#438);
#441=DIRECTION('',(0.E0,1.E0,0.E0));
#442=VECTOR('',#441,6.4E-1);
#443=CARTESIAN_POINT('',(-6.57E0,3.98E0,-2.5E0));
#444=LINE('',#443,#442);
#445=DIRECTION('',(1.E0,0.E0,0.E0));
#446=VECTOR('',#445,6.4E-1);
#447=CARTESIAN_POINT('',(-6.57E0,4.62E0,-2.5E0));
#448=LINE('',#447,#446);
#449=DIRECTION('',(0.E0,1.E0,0.E0));
#450=VECTOR('',#449,6.4E-1);
#451=CARTESIAN_POINT('',(-5.93E0,3.98E0,-2.5E0));
#452=LINE('',#451,#450);
#453=DIRECTION('',(1.E0,0.E0,0.E0));
#454=VECTOR('',#453,6.4E-1);
#455=CARTESIAN_POINT('',(-6.57E0,3.98E0,-2.5E0));
#456=LINE('',#455,#454);
#457=DIRECTION('',(0.E0,0.E0,1.E0));
#458=VECTOR('',#457,3.5E0);
#459=CARTESIAN_POINT('',(6.7E0,3.7E0,-6.E0));
#460=LINE('',#459,#458);
#461=DIRECTION('',(0.E0,-1.E0,0.E0));
#462=VECTOR('',#461,1.8E0);
#463=CARTESIAN_POINT('',(6.7E0,1.8E0,0.E0));
#464=LINE('',#463,#462);
#465=DIRECTION('',(0.E0,0.E0,-1.E0));
#466=VECTOR('',#465,6.E0);
#467=CARTESIAN_POINT('',(6.7E0,0.E0,0.E0));
#468=LINE('',#467,#466);
#469=DIRECTION('',(0.E0,1.E0,0.E0));
#470=VECTOR('',#469,3.7E0);
#471=CARTESIAN_POINT('',(6.7E0,0.E0,-6.E0));
#472=LINE('',#471,#470);
#473=DIRECTION('',(1.852964218448E-1,6.948615819181E-1,6.948615819181E-1));
#474=VECTOR('',#473,2.158703314492E0);
#475=CARTESIAN_POINT('',(6.7E0,3.7E0,-6.E0));
#476=LINE('',#475,#474);
#477=DIRECTION('',(-1.E0,0.E0,0.E0));
#478=VECTOR('',#477,8.E-1);
#479=CARTESIAN_POINT('',(7.5E0,3.7E0,-6.E0));
#480=LINE('',#479,#478);
#481=DIRECTION('',(-1.E0,0.E0,0.E0));
#482=VECTOR('',#481,8.E-1);
#483=CARTESIAN_POINT('',(7.5E0,0.E0,-6.E0));
#484=LINE('',#483,#482);
#485=DIRECTION('',(-1.E0,0.E0,0.E0));
#486=VECTOR('',#485,8.E-1);
#487=CARTESIAN_POINT('',(7.5E0,0.E0,0.E0));
#488=LINE('',#487,#486);
#489=DIRECTION('',(0.E0,1.E0,0.E0));
#490=VECTOR('',#489,1.5E0);
#491=CARTESIAN_POINT('',(7.5E0,5.2E0,-2.5E0));
#492=LINE('',#491,#490);
#493=DIRECTION('',(0.E0,0.E0,1.E0));
#494=VECTOR('',#493,2.E0);
#495=CARTESIAN_POINT('',(7.5E0,5.2E0,-4.5E0));
#496=LINE('',#495,#494);
#497=DIRECTION('',(0.E0,7.071067811865E-1,7.071067811865E-1));
#498=VECTOR('',#497,2.121320343560E0);
#499=CARTESIAN_POINT('',(7.5E0,3.7E0,-6.E0));
#500=LINE('',#499,#498);
#501=DIRECTION('',(0.E0,1.E0,0.E0));
#502=VECTOR('',#501,3.7E0);
#503=CARTESIAN_POINT('',(7.5E0,0.E0,-6.E0));
#504=LINE('',#503,#502);
#505=DIRECTION('',(0.E0,0.E0,-1.E0));
#506=VECTOR('',#505,6.E0);
#507=CARTESIAN_POINT('',(7.5E0,0.E0,0.E0));
#508=LINE('',#507,#506);
#509=DIRECTION('',(0.E0,-1.E0,0.E0));
#510=VECTOR('',#509,1.8E0);
#511=CARTESIAN_POINT('',(7.5E0,1.8E0,0.E0));
#512=LINE('',#511,#510);
#513=DIRECTION('',(0.E0,0.E0,-1.E0));
#514=VECTOR('',#513,7.5E0);
#515=CARTESIAN_POINT('',(7.5E0,1.8E0,7.5E0));
#516=LINE('',#515,#514);
#517=DIRECTION('',(0.E0,-1.E0,0.E0));
#518=VECTOR('',#517,5.E-1);
#519=CARTESIAN_POINT('',(7.5E0,2.3E0,7.5E0));
#520=LINE('',#519,#518);
#521=DIRECTION('',(0.E0,-7.071067811865E-1,7.071067811865E-1));
#522=VECTOR('',#521,5.656854249492E-1);
#523=CARTESIAN_POINT('',(7.5E0,2.7E0,7.1E0));
#524=LINE('',#523,#522);
#525=DIRECTION('',(0.E0,0.E0,1.E0));
#526=VECTOR('',#525,6.9E0);
#527=CARTESIAN_POINT('',(7.5E0,2.7E0,2.E-1));
#528=LINE('',#527,#526);
#529=CARTESIAN_POINT('',(7.5E0,2.9E0,2.E-1));
#530=DIRECTION('',(-1.E0,0.E0,0.E0));
#531=DIRECTION('',(0.E0,0.E0,-1.E0));
#532=AXIS2_PLACEMENT_3D('',#529,#530,#531);
#534=DIRECTION('',(0.E0,-1.E0,0.E0));
#535=VECTOR('',#534,3.8E0);
#536=CARTESIAN_POINT('',(7.5E0,6.7E0,0.E0));
#537=LINE('',#536,#535);
#538=DIRECTION('',(0.E0,0.E0,1.E0));
#539=VECTOR('',#538,2.5E0);
#540=CARTESIAN_POINT('',(7.5E0,6.7E0,-2.5E0));
#541=LINE('',#540,#539);
#542=DIRECTION('',(0.E0,0.E0,1.E0));
#543=VECTOR('',#542,2.E0);
#544=CARTESIAN_POINT('',(7.1E0,5.2E0,-4.5E0));
#545=LINE('',#544,#543);
#546=DIRECTION('',(-1.E0,0.E0,0.E0));
#547=VECTOR('',#546,4.E-1);
#548=CARTESIAN_POINT('',(7.5E0,5.2E0,-4.5E0));
#549=LINE('',#548,#547);
#550=DIRECTION('',(1.E0,0.E0,0.E0));
#551=VECTOR('',#550,1.5E1);
#552=CARTESIAN_POINT('',(-7.5E0,2.3E0,7.5E0));
#553=LINE('',#552,#551);
#554=DIRECTION('',(1.E0,0.E0,0.E0));
#555=VECTOR('',#554,1.5E1);
#556=CARTESIAN_POINT('',(-7.5E0,2.7E0,7.1E0));
#557=LINE('',#556,#555);
#558=DIRECTION('',(0.E0,0.E0,-1.E0));
#559=VECTOR('',#558,2.E0);
#560=CARTESIAN_POINT('',(-7.1E0,5.2E0,-2.5E0));
#561=LINE('',#560,#559);
#562=DIRECTION('',(0.E0,0.E0,1.E0));
#563=VECTOR('',#562,3.5E0);
#564=CARTESIAN_POINT('',(-6.7E0,3.7E0,-6.E0));
#565=LINE('',#564,#563);
#566=DIRECTION('',(0.E0,-1.E0,0.E0));
#567=VECTOR('',#566,3.7E0);
#568=CARTESIAN_POINT('',(-6.7E0,3.7E0,-6.E0));
#569=LINE('',#568,#567);
#570=DIRECTION('',(0.E0,0.E0,1.E0));
#571=VECTOR('',#570,6.E0);
#572=CARTESIAN_POINT('',(-6.7E0,0.E0,-6.E0));
#573=LINE('',#572,#571);
#574=DIRECTION('',(0.E0,1.E0,0.E0));
#575=VECTOR('',#574,1.8E0);
#576=CARTESIAN_POINT('',(-6.7E0,0.E0,0.E0));
#577=LINE('',#576,#575);
#578=DIRECTION('',(1.E0,0.E0,0.E0));
#579=VECTOR('',#578,8.E-1);
#580=CARTESIAN_POINT('',(-7.5E0,3.7E0,-6.E0));
#581=LINE('',#580,#579);
#582=DIRECTION('',(1.852964218448E-1,-6.948615819181E-1,-6.948615819181E-1));
#583=VECTOR('',#582,2.158703314492E0);
#584=CARTESIAN_POINT('',(-7.1E0,5.2E0,-4.5E0));
#585=LINE('',#584,#583);
#586=DIRECTION('',(1.E0,0.E0,0.E0));
#587=VECTOR('',#586,4.E-1);
#588=CARTESIAN_POINT('',(-7.5E0,5.2E0,-4.5E0));
#589=LINE('',#588,#587);
#590=DIRECTION('',(1.E0,0.E0,0.E0));
#591=VECTOR('',#590,8.E-1);
#592=CARTESIAN_POINT('',(-7.5E0,0.E0,-6.E0));
#593=LINE('',#592,#591);
#594=DIRECTION('',(1.E0,0.E0,0.E0));
#595=VECTOR('',#594,8.E-1);
#596=CARTESIAN_POINT('',(-7.5E0,0.E0,0.E0));
#597=LINE('',#596,#595);
#598=DIRECTION('',(0.E0,0.E0,1.E0));
#599=VECTOR('',#598,7.5E0);
#600=CARTESIAN_POINT('',(5.93E0,4.62E0,0.E0));
#601=LINE('',#600,#599);
#602=DIRECTION('',(0.E0,-1.E0,0.E0));
#603=VECTOR('',#602,6.4E-1);
#604=CARTESIAN_POINT('',(5.93E0,4.62E0,7.5E0));
#605=LINE('',#604,#603);
#606=DIRECTION('',(0.E0,0.E0,-1.E0));
#607=VECTOR('',#606,7.5E0);
#608=CARTESIAN_POINT('',(5.93E0,3.98E0,7.5E0));
#609=LINE('',#608,#607);
#610=DIRECTION('',(0.E0,0.E0,-1.E0));
#611=VECTOR('',#610,3.4E-1);
#612=CARTESIAN_POINT('',(5.93E0,3.98E0,-2.5E0));
#613=LINE('',#612,#611);
#614=CARTESIAN_POINT('',(5.93E0,3.34E0,-2.84E0));
#615=DIRECTION('',(-1.E0,0.E0,0.E0));
#616=DIRECTION('',(0.E0,1.E0,0.E0));
#617=AXIS2_PLACEMENT_3D('',#614,#615,#616);
#619=DIRECTION('',(0.E0,-1.E0,0.E0));
#620=VECTOR('',#619,6.94E0);
#621=CARTESIAN_POINT('',(5.93E0,3.34E0,-3.48E0));
#622=LINE('',#621,#620);
#623=DIRECTION('',(0.E0,0.E0,-1.E0));
#624=VECTOR('',#623,6.4E-1);
#625=CARTESIAN_POINT('',(5.93E0,-3.6E0,-3.48E0));
#626=LINE('',#625,#624);
#627=DIRECTION('',(0.E0,1.E0,0.E0));
#628=VECTOR('',#627,6.94E0);
#629=CARTESIAN_POINT('',(5.93E0,-3.6E0,-4.12E0));
#630=LINE('',#629,#628);
#631=CARTESIAN_POINT('',(5.93E0,3.34E0,-2.84E0));
#632=DIRECTION('',(1.E0,0.E0,0.E0));
#633=DIRECTION('',(0.E0,0.E0,-1.E0));
#634=AXIS2_PLACEMENT_3D('',#631,#632,#633);
#636=DIRECTION('',(0.E0,0.E0,1.E0));
#637=VECTOR('',#636,3.4E-1);
#638=CARTESIAN_POINT('',(5.93E0,4.62E0,-2.84E0));
#639=LINE('',#638,#637);
#640=DIRECTION('',(1.E0,0.E0,0.E0));
#641=VECTOR('',#640,6.4E-1);
#642=CARTESIAN_POINT('',(5.93E0,4.62E0,-2.84E0));
#643=LINE('',#642,#641);
#644=DIRECTION('',(0.E0,0.E0,-1.E0));
#645=VECTOR('',#644,7.5E0);
#646=CARTESIAN_POINT('',(6.57E0,3.98E0,7.5E0));
#647=LINE('',#646,#645);
#648=DIRECTION('',(0.E0,-1.E0,0.E0));
#649=VECTOR('',#648,6.4E-1);
#650=CARTESIAN_POINT('',(6.57E0,4.62E0,7.5E0));
#651=LINE('',#650,#649);
#652=DIRECTION('',(0.E0,0.E0,1.E0));
#653=VECTOR('',#652,7.5E0);
#654=CARTESIAN_POINT('',(6.57E0,4.62E0,0.E0));
#655=LINE('',#654,#653);
#656=DIRECTION('',(0.E0,0.E0,1.E0));
#657=VECTOR('',#656,3.4E-1);
#658=CARTESIAN_POINT('',(6.57E0,4.62E0,-2.84E0));
#659=LINE('',#658,#657);
#660=CARTESIAN_POINT('',(6.57E0,3.34E0,-2.84E0));
#661=DIRECTION('',(1.E0,0.E0,0.E0));
#662=DIRECTION('',(0.E0,0.E0,-1.E0));
#663=AXIS2_PLACEMENT_3D('',#660,#661,#662);
#665=DIRECTION('',(0.E0,1.E0,0.E0));
#666=VECTOR('',#665,6.94E0);
#667=CARTESIAN_POINT('',(6.57E0,-3.6E0,-4.12E0));
#668=LINE('',#667,#666);
#669=DIRECTION('',(0.E0,0.E0,-1.E0));
#670=VECTOR('',#669,6.4E-1);
#671=CARTESIAN_POINT('',(6.57E0,-3.6E0,-3.48E0));
#672=LINE('',#671,#670);
#673=DIRECTION('',(0.E0,-1.E0,0.E0));
#674=VECTOR('',#673,6.94E0);
#675=CARTESIAN_POINT('',(6.57E0,3.34E0,-3.48E0));
#676=LINE('',#675,#674);
#677=CARTESIAN_POINT('',(6.57E0,3.34E0,-2.84E0));
#678=DIRECTION('',(-1.E0,0.E0,0.E0));
#679=DIRECTION('',(0.E0,1.E0,0.E0));
#680=AXIS2_PLACEMENT_3D('',#677,#678,#679);
#682=DIRECTION('',(0.E0,0.E0,-1.E0));
#683=VECTOR('',#682,3.4E-1);
#684=CARTESIAN_POINT('',(6.57E0,3.98E0,-2.5E0));
#685=LINE('',#684,#683);
#686=DIRECTION('',(1.E0,0.E0,0.E0));
#687=VECTOR('',#686,6.4E-1);
#688=CARTESIAN_POINT('',(5.93E0,3.98E0,7.5E0));
#689=LINE('',#688,#687);
#690=DIRECTION('',(1.E0,0.E0,0.E0));
#691=VECTOR('',#690,6.4E-1);
#692=CARTESIAN_POINT('',(5.93E0,4.62E0,7.5E0));
#693=LINE('',#692,#691);
#694=DIRECTION('',(1.E0,0.E0,0.E0));
#695=VECTOR('',#694,6.4E-1);
#696=CARTESIAN_POINT('',(5.93E0,3.98E0,-2.84E0));
#697=LINE('',#696,#695);
#698=DIRECTION('',(1.E0,0.E0,0.E0));
#699=VECTOR('',#698,6.4E-1);
#700=CARTESIAN_POINT('',(5.93E0,3.34E0,-3.48E0));
#701=LINE('',#700,#699);
#702=DIRECTION('',(1.E0,0.E0,0.E0));
#703=VECTOR('',#702,6.4E-1);
#704=CARTESIAN_POINT('',(5.93E0,-3.6E0,-3.48E0));
#705=LINE('',#704,#703);
#706=DIRECTION('',(1.E0,0.E0,0.E0));
#707=VECTOR('',#706,6.4E-1);
#708=CARTESIAN_POINT('',(5.93E0,-3.6E0,-4.12E0));
#709=LINE('',#708,#707);
#710=DIRECTION('',(1.E0,0.E0,0.E0));
#711=VECTOR('',#710,6.4E-1);
#712=CARTESIAN_POINT('',(5.93E0,3.34E0,-4.12E0));
#713=LINE('',#712,#711);
#714=DIRECTION('',(0.E0,0.E0,1.E0));
#715=VECTOR('',#714,7.5E0);
#716=CARTESIAN_POINT('',(3.43E0,4.62E0,0.E0));
#717=LINE('',#716,#715);
#718=DIRECTION('',(0.E0,-1.E0,0.E0));
#719=VECTOR('',#718,6.4E-1);
#720=CARTESIAN_POINT('',(3.43E0,4.62E0,7.5E0));
#721=LINE('',#720,#719);
#722=DIRECTION('',(0.E0,0.E0,-1.E0));
#723=VECTOR('',#722,7.5E0);
#724=CARTESIAN_POINT('',(3.43E0,3.98E0,7.5E0));
#725=LINE('',#724,#723);
#726=DIRECTION('',(0.E0,0.E0,-1.E0));
#727=VECTOR('',#726,3.4E-1);
#728=CARTESIAN_POINT('',(3.43E0,3.98E0,-2.5E0));
#729=LINE('',#728,#727);
#730=CARTESIAN_POINT('',(3.43E0,3.34E0,-2.84E0));
#731=DIRECTION('',(-1.E0,0.E0,0.E0));
#732=DIRECTION('',(0.E0,1.E0,0.E0));
#733=AXIS2_PLACEMENT_3D('',#730,#731,#732);
#735=DIRECTION('',(0.E0,-1.E0,0.E0));
#736=VECTOR('',#735,6.94E0);
#737=CARTESIAN_POINT('',(3.43E0,3.34E0,-3.48E0));
#738=LINE('',#737,#736);
#739=DIRECTION('',(0.E0,0.E0,-1.E0));
#740=VECTOR('',#739,6.4E-1);
#741=CARTESIAN_POINT('',(3.43E0,-3.6E0,-3.48E0));
#742=LINE('',#741,#740);
#743=DIRECTION('',(0.E0,1.E0,0.E0));
#744=VECTOR('',#743,6.94E0);
#745=CARTESIAN_POINT('',(3.43E0,-3.6E0,-4.12E0));
#746=LINE('',#745,#744);
#747=CARTESIAN_POINT('',(3.43E0,3.34E0,-2.84E0));
#748=DIRECTION('',(1.E0,0.E0,0.E0));
#749=DIRECTION('',(0.E0,0.E0,-1.E0));
#750=AXIS2_PLACEMENT_3D('',#747,#748,#749);
#752=DIRECTION('',(0.E0,0.E0,1.E0));
#753=VECTOR('',#752,3.4E-1);
#754=CARTESIAN_POINT('',(3.43E0,4.62E0,-2.84E0));
#755=LINE('',#754,#753);
#756=DIRECTION('',(1.E0,0.E0,0.E0));
#757=VECTOR('',#756,6.4E-1);
#758=CARTESIAN_POINT('',(3.43E0,4.62E0,-2.84E0));
#759=LINE('',#758,#757);
#760=DIRECTION('',(0.E0,0.E0,-1.E0));
#761=VECTOR('',#760,7.5E0);
#762=CARTESIAN_POINT('',(4.07E0,3.98E0,7.5E0));
#763=LINE('',#762,#761);
#764=DIRECTION('',(0.E0,-1.E0,0.E0));
#765=VECTOR('',#764,6.4E-1);
#766=CARTESIAN_POINT('',(4.07E0,4.62E0,7.5E0));
#767=LINE('',#766,#765);
#768=DIRECTION('',(0.E0,0.E0,1.E0));
#769=VECTOR('',#768,7.5E0);
#770=CARTESIAN_POINT('',(4.07E0,4.62E0,0.E0));
#771=LINE('',#770,#769);
#772=DIRECTION('',(0.E0,0.E0,1.E0));
#773=VECTOR('',#772,3.4E-1);
#774=CARTESIAN_POINT('',(4.07E0,4.62E0,-2.84E0));
#775=LINE('',#774,#773);
#776=CARTESIAN_POINT('',(4.07E0,3.34E0,-2.84E0));
#777=DIRECTION('',(1.E0,0.E0,0.E0));
#778=DIRECTION('',(0.E0,0.E0,-1.E0));
#779=AXIS2_PLACEMENT_3D('',#776,#777,#778);
#781=DIRECTION('',(0.E0,1.E0,0.E0));
#782=VECTOR('',#781,6.94E0);
#783=CARTESIAN_POINT('',(4.07E0,-3.6E0,-4.12E0));
#784=LINE('',#783,#782);
#785=DIRECTION('',(0.E0,0.E0,-1.E0));
#786=VECTOR('',#785,6.4E-1);
#787=CARTESIAN_POINT('',(4.07E0,-3.6E0,-3.48E0));
#788=LINE('',#787,#786);
#789=DIRECTION('',(0.E0,-1.E0,0.E0));
#790=VECTOR('',#789,6.94E0);
#791=CARTESIAN_POINT('',(4.07E0,3.34E0,-3.48E0));
#792=LINE('',#791,#790);
#793=CARTESIAN_POINT('',(4.07E0,3.34E0,-2.84E0));
#794=DIRECTION('',(-1.E0,0.E0,0.E0));
#795=DIRECTION('',(0.E0,1.E0,0.E0));
#796=AXIS2_PLACEMENT_3D('',#793,#794,#795);
#798=DIRECTION('',(0.E0,0.E0,-1.E0));
#799=VECTOR('',#798,3.4E-1);
#800=CARTESIAN_POINT('',(4.07E0,3.98E0,-2.5E0));
#801=LINE('',#800,#799);
#802=DIRECTION('',(1.E0,0.E0,0.E0));
#803=VECTOR('',#802,6.4E-1);
#804=CARTESIAN_POINT('',(3.43E0,3.98E0,7.5E0));
#805=LINE('',#804,#803);
#806=DIRECTION('',(1.E0,0.E0,0.E0));
#807=VECTOR('',#806,6.4E-1);
#808=CARTESIAN_POINT('',(3.43E0,4.62E0,7.5E0));
#809=LINE('',#808,#807);
#810=DIRECTION('',(1.E0,0.E0,0.E0));
#811=VECTOR('',#810,6.4E-1);
#812=CARTESIAN_POINT('',(3.43E0,3.98E0,-2.84E0));
#813=LINE('',#812,#811);
#814=DIRECTION('',(1.E0,0.E0,0.E0));
#815=VECTOR('',#814,6.4E-1);
#816=CARTESIAN_POINT('',(3.43E0,3.34E0,-3.48E0));
#817=LINE('',#816,#815);
#818=DIRECTION('',(1.E0,0.E0,0.E0));
#819=VECTOR('',#818,6.4E-1);
#820=CARTESIAN_POINT('',(3.43E0,-3.6E0,-3.48E0));
#821=LINE('',#820,#819);
#822=DIRECTION('',(1.E0,0.E0,0.E0));
#823=VECTOR('',#822,6.4E-1);
#824=CARTESIAN_POINT('',(3.43E0,-3.6E0,-4.12E0));
#825=LINE('',#824,#823);
#826=DIRECTION('',(1.E0,0.E0,0.E0));
#827=VECTOR('',#826,6.4E-1);
#828=CARTESIAN_POINT('',(3.43E0,3.34E0,-4.12E0));
#829=LINE('',#828,#827);
#830=DIRECTION('',(0.E0,0.E0,1.E0));
#831=VECTOR('',#830,7.5E0);
#832=CARTESIAN_POINT('',(9.3E-1,4.62E0,0.E0));
#833=LINE('',#832,#831);
#834=DIRECTION('',(0.E0,-1.E0,0.E0));
#835=VECTOR('',#834,6.4E-1);
#836=CARTESIAN_POINT('',(9.3E-1,4.62E0,7.5E0));
#837=LINE('',#836,#835);
#838=DIRECTION('',(0.E0,0.E0,-1.E0));
#839=VECTOR('',#838,7.5E0);
#840=CARTESIAN_POINT('',(9.3E-1,3.98E0,7.5E0));
#841=LINE('',#840,#839);
#842=DIRECTION('',(0.E0,0.E0,-1.E0));
#843=VECTOR('',#842,3.4E-1);
#844=CARTESIAN_POINT('',(9.3E-1,3.98E0,-2.5E0));
#845=LINE('',#844,#843);
#846=CARTESIAN_POINT('',(9.3E-1,3.34E0,-2.84E0));
#847=DIRECTION('',(-1.E0,0.E0,0.E0));
#848=DIRECTION('',(0.E0,1.E0,0.E0));
#849=AXIS2_PLACEMENT_3D('',#846,#847,#848);
#851=DIRECTION('',(0.E0,-1.E0,0.E0));
#852=VECTOR('',#851,6.94E0);
#853=CARTESIAN_POINT('',(9.3E-1,3.34E0,-3.48E0));
#854=LINE('',#853,#852);
#855=DIRECTION('',(0.E0,0.E0,-1.E0));
#856=VECTOR('',#855,6.4E-1);
#857=CARTESIAN_POINT('',(9.3E-1,-3.6E0,-3.48E0));
#858=LINE('',#857,#856);
#859=DIRECTION('',(0.E0,1.E0,0.E0));
#860=VECTOR('',#859,6.94E0);
#861=CARTESIAN_POINT('',(9.3E-1,-3.6E0,-4.12E0));
#862=LINE('',#861,#860);
#863=CARTESIAN_POINT('',(9.3E-1,3.34E0,-2.84E0));
#864=DIRECTION('',(1.E0,0.E0,0.E0));
#865=DIRECTION('',(0.E0,0.E0,-1.E0));
#866=AXIS2_PLACEMENT_3D('',#863,#864,#865);
#868=DIRECTION('',(0.E0,0.E0,1.E0));
#869=VECTOR('',#868,3.4E-1);
#870=CARTESIAN_POINT('',(9.3E-1,4.62E0,-2.84E0));
#871=LINE('',#870,#869);
#872=DIRECTION('',(1.E0,0.E0,0.E0));
#873=VECTOR('',#872,6.4E-1);
#874=CARTESIAN_POINT('',(9.3E-1,4.62E0,-2.84E0));
#875=LINE('',#874,#873);
#876=DIRECTION('',(0.E0,0.E0,-1.E0));
#877=VECTOR('',#876,7.5E0);
#878=CARTESIAN_POINT('',(1.57E0,3.98E0,7.5E0));
#879=LINE('',#878,#877);
#880=DIRECTION('',(0.E0,-1.E0,0.E0));
#881=VECTOR('',#880,6.4E-1);
#882=CARTESIAN_POINT('',(1.57E0,4.62E0,7.5E0));
#883=LINE('',#882,#881);
#884=DIRECTION('',(0.E0,0.E0,1.E0));
#885=VECTOR('',#884,7.5E0);
#886=CARTESIAN_POINT('',(1.57E0,4.62E0,0.E0));
#887=LINE('',#886,#885);
#888=DIRECTION('',(0.E0,0.E0,1.E0));
#889=VECTOR('',#888,3.4E-1);
#890=CARTESIAN_POINT('',(1.57E0,4.62E0,-2.84E0));
#891=LINE('',#890,#889);
#892=CARTESIAN_POINT('',(1.57E0,3.34E0,-2.84E0));
#893=DIRECTION('',(1.E0,0.E0,0.E0));
#894=DIRECTION('',(0.E0,0.E0,-1.E0));
#895=AXIS2_PLACEMENT_3D('',#892,#893,#894);
#897=DIRECTION('',(0.E0,1.E0,0.E0));
#898=VECTOR('',#897,6.94E0);
#899=CARTESIAN_POINT('',(1.57E0,-3.6E0,-4.12E0));
#900=LINE('',#899,#898);
#901=DIRECTION('',(0.E0,0.E0,-1.E0));
#902=VECTOR('',#901,6.4E-1);
#903=CARTESIAN_POINT('',(1.57E0,-3.6E0,-3.48E0));
#904=LINE('',#903,#902);
#905=DIRECTION('',(0.E0,-1.E0,0.E0));
#906=VECTOR('',#905,6.94E0);
#907=CARTESIAN_POINT('',(1.57E0,3.34E0,-3.48E0));
#908=LINE('',#907,#906);
#909=CARTESIAN_POINT('',(1.57E0,3.34E0,-2.84E0));
#910=DIRECTION('',(-1.E0,0.E0,0.E0));
#911=DIRECTION('',(0.E0,1.E0,0.E0));
#912=AXIS2_PLACEMENT_3D('',#909,#910,#911);
#914=DIRECTION('',(0.E0,0.E0,-1.E0));
#915=VECTOR('',#914,3.4E-1);
#916=CARTESIAN_POINT('',(1.57E0,3.98E0,-2.5E0));
#917=LINE('',#916,#915);
#918=DIRECTION('',(1.E0,0.E0,0.E0));
#919=VECTOR('',#918,6.4E-1);
#920=CARTESIAN_POINT('',(9.3E-1,3.98E0,7.5E0));
#921=LINE('',#920,#919);
#922=DIRECTION('',(1.E0,0.E0,0.E0));
#923=VECTOR('',#922,6.4E-1);
#924=CARTESIAN_POINT('',(9.3E-1,4.62E0,7.5E0));
#925=LINE('',#924,#923);
#926=DIRECTION('',(1.E0,0.E0,0.E0));
#927=VECTOR('',#926,6.4E-1);
#928=CARTESIAN_POINT('',(9.3E-1,3.98E0,-2.84E0));
#929=LINE('',#928,#927);
#930=DIRECTION('',(1.E0,0.E0,0.E0));
#931=VECTOR('',#930,6.4E-1);
#932=CARTESIAN_POINT('',(9.3E-1,3.34E0,-3.48E0));
#933=LINE('',#932,#931);
#934=DIRECTION('',(1.E0,0.E0,0.E0));
#935=VECTOR('',#934,6.4E-1);
#936=CARTESIAN_POINT('',(9.3E-1,-3.6E0,-3.48E0));
#937=LINE('',#936,#935);
#938=DIRECTION('',(1.E0,0.E0,0.E0));
#939=VECTOR('',#938,6.4E-1);
#940=CARTESIAN_POINT('',(9.3E-1,-3.6E0,-4.12E0));
#941=LINE('',#940,#939);
#942=DIRECTION('',(1.E0,0.E0,0.E0));
#943=VECTOR('',#942,6.4E-1);
#944=CARTESIAN_POINT('',(9.3E-1,3.34E0,-4.12E0));
#945=LINE('',#944,#943);
#946=DIRECTION('',(0.E0,0.E0,1.E0));
#947=VECTOR('',#946,7.5E0);
#948=CARTESIAN_POINT('',(-1.57E0,4.62E0,0.E0));
#949=LINE('',#948,#947);
#950=DIRECTION('',(0.E0,-1.E0,0.E0));
#951=VECTOR('',#950,6.4E-1);
#952=CARTESIAN_POINT('',(-1.57E0,4.62E0,7.5E0));
#953=LINE('',#952,#951);
#954=DIRECTION('',(0.E0,0.E0,-1.E0));
#955=VECTOR('',#954,7.5E0);
#956=CARTESIAN_POINT('',(-1.57E0,3.98E0,7.5E0));
#957=LINE('',#956,#955);
#958=DIRECTION('',(0.E0,0.E0,-1.E0));
#959=VECTOR('',#958,3.4E-1);
#960=CARTESIAN_POINT('',(-1.57E0,3.98E0,-2.5E0));
#961=LINE('',#960,#959);
#962=CARTESIAN_POINT('',(-1.57E0,3.34E0,-2.84E0));
#963=DIRECTION('',(-1.E0,0.E0,0.E0));
#964=DIRECTION('',(0.E0,1.E0,0.E0));
#965=AXIS2_PLACEMENT_3D('',#962,#963,#964);
#967=DIRECTION('',(0.E0,-1.E0,0.E0));
#968=VECTOR('',#967,6.94E0);
#969=CARTESIAN_POINT('',(-1.57E0,3.34E0,-3.48E0));
#970=LINE('',#969,#968);
#971=DIRECTION('',(0.E0,0.E0,-1.E0));
#972=VECTOR('',#971,6.4E-1);
#973=CARTESIAN_POINT('',(-1.57E0,-3.6E0,-3.48E0));
#974=LINE('',#973,#972);
#975=DIRECTION('',(0.E0,1.E0,0.E0));
#976=VECTOR('',#975,6.94E0);
#977=CARTESIAN_POINT('',(-1.57E0,-3.6E0,-4.12E0));
#978=LINE('',#977,#976);
#979=CARTESIAN_POINT('',(-1.57E0,3.34E0,-2.84E0));
#980=DIRECTION('',(1.E0,0.E0,0.E0));
#981=DIRECTION('',(0.E0,0.E0,-1.E0));
#982=AXIS2_PLACEMENT_3D('',#979,#980,#981);
#984=DIRECTION('',(0.E0,0.E0,1.E0));
#985=VECTOR('',#984,3.4E-1);
#986=CARTESIAN_POINT('',(-1.57E0,4.62E0,-2.84E0));
#987=LINE('',#986,#985);
#988=DIRECTION('',(1.E0,0.E0,0.E0));
#989=VECTOR('',#988,6.4E-1);
#990=CARTESIAN_POINT('',(-1.57E0,4.62E0,-2.84E0));
#991=LINE('',#990,#989);
#992=DIRECTION('',(0.E0,0.E0,-1.E0));
#993=VECTOR('',#992,7.5E0);
#994=CARTESIAN_POINT('',(-9.3E-1,3.98E0,7.5E0));
#995=LINE('',#994,#993);
#996=DIRECTION('',(0.E0,-1.E0,0.E0));
#997=VECTOR('',#996,6.4E-1);
#998=CARTESIAN_POINT('',(-9.3E-1,4.62E0,7.5E0));
#999=LINE('',#998,#997);
#1000=DIRECTION('',(0.E0,0.E0,1.E0));
#1001=VECTOR('',#1000,7.5E0);
#1002=CARTESIAN_POINT('',(-9.3E-1,4.62E0,0.E0));
#1003=LINE('',#1002,#1001);
#1004=DIRECTION('',(0.E0,0.E0,1.E0));
#1005=VECTOR('',#1004,3.4E-1);
#1006=CARTESIAN_POINT('',(-9.3E-1,4.62E0,-2.84E0));
#1007=LINE('',#1006,#1005);
#1008=CARTESIAN_POINT('',(-9.3E-1,3.34E0,-2.84E0));
#1009=DIRECTION('',(1.E0,0.E0,0.E0));
#1010=DIRECTION('',(0.E0,0.E0,-1.E0));
#1011=AXIS2_PLACEMENT_3D('',#1008,#1009,#1010);
#1013=DIRECTION('',(0.E0,1.E0,0.E0));
#1014=VECTOR('',#1013,6.94E0);
#1015=CARTESIAN_POINT('',(-9.3E-1,-3.6E0,-4.12E0));
#1016=LINE('',#1015,#1014);
#1017=DIRECTION('',(0.E0,0.E0,-1.E0));
#1018=VECTOR('',#1017,6.4E-1);
#1019=CARTESIAN_POINT('',(-9.3E-1,-3.6E0,-3.48E0));
#1020=LINE('',#1019,#1018);
#1021=DIRECTION('',(0.E0,-1.E0,0.E0));
#1022=VECTOR('',#1021,6.94E0);
#1023=CARTESIAN_POINT('',(-9.3E-1,3.34E0,-3.48E0));
#1024=LINE('',#1023,#1022);
#1025=CARTESIAN_POINT('',(-9.3E-1,3.34E0,-2.84E0));
#1026=DIRECTION('',(-1.E0,0.E0,0.E0));
#1027=DIRECTION('',(0.E0,1.E0,0.E0));
#1028=AXIS2_PLACEMENT_3D('',#1025,#1026,#1027);
#1030=DIRECTION('',(0.E0,0.E0,-1.E0));
#1031=VECTOR('',#1030,3.4E-1);
#1032=CARTESIAN_POINT('',(-9.3E-1,3.98E0,-2.5E0));
#1033=LINE('',#1032,#1031);
#1034=DIRECTION('',(1.E0,0.E0,0.E0));
#1035=VECTOR('',#1034,6.4E-1);
#1036=CARTESIAN_POINT('',(-1.57E0,3.98E0,7.5E0));
#1037=LINE('',#1036,#1035);
#1038=DIRECTION('',(1.E0,0.E0,0.E0));
#1039=VECTOR('',#1038,6.4E-1);
#1040=CARTESIAN_POINT('',(-1.57E0,4.62E0,7.5E0));
#1041=LINE('',#1040,#1039);
#1042=DIRECTION('',(1.E0,0.E0,0.E0));
#1043=VECTOR('',#1042,6.4E-1);
#1044=CARTESIAN_POINT('',(-1.57E0,3.98E0,-2.84E0));
#1045=LINE('',#1044,#1043);
#1046=DIRECTION('',(1.E0,0.E0,0.E0));
#1047=VECTOR('',#1046,6.4E-1);
#1048=CARTESIAN_POINT('',(-1.57E0,3.34E0,-3.48E0));
#1049=LINE('',#1048,#1047);
#1050=DIRECTION('',(1.E0,0.E0,0.E0));
#1051=VECTOR('',#1050,6.4E-1);
#1052=CARTESIAN_POINT('',(-1.57E0,-3.6E0,-3.48E0));
#1053=LINE('',#1052,#1051);
#1054=DIRECTION('',(1.E0,0.E0,0.E0));
#1055=VECTOR('',#1054,6.4E-1);
#1056=CARTESIAN_POINT('',(-1.57E0,-3.6E0,-4.12E0));
#1057=LINE('',#1056,#1055);
#1058=DIRECTION('',(1.E0,0.E0,0.E0));
#1059=VECTOR('',#1058,6.4E-1);
#1060=CARTESIAN_POINT('',(-1.57E0,3.34E0,-4.12E0));
#1061=LINE('',#1060,#1059);
#1062=DIRECTION('',(0.E0,0.E0,1.E0));
#1063=VECTOR('',#1062,7.5E0);
#1064=CARTESIAN_POINT('',(-4.07E0,4.62E0,0.E0));
#1065=LINE('',#1064,#1063);
#1066=DIRECTION('',(0.E0,-1.E0,0.E0));
#1067=VECTOR('',#1066,6.4E-1);
#1068=CARTESIAN_POINT('',(-4.07E0,4.62E0,7.5E0));
#1069=LINE('',#1068,#1067);
#1070=DIRECTION('',(0.E0,0.E0,-1.E0));
#1071=VECTOR('',#1070,7.5E0);
#1072=CARTESIAN_POINT('',(-4.07E0,3.98E0,7.5E0));
#1073=LINE('',#1072,#1071);
#1074=DIRECTION('',(0.E0,0.E0,-1.E0));
#1075=VECTOR('',#1074,3.4E-1);
#1076=CARTESIAN_POINT('',(-4.07E0,3.98E0,-2.5E0));
#1077=LINE('',#1076,#1075);
#1078=CARTESIAN_POINT('',(-4.07E0,3.34E0,-2.84E0));
#1079=DIRECTION('',(-1.E0,0.E0,0.E0));
#1080=DIRECTION('',(0.E0,1.E0,0.E0));
#1081=AXIS2_PLACEMENT_3D('',#1078,#1079,#1080);
#1083=DIRECTION('',(0.E0,-1.E0,0.E0));
#1084=VECTOR('',#1083,6.94E0);
#1085=CARTESIAN_POINT('',(-4.07E0,3.34E0,-3.48E0));
#1086=LINE('',#1085,#1084);
#1087=DIRECTION('',(0.E0,0.E0,-1.E0));
#1088=VECTOR('',#1087,6.4E-1);
#1089=CARTESIAN_POINT('',(-4.07E0,-3.6E0,-3.48E0));
#1090=LINE('',#1089,#1088);
#1091=DIRECTION('',(0.E0,1.E0,0.E0));
#1092=VECTOR('',#1091,6.94E0);
#1093=CARTESIAN_POINT('',(-4.07E0,-3.6E0,-4.12E0));
#1094=LINE('',#1093,#1092);
#1095=CARTESIAN_POINT('',(-4.07E0,3.34E0,-2.84E0));
#1096=DIRECTION('',(1.E0,0.E0,0.E0));
#1097=DIRECTION('',(0.E0,0.E0,-1.E0));
#1098=AXIS2_PLACEMENT_3D('',#1095,#1096,#1097);
#1100=DIRECTION('',(0.E0,0.E0,1.E0));
#1101=VECTOR('',#1100,3.4E-1);
#1102=CARTESIAN_POINT('',(-4.07E0,4.62E0,-2.84E0));
#1103=LINE('',#1102,#1101);
#1104=DIRECTION('',(1.E0,0.E0,0.E0));
#1105=VECTOR('',#1104,6.4E-1);
#1106=CARTESIAN_POINT('',(-4.07E0,4.62E0,-2.84E0));
#1107=LINE('',#1106,#1105);
#1108=DIRECTION('',(0.E0,0.E0,-1.E0));
#1109=VECTOR('',#1108,7.5E0);
#1110=CARTESIAN_POINT('',(-3.43E0,3.98E0,7.5E0));
#1111=LINE('',#1110,#1109);
#1112=DIRECTION('',(0.E0,-1.E0,0.E0));
#1113=VECTOR('',#1112,6.4E-1);
#1114=CARTESIAN_POINT('',(-3.43E0,4.62E0,7.5E0));
#1115=LINE('',#1114,#1113);
#1116=DIRECTION('',(0.E0,0.E0,1.E0));
#1117=VECTOR('',#1116,7.5E0);
#1118=CARTESIAN_POINT('',(-3.43E0,4.62E0,0.E0));
#1119=LINE('',#1118,#1117);
#1120=DIRECTION('',(0.E0,0.E0,1.E0));
#1121=VECTOR('',#1120,3.4E-1);
#1122=CARTESIAN_POINT('',(-3.43E0,4.62E0,-2.84E0));
#1123=LINE('',#1122,#1121);
#1124=CARTESIAN_POINT('',(-3.43E0,3.34E0,-2.84E0));
#1125=DIRECTION('',(1.E0,0.E0,0.E0));
#1126=DIRECTION('',(0.E0,0.E0,-1.E0));
#1127=AXIS2_PLACEMENT_3D('',#1124,#1125,#1126);
#1129=DIRECTION('',(0.E0,1.E0,0.E0));
#1130=VECTOR('',#1129,6.94E0);
#1131=CARTESIAN_POINT('',(-3.43E0,-3.6E0,-4.12E0));
#1132=LINE('',#1131,#1130);
#1133=DIRECTION('',(0.E0,0.E0,-1.E0));
#1134=VECTOR('',#1133,6.4E-1);
#1135=CARTESIAN_POINT('',(-3.43E0,-3.6E0,-3.48E0));
#1136=LINE('',#1135,#1134);
#1137=DIRECTION('',(0.E0,-1.E0,0.E0));
#1138=VECTOR('',#1137,6.94E0);
#1139=CARTESIAN_POINT('',(-3.43E0,3.34E0,-3.48E0));
#1140=LINE('',#1139,#1138);
#1141=CARTESIAN_POINT('',(-3.43E0,3.34E0,-2.84E0));
#1142=DIRECTION('',(-1.E0,0.E0,0.E0));
#1143=DIRECTION('',(0.E0,1.E0,0.E0));
#1144=AXIS2_PLACEMENT_3D('',#1141,#1142,#1143);
#1146=DIRECTION('',(0.E0,0.E0,-1.E0));
#1147=VECTOR('',#1146,3.4E-1);
#1148=CARTESIAN_POINT('',(-3.43E0,3.98E0,-2.5E0));
#1149=LINE('',#1148,#1147);
#1150=DIRECTION('',(1.E0,0.E0,0.E0));
#1151=VECTOR('',#1150,6.4E-1);
#1152=CARTESIAN_POINT('',(-4.07E0,3.98E0,7.5E0));
#1153=LINE('',#1152,#1151);
#1154=DIRECTION('',(1.E0,0.E0,0.E0));
#1155=VECTOR('',#1154,6.4E-1);
#1156=CARTESIAN_POINT('',(-4.07E0,4.62E0,7.5E0));
#1157=LINE('',#1156,#1155);
#1158=DIRECTION('',(1.E0,0.E0,0.E0));
#1159=VECTOR('',#1158,6.4E-1);
#1160=CARTESIAN_POINT('',(-4.07E0,3.98E0,-2.84E0));
#1161=LINE('',#1160,#1159);
#1162=DIRECTION('',(1.E0,0.E0,0.E0));
#1163=VECTOR('',#1162,6.4E-1);
#1164=CARTESIAN_POINT('',(-4.07E0,3.34E0,-3.48E0));
#1165=LINE('',#1164,#1163);
#1166=DIRECTION('',(1.E0,0.E0,0.E0));
#1167=VECTOR('',#1166,6.4E-1);
#1168=CARTESIAN_POINT('',(-4.07E0,-3.6E0,-3.48E0));
#1169=LINE('',#1168,#1167);
#1170=DIRECTION('',(1.E0,0.E0,0.E0));
#1171=VECTOR('',#1170,6.4E-1);
#1172=CARTESIAN_POINT('',(-4.07E0,-3.6E0,-4.12E0));
#1173=LINE('',#1172,#1171);
#1174=DIRECTION('',(1.E0,0.E0,0.E0));
#1175=VECTOR('',#1174,6.4E-1);
#1176=CARTESIAN_POINT('',(-4.07E0,3.34E0,-4.12E0));
#1177=LINE('',#1176,#1175);
#1178=DIRECTION('',(0.E0,0.E0,1.E0));
#1179=VECTOR('',#1178,7.5E0);
#1180=CARTESIAN_POINT('',(-6.57E0,4.62E0,0.E0));
#1181=LINE('',#1180,#1179);
#1182=DIRECTION('',(0.E0,-1.E0,0.E0));
#1183=VECTOR('',#1182,6.4E-1);
#1184=CARTESIAN_POINT('',(-6.57E0,4.62E0,7.5E0));
#1185=LINE('',#1184,#1183);
#1186=DIRECTION('',(0.E0,0.E0,-1.E0));
#1187=VECTOR('',#1186,7.5E0);
#1188=CARTESIAN_POINT('',(-6.57E0,3.98E0,7.5E0));
#1189=LINE('',#1188,#1187);
#1190=DIRECTION('',(0.E0,0.E0,-1.E0));
#1191=VECTOR('',#1190,3.4E-1);
#1192=CARTESIAN_POINT('',(-6.57E0,3.98E0,-2.5E0));
#1193=LINE('',#1192,#1191);
#1194=CARTESIAN_POINT('',(-6.57E0,3.34E0,-2.84E0));
#1195=DIRECTION('',(-1.E0,0.E0,0.E0));
#1196=DIRECTION('',(0.E0,1.E0,0.E0));
#1197=AXIS2_PLACEMENT_3D('',#1194,#1195,#1196);
#1199=DIRECTION('',(0.E0,-1.E0,0.E0));
#1200=VECTOR('',#1199,6.94E0);
#1201=CARTESIAN_POINT('',(-6.57E0,3.34E0,-3.48E0));
#1202=LINE('',#1201,#1200);
#1203=DIRECTION('',(0.E0,0.E0,-1.E0));
#1204=VECTOR('',#1203,6.4E-1);
#1205=CARTESIAN_POINT('',(-6.57E0,-3.6E0,-3.48E0));
#1206=LINE('',#1205,#1204);
#1207=DIRECTION('',(0.E0,1.E0,0.E0));
#1208=VECTOR('',#1207,6.94E0);
#1209=CARTESIAN_POINT('',(-6.57E0,-3.6E0,-4.12E0));
#1210=LINE('',#1209,#1208);
#1211=CARTESIAN_POINT('',(-6.57E0,3.34E0,-2.84E0));
#1212=DIRECTION('',(1.E0,0.E0,0.E0));
#1213=DIRECTION('',(0.E0,0.E0,-1.E0));
#1214=AXIS2_PLACEMENT_3D('',#1211,#1212,#1213);
#1216=DIRECTION('',(0.E0,0.E0,1.E0));
#1217=VECTOR('',#1216,3.4E-1);
#1218=CARTESIAN_POINT('',(-6.57E0,4.62E0,-2.84E0));
#1219=LINE('',#1218,#1217);
#1220=DIRECTION('',(1.E0,0.E0,0.E0));
#1221=VECTOR('',#1220,6.4E-1);
#1222=CARTESIAN_POINT('',(-6.57E0,4.62E0,-2.84E0));
#1223=LINE('',#1222,#1221);
#1224=DIRECTION('',(0.E0,0.E0,-1.E0));
#1225=VECTOR('',#1224,7.5E0);
#1226=CARTESIAN_POINT('',(-5.93E0,3.98E0,7.5E0));
#1227=LINE('',#1226,#1225);
#1228=DIRECTION('',(0.E0,-1.E0,0.E0));
#1229=VECTOR('',#1228,6.4E-1);
#1230=CARTESIAN_POINT('',(-5.93E0,4.62E0,7.5E0));
#1231=LINE('',#1230,#1229);
#1232=DIRECTION('',(0.E0,0.E0,1.E0));
#1233=VECTOR('',#1232,7.5E0);
#1234=CARTESIAN_POINT('',(-5.93E0,4.62E0,0.E0));
#1235=LINE('',#1234,#1233);
#1236=DIRECTION('',(0.E0,0.E0,1.E0));
#1237=VECTOR('',#1236,3.4E-1);
#1238=CARTESIAN_POINT('',(-5.93E0,4.62E0,-2.84E0));
#1239=LINE('',#1238,#1237);
#1240=CARTESIAN_POINT('',(-5.93E0,3.34E0,-2.84E0));
#1241=DIRECTION('',(1.E0,0.E0,0.E0));
#1242=DIRECTION('',(0.E0,0.E0,-1.E0));
#1243=AXIS2_PLACEMENT_3D('',#1240,#1241,#1242);
#1245=DIRECTION('',(0.E0,1.E0,0.E0));
#1246=VECTOR('',#1245,6.94E0);
#1247=CARTESIAN_POINT('',(-5.93E0,-3.6E0,-4.12E0));
#1248=LINE('',#1247,#1246);
#1249=DIRECTION('',(0.E0,0.E0,-1.E0));
#1250=VECTOR('',#1249,6.4E-1);
#1251=CARTESIAN_POINT('',(-5.93E0,-3.6E0,-3.48E0));
#1252=LINE('',#1251,#1250);
#1253=DIRECTION('',(0.E0,-1.E0,0.E0));
#1254=VECTOR('',#1253,6.94E0);
#1255=CARTESIAN_POINT('',(-5.93E0,3.34E0,-3.48E0));
#1256=LINE('',#1255,#1254);
#1257=CARTESIAN_POINT('',(-5.93E0,3.34E0,-2.84E0));
#1258=DIRECTION('',(-1.E0,0.E0,0.E0));
#1259=DIRECTION('',(0.E0,1.E0,0.E0));
#1260=AXIS2_PLACEMENT_3D('',#1257,#1258,#1259);
#1262=DIRECTION('',(0.E0,0.E0,-1.E0));
#1263=VECTOR('',#1262,3.4E-1);
#1264=CARTESIAN_POINT('',(-5.93E0,3.98E0,-2.5E0));
#1265=LINE('',#1264,#1263);
#1266=DIRECTION('',(1.E0,0.E0,0.E0));
#1267=VECTOR('',#1266,6.4E-1);
#1268=CARTESIAN_POINT('',(-6.57E0,3.98E0,7.5E0));
#1269=LINE('',#1268,#1267);
#1270=DIRECTION('',(1.E0,0.E0,0.E0));
#1271=VECTOR('',#1270,6.4E-1);
#1272=CARTESIAN_POINT('',(-6.57E0,4.62E0,7.5E0));
#1273=LINE('',#1272,#1271);
#1274=DIRECTION('',(1.E0,0.E0,0.E0));
#1275=VECTOR('',#1274,6.4E-1);
#1276=CARTESIAN_POINT('',(-6.57E0,3.98E0,-2.84E0));
#1277=LINE('',#1276,#1275);
#1278=DIRECTION('',(1.E0,0.E0,0.E0));
#1279=VECTOR('',#1278,6.4E-1);
#1280=CARTESIAN_POINT('',(-6.57E0,3.34E0,-3.48E0));
#1281=LINE('',#1280,#1279);
#1282=DIRECTION('',(1.E0,0.E0,0.E0));
#1283=VECTOR('',#1282,6.4E-1);
#1284=CARTESIAN_POINT('',(-6.57E0,-3.6E0,-3.48E0));
#1285=LINE('',#1284,#1283);
#1286=DIRECTION('',(1.E0,0.E0,0.E0));
#1287=VECTOR('',#1286,6.4E-1);
#1288=CARTESIAN_POINT('',(-6.57E0,-3.6E0,-4.12E0));
#1289=LINE('',#1288,#1287);
#1290=DIRECTION('',(1.E0,0.E0,0.E0));
#1291=VECTOR('',#1290,6.4E-1);
#1292=CARTESIAN_POINT('',(-6.57E0,3.34E0,-4.12E0));
#1293=LINE('',#1292,#1291);
#1294=CARTESIAN_POINT('',(-7.5E0,6.7E0,0.E0));
#1295=CARTESIAN_POINT('',(-7.5E0,2.9E0,0.E0));
#1296=VERTEX_POINT('',#1294);
#1297=VERTEX_POINT('',#1295);
#1298=CARTESIAN_POINT('',(-7.5E0,2.7E0,2.E-1));
#1299=CARTESIAN_POINT('',(-7.5E0,2.7E0,7.1E0));
#1300=VERTEX_POINT('',#1298);
#1301=VERTEX_POINT('',#1299);
#1302=CARTESIAN_POINT('',(-7.5E0,2.3E0,7.5E0));
#1303=CARTESIAN_POINT('',(-7.5E0,1.8E0,7.5E0));
#1304=VERTEX_POINT('',#1302);
#1305=VERTEX_POINT('',#1303);
#1306=CARTESIAN_POINT('',(-7.5E0,6.7E0,-2.5E0));
#1307=VERTEX_POINT('',#1306);
#1308=CARTESIAN_POINT('',(7.5E0,6.7E0,0.E0));
#1309=CARTESIAN_POINT('',(7.5E0,2.9E0,0.E0));
#1310=VERTEX_POINT('',#1308);
#1311=VERTEX_POINT('',#1309);
#1312=CARTESIAN_POINT('',(7.5E0,2.7E0,2.E-1));
#1313=CARTESIAN_POINT('',(7.5E0,2.7E0,7.1E0));
#1314=VERTEX_POINT('',#1312);
#1315=VERTEX_POINT('',#1313);
#1316=CARTESIAN_POINT('',(7.5E0,2.3E0,7.5E0));
#1317=CARTESIAN_POINT('',(7.5E0,1.8E0,7.5E0));
#1318=VERTEX_POINT('',#1316);
#1319=VERTEX_POINT('',#1317);
#1320=CARTESIAN_POINT('',(7.5E0,6.7E0,-2.5E0));
#1321=VERTEX_POINT('',#1320);
#1322=CARTESIAN_POINT('',(7.5E0,0.E0,0.E0));
#1323=CARTESIAN_POINT('',(7.5E0,0.E0,-6.E0));
#1324=VERTEX_POINT('',#1322);
#1325=VERTEX_POINT('',#1323);
#1326=CARTESIAN_POINT('',(7.5E0,3.7E0,-6.E0));
#1327=VERTEX_POINT('',#1326);
#1328=CARTESIAN_POINT('',(7.5E0,5.2E0,-4.5E0));
#1329=VERTEX_POINT('',#1328);
#1330=CARTESIAN_POINT('',(6.7E0,0.E0,0.E0));
#1331=CARTESIAN_POINT('',(6.7E0,0.E0,-6.E0));
#1332=VERTEX_POINT('',#1330);
#1333=VERTEX_POINT('',#1331);
#1334=CARTESIAN_POINT('',(6.7E0,1.8E0,-2.182611434725E0));
#1335=CARTESIAN_POINT('',(6.7E0,1.8E0,0.E0));
#1336=VERTEX_POINT('',#1334);
#1337=VERTEX_POINT('',#1335);
#1338=CARTESIAN_POINT('',(7.5E0,1.8E0,0.E0));
#1339=VERTEX_POINT('',#1338);
#1340=CARTESIAN_POINT('',(6.7E0,3.6E0,-2.5E0));
#1341=VERTEX_POINT('',#1340);
#1342=CARTESIAN_POINT('',(7.5E0,5.2E0,-2.5E0));
#1343=VERTEX_POINT('',#1342);
#1344=CARTESIAN_POINT('',(-7.5E0,5.2E0,-4.5E0));
#1345=CARTESIAN_POINT('',(-7.5E0,3.7E0,-6.E0));
#1346=VERTEX_POINT('',#1344);
#1347=VERTEX_POINT('',#1345);
#1348=CARTESIAN_POINT('',(-7.5E0,0.E0,-6.E0));
#1349=VERTEX_POINT('',#1348);
#1350=CARTESIAN_POINT('',(-7.5E0,0.E0,0.E0));
#1351=VERTEX_POINT('',#1350);
#1352=CARTESIAN_POINT('',(-6.7E0,0.E0,-6.E0));
#1353=CARTESIAN_POINT('',(-6.7E0,0.E0,0.E0));
#1354=VERTEX_POINT('',#1352);
#1355=VERTEX_POINT('',#1353);
#1356=CARTESIAN_POINT('',(-6.7E0,1.8E0,-2.182611434725E0));
#1357=CARTESIAN_POINT('',(-6.7E0,1.8E0,0.E0));
#1358=VERTEX_POINT('',#1356);
#1359=VERTEX_POINT('',#1357);
#1360=CARTESIAN_POINT('',(-7.5E0,1.8E0,0.E0));
#1361=VERTEX_POINT('',#1360);
#1362=CARTESIAN_POINT('',(-6.7E0,3.6E0,-2.5E0));
#1363=VERTEX_POINT('',#1362);
#1364=CARTESIAN_POINT('',(-7.5E0,5.2E0,-2.5E0));
#1365=VERTEX_POINT('',#1364);
#1366=CARTESIAN_POINT('',(6.7E0,3.7E0,-6.E0));
#1367=CARTESIAN_POINT('',(6.7E0,3.7E0,-2.5E0));
#1368=VERTEX_POINT('',#1366);
#1369=VERTEX_POINT('',#1367);
#1370=CARTESIAN_POINT('',(7.1E0,5.2E0,-4.5E0));
#1371=VERTEX_POINT('',#1370);
#1372=CARTESIAN_POINT('',(7.1E0,5.2E0,-2.5E0));
#1373=VERTEX_POINT('',#1372);
#1374=CARTESIAN_POINT('',(-6.7E0,3.7E0,-6.E0));
#1375=CARTESIAN_POINT('',(-6.7E0,3.7E0,-2.5E0));
#1376=VERTEX_POINT('',#1374);
#1377=VERTEX_POINT('',#1375);
#1378=CARTESIAN_POINT('',(-7.1E0,5.2E0,-2.5E0));
#1379=CARTESIAN_POINT('',(-7.1E0,5.2E0,-4.5E0));
#1380=VERTEX_POINT('',#1378);
#1381=VERTEX_POINT('',#1379);
#1382=CARTESIAN_POINT('',(5.93E0,4.62E0,7.5E0));
#1383=CARTESIAN_POINT('',(5.93E0,3.98E0,7.5E0));
#1384=VERTEX_POINT('',#1382);
#1385=VERTEX_POINT('',#1383);
#1386=CARTESIAN_POINT('',(5.93E0,3.98E0,-2.84E0));
#1387=CARTESIAN_POINT('',(5.93E0,3.34E0,-3.48E0));
#1388=VERTEX_POINT('',#1386);
#1389=VERTEX_POINT('',#1387);
#1390=CARTESIAN_POINT('',(5.93E0,-3.6E0,-3.48E0));
#1391=VERTEX_POINT('',#1390);
#1392=CARTESIAN_POINT('',(5.93E0,-3.6E0,-4.12E0));
#1393=VERTEX_POINT('',#1392);
#1394=CARTESIAN_POINT('',(5.93E0,3.34E0,-4.12E0));
#1395=VERTEX_POINT('',#1394);
#1396=CARTESIAN_POINT('',(5.93E0,4.62E0,-2.84E0));
#1397=VERTEX_POINT('',#1396);
#1398=CARTESIAN_POINT('',(6.57E0,4.62E0,7.5E0));
#1399=CARTESIAN_POINT('',(6.57E0,3.98E0,7.5E0));
#1400=VERTEX_POINT('',#1398);
#1401=VERTEX_POINT('',#1399);
#1402=CARTESIAN_POINT('',(6.57E0,3.98E0,-2.84E0));
#1403=CARTESIAN_POINT('',(6.57E0,3.34E0,-3.48E0));
#1404=VERTEX_POINT('',#1402);
#1405=VERTEX_POINT('',#1403);
#1406=CARTESIAN_POINT('',(6.57E0,-3.6E0,-3.48E0));
#1407=VERTEX_POINT('',#1406);
#1408=CARTESIAN_POINT('',(6.57E0,-3.6E0,-4.12E0));
#1409=VERTEX_POINT('',#1408);
#1410=CARTESIAN_POINT('',(6.57E0,3.34E0,-4.12E0));
#1411=VERTEX_POINT('',#1410);
#1412=CARTESIAN_POINT('',(6.57E0,4.62E0,-2.84E0));
#1413=VERTEX_POINT('',#1412);
#1414=CARTESIAN_POINT('',(5.93E0,3.98E0,0.E0));
#1415=CARTESIAN_POINT('',(5.93E0,4.62E0,0.E0));
#1416=VERTEX_POINT('',#1414);
#1417=VERTEX_POINT('',#1415);
#1418=CARTESIAN_POINT('',(6.57E0,3.98E0,0.E0));
#1419=CARTESIAN_POINT('',(6.57E0,4.62E0,0.E0));
#1420=VERTEX_POINT('',#1418);
#1421=VERTEX_POINT('',#1419);
#1422=CARTESIAN_POINT('',(5.93E0,3.98E0,-2.5E0));
#1423=CARTESIAN_POINT('',(5.93E0,4.62E0,-2.5E0));
#1424=VERTEX_POINT('',#1422);
#1425=VERTEX_POINT('',#1423);
#1426=CARTESIAN_POINT('',(6.57E0,3.98E0,-2.5E0));
#1427=CARTESIAN_POINT('',(6.57E0,4.62E0,-2.5E0));
#1428=VERTEX_POINT('',#1426);
#1429=VERTEX_POINT('',#1427);
#1430=CARTESIAN_POINT('',(3.43E0,4.62E0,7.5E0));
#1431=CARTESIAN_POINT('',(3.43E0,3.98E0,7.5E0));
#1432=VERTEX_POINT('',#1430);
#1433=VERTEX_POINT('',#1431);
#1434=CARTESIAN_POINT('',(3.43E0,3.98E0,-2.84E0));
#1435=CARTESIAN_POINT('',(3.43E0,3.34E0,-3.48E0));
#1436=VERTEX_POINT('',#1434);
#1437=VERTEX_POINT('',#1435);
#1438=CARTESIAN_POINT('',(3.43E0,-3.6E0,-3.48E0));
#1439=VERTEX_POINT('',#1438);
#1440=CARTESIAN_POINT('',(3.43E0,-3.6E0,-4.12E0));
#1441=VERTEX_POINT('',#1440);
#1442=CARTESIAN_POINT('',(3.43E0,3.34E0,-4.12E0));
#1443=VERTEX_POINT('',#1442);
#1444=CARTESIAN_POINT('',(3.43E0,4.62E0,-2.84E0));
#1445=VERTEX_POINT('',#1444);
#1446=CARTESIAN_POINT('',(4.07E0,4.62E0,7.5E0));
#1447=CARTESIAN_POINT('',(4.07E0,3.98E0,7.5E0));
#1448=VERTEX_POINT('',#1446);
#1449=VERTEX_POINT('',#1447);
#1450=CARTESIAN_POINT('',(4.07E0,3.98E0,-2.84E0));
#1451=CARTESIAN_POINT('',(4.07E0,3.34E0,-3.48E0));
#1452=VERTEX_POINT('',#1450);
#1453=VERTEX_POINT('',#1451);
#1454=CARTESIAN_POINT('',(4.07E0,-3.6E0,-3.48E0));
#1455=VERTEX_POINT('',#1454);
#1456=CARTESIAN_POINT('',(4.07E0,-3.6E0,-4.12E0));
#1457=VERTEX_POINT('',#1456);
#1458=CARTESIAN_POINT('',(4.07E0,3.34E0,-4.12E0));
#1459=VERTEX_POINT('',#1458);
#1460=CARTESIAN_POINT('',(4.07E0,4.62E0,-2.84E0));
#1461=VERTEX_POINT('',#1460);
#1462=CARTESIAN_POINT('',(3.43E0,3.98E0,0.E0));
#1463=CARTESIAN_POINT('',(3.43E0,4.62E0,0.E0));
#1464=VERTEX_POINT('',#1462);
#1465=VERTEX_POINT('',#1463);
#1466=CARTESIAN_POINT('',(4.07E0,3.98E0,0.E0));
#1467=CARTESIAN_POINT('',(4.07E0,4.62E0,0.E0));
#1468=VERTEX_POINT('',#1466);
#1469=VERTEX_POINT('',#1467);
#1470=CARTESIAN_POINT('',(3.43E0,3.98E0,-2.5E0));
#1471=CARTESIAN_POINT('',(3.43E0,4.62E0,-2.5E0));
#1472=VERTEX_POINT('',#1470);
#1473=VERTEX_POINT('',#1471);
#1474=CARTESIAN_POINT('',(4.07E0,3.98E0,-2.5E0));
#1475=CARTESIAN_POINT('',(4.07E0,4.62E0,-2.5E0));
#1476=VERTEX_POINT('',#1474);
#1477=VERTEX_POINT('',#1475);
#1478=CARTESIAN_POINT('',(9.3E-1,4.62E0,7.5E0));
#1479=CARTESIAN_POINT('',(9.3E-1,3.98E0,7.5E0));
#1480=VERTEX_POINT('',#1478);
#1481=VERTEX_POINT('',#1479);
#1482=CARTESIAN_POINT('',(9.3E-1,3.98E0,-2.84E0));
#1483=CARTESIAN_POINT('',(9.3E-1,3.34E0,-3.48E0));
#1484=VERTEX_POINT('',#1482);
#1485=VERTEX_POINT('',#1483);
#1486=CARTESIAN_POINT('',(9.3E-1,-3.6E0,-3.48E0));
#1487=VERTEX_POINT('',#1486);
#1488=CARTESIAN_POINT('',(9.3E-1,-3.6E0,-4.12E0));
#1489=VERTEX_POINT('',#1488);
#1490=CARTESIAN_POINT('',(9.3E-1,3.34E0,-4.12E0));
#1491=VERTEX_POINT('',#1490);
#1492=CARTESIAN_POINT('',(9.3E-1,4.62E0,-2.84E0));
#1493=VERTEX_POINT('',#1492);
#1494=CARTESIAN_POINT('',(1.57E0,4.62E0,7.5E0));
#1495=CARTESIAN_POINT('',(1.57E0,3.98E0,7.5E0));
#1496=VERTEX_POINT('',#1494);
#1497=VERTEX_POINT('',#1495);
#1498=CARTESIAN_POINT('',(1.57E0,3.98E0,-2.84E0));
#1499=CARTESIAN_POINT('',(1.57E0,3.34E0,-3.48E0));
#1500=VERTEX_POINT('',#1498);
#1501=VERTEX_POINT('',#1499);
#1502=CARTESIAN_POINT('',(1.57E0,-3.6E0,-3.48E0));
#1503=VERTEX_POINT('',#1502);
#1504=CARTESIAN_POINT('',(1.57E0,-3.6E0,-4.12E0));
#1505=VERTEX_POINT('',#1504);
#1506=CARTESIAN_POINT('',(1.57E0,3.34E0,-4.12E0));
#1507=VERTEX_POINT('',#1506);
#1508=CARTESIAN_POINT('',(1.57E0,4.62E0,-2.84E0));
#1509=VERTEX_POINT('',#1508);
#1510=CARTESIAN_POINT('',(9.3E-1,3.98E0,0.E0));
#1511=CARTESIAN_POINT('',(9.3E-1,4.62E0,0.E0));
#1512=VERTEX_POINT('',#1510);
#1513=VERTEX_POINT('',#1511);
#1514=CARTESIAN_POINT('',(1.57E0,3.98E0,0.E0));
#1515=CARTESIAN_POINT('',(1.57E0,4.62E0,0.E0));
#1516=VERTEX_POINT('',#1514);
#1517=VERTEX_POINT('',#1515);
#1518=CARTESIAN_POINT('',(9.3E-1,3.98E0,-2.5E0));
#1519=CARTESIAN_POINT('',(9.3E-1,4.62E0,-2.5E0));
#1520=VERTEX_POINT('',#1518);
#1521=VERTEX_POINT('',#1519);
#1522=CARTESIAN_POINT('',(1.57E0,3.98E0,-2.5E0));
#1523=CARTESIAN_POINT('',(1.57E0,4.62E0,-2.5E0));
#1524=VERTEX_POINT('',#1522);
#1525=VERTEX_POINT('',#1523);
#1526=CARTESIAN_POINT('',(-1.57E0,4.62E0,7.5E0));
#1527=CARTESIAN_POINT('',(-1.57E0,3.98E0,7.5E0));
#1528=VERTEX_POINT('',#1526);
#1529=VERTEX_POINT('',#1527);
#1530=CARTESIAN_POINT('',(-1.57E0,3.98E0,-2.84E0));
#1531=CARTESIAN_POINT('',(-1.57E0,3.34E0,-3.48E0));
#1532=VERTEX_POINT('',#1530);
#1533=VERTEX_POINT('',#1531);
#1534=CARTESIAN_POINT('',(-1.57E0,-3.6E0,-3.48E0));
#1535=VERTEX_POINT('',#1534);
#1536=CARTESIAN_POINT('',(-1.57E0,-3.6E0,-4.12E0));
#1537=VERTEX_POINT('',#1536);
#1538=CARTESIAN_POINT('',(-1.57E0,3.34E0,-4.12E0));
#1539=VERTEX_POINT('',#1538);
#1540=CARTESIAN_POINT('',(-1.57E0,4.62E0,-2.84E0));
#1541=VERTEX_POINT('',#1540);
#1542=CARTESIAN_POINT('',(-9.3E-1,4.62E0,7.5E0));
#1543=CARTESIAN_POINT('',(-9.3E-1,3.98E0,7.5E0));
#1544=VERTEX_POINT('',#1542);
#1545=VERTEX_POINT('',#1543);
#1546=CARTESIAN_POINT('',(-9.3E-1,3.98E0,-2.84E0));
#1547=CARTESIAN_POINT('',(-9.3E-1,3.34E0,-3.48E0));
#1548=VERTEX_POINT('',#1546);
#1549=VERTEX_POINT('',#1547);
#1550=CARTESIAN_POINT('',(-9.3E-1,-3.6E0,-3.48E0));
#1551=VERTEX_POINT('',#1550);
#1552=CARTESIAN_POINT('',(-9.3E-1,-3.6E0,-4.12E0));
#1553=VERTEX_POINT('',#1552);
#1554=CARTESIAN_POINT('',(-9.3E-1,3.34E0,-4.12E0));
#1555=VERTEX_POINT('',#1554);
#1556=CARTESIAN_POINT('',(-9.3E-1,4.62E0,-2.84E0));
#1557=VERTEX_POINT('',#1556);
#1558=CARTESIAN_POINT('',(-1.57E0,3.98E0,0.E0));
#1559=CARTESIAN_POINT('',(-1.57E0,4.62E0,0.E0));
#1560=VERTEX_POINT('',#1558);
#1561=VERTEX_POINT('',#1559);
#1562=CARTESIAN_POINT('',(-9.3E-1,3.98E0,0.E0));
#1563=CARTESIAN_POINT('',(-9.3E-1,4.62E0,0.E0));
#1564=VERTEX_POINT('',#1562);
#1565=VERTEX_POINT('',#1563);
#1566=CARTESIAN_POINT('',(-1.57E0,3.98E0,-2.5E0));
#1567=CARTESIAN_POINT('',(-1.57E0,4.62E0,-2.5E0));
#1568=VERTEX_POINT('',#1566);
#1569=VERTEX_POINT('',#1567);
#1570=CARTESIAN_POINT('',(-9.3E-1,3.98E0,-2.5E0));
#1571=CARTESIAN_POINT('',(-9.3E-1,4.62E0,-2.5E0));
#1572=VERTEX_POINT('',#1570);
#1573=VERTEX_POINT('',#1571);
#1574=CARTESIAN_POINT('',(-4.07E0,4.62E0,7.5E0));
#1575=CARTESIAN_POINT('',(-4.07E0,3.98E0,7.5E0));
#1576=VERTEX_POINT('',#1574);
#1577=VERTEX_POINT('',#1575);
#1578=CARTESIAN_POINT('',(-4.07E0,3.98E0,-2.84E0));
#1579=CARTESIAN_POINT('',(-4.07E0,3.34E0,-3.48E0));
#1580=VERTEX_POINT('',#1578);
#1581=VERTEX_POINT('',#1579);
#1582=CARTESIAN_POINT('',(-4.07E0,-3.6E0,-3.48E0));
#1583=VERTEX_POINT('',#1582);
#1584=CARTESIAN_POINT('',(-4.07E0,-3.6E0,-4.12E0));
#1585=VERTEX_POINT('',#1584);
#1586=CARTESIAN_POINT('',(-4.07E0,3.34E0,-4.12E0));
#1587=VERTEX_POINT('',#1586);
#1588=CARTESIAN_POINT('',(-4.07E0,4.62E0,-2.84E0));
#1589=VERTEX_POINT('',#1588);
#1590=CARTESIAN_POINT('',(-3.43E0,4.62E0,7.5E0));
#1591=CARTESIAN_POINT('',(-3.43E0,3.98E0,7.5E0));
#1592=VERTEX_POINT('',#1590);
#1593=VERTEX_POINT('',#1591);
#1594=CARTESIAN_POINT('',(-3.43E0,3.98E0,-2.84E0));
#1595=CARTESIAN_POINT('',(-3.43E0,3.34E0,-3.48E0));
#1596=VERTEX_POINT('',#1594);
#1597=VERTEX_POINT('',#1595);
#1598=CARTESIAN_POINT('',(-3.43E0,-3.6E0,-3.48E0));
#1599=VERTEX_POINT('',#1598);
#1600=CARTESIAN_POINT('',(-3.43E0,-3.6E0,-4.12E0));
#1601=VERTEX_POINT('',#1600);
#1602=CARTESIAN_POINT('',(-3.43E0,3.34E0,-4.12E0));
#1603=VERTEX_POINT('',#1602);
#1604=CARTESIAN_POINT('',(-3.43E0,4.62E0,-2.84E0));
#1605=VERTEX_POINT('',#1604);
#1606=CARTESIAN_POINT('',(-4.07E0,3.98E0,0.E0));
#1607=CARTESIAN_POINT('',(-4.07E0,4.62E0,0.E0));
#1608=VERTEX_POINT('',#1606);
#1609=VERTEX_POINT('',#1607);
#1610=CARTESIAN_POINT('',(-3.43E0,3.98E0,0.E0));
#1611=CARTESIAN_POINT('',(-3.43E0,4.62E0,0.E0));
#1612=VERTEX_POINT('',#1610);
#1613=VERTEX_POINT('',#1611);
#1614=CARTESIAN_POINT('',(-4.07E0,3.98E0,-2.5E0));
#1615=CARTESIAN_POINT('',(-4.07E0,4.62E0,-2.5E0));
#1616=VERTEX_POINT('',#1614);
#1617=VERTEX_POINT('',#1615);
#1618=CARTESIAN_POINT('',(-3.43E0,3.98E0,-2.5E0));
#1619=CARTESIAN_POINT('',(-3.43E0,4.62E0,-2.5E0));
#1620=VERTEX_POINT('',#1618);
#1621=VERTEX_POINT('',#1619);
#1622=CARTESIAN_POINT('',(-2.E0,1.8E0,5.3E0));
#1623=CARTESIAN_POINT('',(-1.6E0,1.4E0,4.9E0));
#1624=VERTEX_POINT('',#1622);
#1625=VERTEX_POINT('',#1623);
#1626=CARTESIAN_POINT('',(2.E0,1.8E0,5.3E0));
#1627=CARTESIAN_POINT('',(1.6E0,1.4E0,4.9E0));
#1628=VERTEX_POINT('',#1626);
#1629=VERTEX_POINT('',#1627);
#1630=CARTESIAN_POINT('',(-1.6E0,1.4E0,-2.182611434725E0));
#1631=VERTEX_POINT('',#1630);
#1632=CARTESIAN_POINT('',(1.6E0,1.4E0,-2.182611434725E0));
#1633=VERTEX_POINT('',#1632);
#1634=CARTESIAN_POINT('',(-2.E0,1.8E0,-2.182611434725E0));
#1635=VERTEX_POINT('',#1634);
#1636=CARTESIAN_POINT('',(2.E0,1.8E0,-2.182611434725E0));
#1637=VERTEX_POINT('',#1636);
#1638=CARTESIAN_POINT('',(-1.2E0,1.8E0,4.5E0));
#1639=CARTESIAN_POINT('',(1.2E0,1.8E0,4.5E0));
#1640=VERTEX_POINT('',#1638);
#1641=VERTEX_POINT('',#1639);
#1642=CARTESIAN_POINT('',(1.2E0,2.9E0,0.E0));
#1643=CARTESIAN_POINT('',(-1.2E0,2.9E0,0.E0));
#1644=VERTEX_POINT('',#1642);
#1645=VERTEX_POINT('',#1643);
#1646=CARTESIAN_POINT('',(-1.2E0,2.7E0,4.5E0));
#1647=CARTESIAN_POINT('',(1.2E0,2.7E0,4.5E0));
#1648=VERTEX_POINT('',#1646);
#1649=VERTEX_POINT('',#1647);
#1650=CARTESIAN_POINT('',(1.2E0,2.7E0,2.E-1));
#1651=VERTEX_POINT('',#1650);
#1652=CARTESIAN_POINT('',(-1.2E0,2.7E0,2.E-1));
#1653=VERTEX_POINT('',#1652);
#1654=CARTESIAN_POINT('',(-1.2E0,1.8E0,-2.182611434725E0));
#1655=CARTESIAN_POINT('',(1.2E0,1.8E0,-2.182611434725E0));
#1656=VERTEX_POINT('',#1654);
#1657=VERTEX_POINT('',#1655);
#1658=CARTESIAN_POINT('',(1.2E0,2.9E0,-2.376571113504E0));
#1659=VERTEX_POINT('',#1658);
#1660=CARTESIAN_POINT('',(-1.2E0,2.9E0,-2.376571113504E0));
#1661=VERTEX_POINT('',#1660);
#1662=CARTESIAN_POINT('',(-6.57E0,4.62E0,7.5E0));
#1663=CARTESIAN_POINT('',(-6.57E0,3.98E0,7.5E0));
#1664=VERTEX_POINT('',#1662);
#1665=VERTEX_POINT('',#1663);
#1666=CARTESIAN_POINT('',(-6.57E0,3.98E0,-2.84E0));
#1667=CARTESIAN_POINT('',(-6.57E0,3.34E0,-3.48E0));
#1668=VERTEX_POINT('',#1666);
#1669=VERTEX_POINT('',#1667);
#1670=CARTESIAN_POINT('',(-6.57E0,-3.6E0,-3.48E0));
#1671=VERTEX_POINT('',#1670);
#1672=CARTESIAN_POINT('',(-6.57E0,-3.6E0,-4.12E0));
#1673=VERTEX_POINT('',#1672);
#1674=CARTESIAN_POINT('',(-6.57E0,3.34E0,-4.12E0));
#1675=VERTEX_POINT('',#1674);
#1676=CARTESIAN_POINT('',(-6.57E0,4.62E0,-2.84E0));
#1677=VERTEX_POINT('',#1676);
#1678=CARTESIAN_POINT('',(-5.93E0,4.62E0,7.5E0));
#1679=CARTESIAN_POINT('',(-5.93E0,3.98E0,7.5E0));
#1680=VERTEX_POINT('',#1678);
#1681=VERTEX_POINT('',#1679);
#1682=CARTESIAN_POINT('',(-5.93E0,3.98E0,-2.84E0));
#1683=CARTESIAN_POINT('',(-5.93E0,3.34E0,-3.48E0));
#1684=VERTEX_POINT('',#1682);
#1685=VERTEX_POINT('',#1683);
#1686=CARTESIAN_POINT('',(-5.93E0,-3.6E0,-3.48E0));
#1687=VERTEX_POINT('',#1686);
#1688=CARTESIAN_POINT('',(-5.93E0,-3.6E0,-4.12E0));
#1689=VERTEX_POINT('',#1688);
#1690=CARTESIAN_POINT('',(-5.93E0,3.34E0,-4.12E0));
#1691=VERTEX_POINT('',#1690);
#1692=CARTESIAN_POINT('',(-5.93E0,4.62E0,-2.84E0));
#1693=VERTEX_POINT('',#1692);
#1694=CARTESIAN_POINT('',(-6.57E0,3.98E0,0.E0));
#1695=CARTESIAN_POINT('',(-6.57E0,4.62E0,0.E0));
#1696=VERTEX_POINT('',#1694);
#1697=VERTEX_POINT('',#1695);
#1698=CARTESIAN_POINT('',(-5.93E0,3.98E0,0.E0));
#1699=CARTESIAN_POINT('',(-5.93E0,4.62E0,0.E0));
#1700=VERTEX_POINT('',#1698);
#1701=VERTEX_POINT('',#1699);
#1702=CARTESIAN_POINT('',(-6.57E0,3.98E0,-2.5E0));
#1703=CARTESIAN_POINT('',(-6.57E0,4.62E0,-2.5E0));
#1704=VERTEX_POINT('',#1702);
#1705=VERTEX_POINT('',#1703);
#1706=CARTESIAN_POINT('',(-5.93E0,3.98E0,-2.5E0));
#1707=CARTESIAN_POINT('',(-5.93E0,4.62E0,-2.5E0));
#1708=VERTEX_POINT('',#1706);
#1709=VERTEX_POINT('',#1707);
#1710=CARTESIAN_POINT('',(-7.5E0,0.E0,0.E0));
#1711=DIRECTION('',(1.E0,0.E0,0.E0));
#1712=DIRECTION('',(0.E0,0.E0,-1.E0));
#1713=AXIS2_PLACEMENT_3D('',#1710,#1711,#1712);
#1714=PLANE('',#1713);
#1716=ORIENTED_EDGE('',*,*,#1715,.T.);
#1718=ORIENTED_EDGE('',*,*,#1717,.F.);
#1720=ORIENTED_EDGE('',*,*,#1719,.F.);
#1722=ORIENTED_EDGE('',*,*,#1721,.F.);
#1724=ORIENTED_EDGE('',*,*,#1723,.F.);
#1726=ORIENTED_EDGE('',*,*,#1725,.F.);
#1728=ORIENTED_EDGE('',*,*,#1727,.T.);
#1730=ORIENTED_EDGE('',*,*,#1729,.T.);
#1732=ORIENTED_EDGE('',*,*,#1731,.T.);
#1734=ORIENTED_EDGE('',*,*,#1733,.T.);
#1736=ORIENTED_EDGE('',*,*,#1735,.T.);
#1738=ORIENTED_EDGE('',*,*,#1737,.T.);
#1740=ORIENTED_EDGE('',*,*,#1739,.T.);
#1741=EDGE_LOOP('',(#1716,#1718,#1720,#1722,#1724,#1726,#1728,#1730,#1732,#1734,
#1736,#1738,#1740));
#1742=FACE_OUTER_BOUND('',#1741,.F.);
#1744=CARTESIAN_POINT('',(-7.5E0,1.8E0,7.5E0));
#1745=DIRECTION('',(0.E0,-1.E0,0.E0));
#1746=DIRECTION('',(0.E0,0.E0,-1.E0));
#1747=AXIS2_PLACEMENT_3D('',#1744,#1745,#1746);
#1748=PLANE('',#1747);
#1750=ORIENTED_EDGE('',*,*,#1749,.T.);
#1752=ORIENTED_EDGE('',*,*,#1751,.T.);
#1754=ORIENTED_EDGE('',*,*,#1753,.F.);
#1756=ORIENTED_EDGE('',*,*,#1755,.F.);
#1758=ORIENTED_EDGE('',*,*,#1757,.T.);
#1760=ORIENTED_EDGE('',*,*,#1759,.T.);
#1762=ORIENTED_EDGE('',*,*,#1761,.F.);
#1763=ORIENTED_EDGE('',*,*,#1715,.F.);
#1765=ORIENTED_EDGE('',*,*,#1764,.T.);
#1767=ORIENTED_EDGE('',*,*,#1766,.T.);
#1769=ORIENTED_EDGE('',*,*,#1768,.T.);
#1771=ORIENTED_EDGE('',*,*,#1770,.F.);
#1772=EDGE_LOOP('',(#1750,#1752,#1754,#1756,#1758,#1760,#1762,#1763,#1765,#1767,
#1769,#1771));
#1773=FACE_OUTER_BOUND('',#1772,.F.);
#1775=CARTESIAN_POINT('',(-7.5E0,1.8E0,-2.182611434725E0));
#1776=DIRECTION('',(0.E0,-1.736481776669E-1,-9.848077530122E-1));
#1777=DIRECTION('',(0.E0,9.848077530122E-1,-1.736481776669E-1));
#1778=AXIS2_PLACEMENT_3D('',#1775,#1776,#1777);
#1779=PLANE('',#1778);
#1780=ORIENTED_EDGE('',*,*,#1757,.F.);
#1782=ORIENTED_EDGE('',*,*,#1781,.T.);
#1784=ORIENTED_EDGE('',*,*,#1783,.T.);
#1786=ORIENTED_EDGE('',*,*,#1785,.F.);
#1788=ORIENTED_EDGE('',*,*,#1787,.F.);
#1790=ORIENTED_EDGE('',*,*,#1789,.T.);
#1791=ORIENTED_EDGE('',*,*,#1749,.F.);
#1793=ORIENTED_EDGE('',*,*,#1792,.T.);
#1795=ORIENTED_EDGE('',*,*,#1794,.F.);
#1797=ORIENTED_EDGE('',*,*,#1796,.F.);
#1798=EDGE_LOOP('',(#1780,#1782,#1784,#1786,#1788,#1790,#1791,#1793,#1795,
#1797));
#1799=FACE_OUTER_BOUND('',#1798,.F.);
#1801=CARTESIAN_POINT('',(-2.5E0,1.4E0,-2.182611434725E0));
#1802=DIRECTION('',(0.E0,0.E0,-1.E0));
#1803=DIRECTION('',(0.E0,1.E0,0.E0));
#1804=AXIS2_PLACEMENT_3D('',#1801,#1802,#1803);
#1805=PLANE('',#1804);
#1807=ORIENTED_EDGE('',*,*,#1806,.T.);
#1809=ORIENTED_EDGE('',*,*,#1808,.T.);
#1811=ORIENTED_EDGE('',*,*,#1810,.T.);
#1812=ORIENTED_EDGE('',*,*,#1789,.F.);
#1814=ORIENTED_EDGE('',*,*,#1813,.F.);
#1815=ORIENTED_EDGE('',*,*,#1781,.F.);
#1816=EDGE_LOOP('',(#1807,#1809,#1811,#1812,#1814,#1815));
#1817=FACE_OUTER_BOUND('',#1816,.F.);
#1819=CARTESIAN_POINT('',(-2.E0,1.8E0,-2.182611434725E0));
#1820=DIRECTION('',(7.071067811865E-1,7.071067811865E-1,0.E0));
#1821=DIRECTION('',(7.071067811865E-1,-7.071067811865E-1,0.E0));
#1822=AXIS2_PLACEMENT_3D('',#1819,#1820,#1821);
#1823=PLANE('',#1822);
#1825=ORIENTED_EDGE('',*,*,#1824,.T.);
#1827=ORIENTED_EDGE('',*,*,#1826,.T.);
#1828=ORIENTED_EDGE('',*,*,#1806,.F.);
#1829=ORIENTED_EDGE('',*,*,#1755,.T.);
#1830=EDGE_LOOP('',(#1825,#1827,#1828,#1829));
#1831=FACE_OUTER_BOUND('',#1830,.F.);
#1833=CARTESIAN_POINT('',(-2.5E0,1.8E0,5.3E0));
#1834=DIRECTION('',(0.E0,-7.071067811865E-1,7.071067811865E-1));
#1835=DIRECTION('',(0.E0,-7.071067811865E-1,-7.071067811865E-1));
#1836=AXIS2_PLACEMENT_3D('',#1833,#1834,#1835);
#1837=PLANE('',#1836);
#1838=ORIENTED_EDGE('',*,*,#1824,.F.);
#1839=ORIENTED_EDGE('',*,*,#1753,.T.);
#1841=ORIENTED_EDGE('',*,*,#1840,.T.);
#1843=ORIENTED_EDGE('',*,*,#1842,.F.);
#1844=EDGE_LOOP('',(#1838,#1839,#1841,#1843));
#1845=FACE_OUTER_BOUND('',#1844,.F.);
#1847=CARTESIAN_POINT('',(1.6E0,1.4E0,-2.182611434725E0));
#1848=DIRECTION('',(-7.071067811865E-1,7.071067811865E-1,0.E0));
#1849=DIRECTION('',(7.071067811865E-1,7.071067811865E-1,0.E0));
#1850=AXIS2_PLACEMENT_3D('',#1847,#1848,#1849);
#1851=PLANE('',#1850);
#1852=ORIENTED_EDGE('',*,*,#1840,.F.);
#1853=ORIENTED_EDGE('',*,*,#1751,.F.);
#1854=ORIENTED_EDGE('',*,*,#1810,.F.);
#1856=ORIENTED_EDGE('',*,*,#1855,.F.);
#1857=EDGE_LOOP('',(#1852,#1853,#1854,#1856));
#1858=FACE_OUTER_BOUND('',#1857,.F.);
#1860=CARTESIAN_POINT('',(-2.5E0,1.4E0,4.9E0));
#1861=DIRECTION('',(0.E0,-1.E0,0.E0));
#1862=DIRECTION('',(0.E0,0.E0,-1.E0));
#1863=AXIS2_PLACEMENT_3D('',#1860,#1861,#1862);
#1864=PLANE('',#1863);
#1865=ORIENTED_EDGE('',*,*,#1826,.F.);
#1866=ORIENTED_EDGE('',*,*,#1842,.T.);
#1867=ORIENTED_EDGE('',*,*,#1855,.T.);
#1868=ORIENTED_EDGE('',*,*,#1808,.F.);
#1869=EDGE_LOOP('',(#1865,#1866,#1867,#1868));
#1870=FACE_OUTER_BOUND('',#1869,.F.);
#1872=CARTESIAN_POINT('',(-1.2E0,1.8E0,-7.35E0));
#1873=DIRECTION('',(0.E0,-1.E0,0.E0));
#1874=DIRECTION('',(1.E0,0.E0,0.E0));
#1875=AXIS2_PLACEMENT_3D('',#1872,#1873,#1874);
#1876=PLANE('',#1875);
#1877=ORIENTED_EDGE('',*,*,#1813,.T.);
#1879=ORIENTED_EDGE('',*,*,#1878,.T.);
#1881=ORIENTED_EDGE('',*,*,#1880,.F.);
#1883=ORIENTED_EDGE('',*,*,#1882,.F.);
#1884=EDGE_LOOP('',(#1877,#1879,#1881,#1883));
#1885=FACE_OUTER_BOUND('',#1884,.F.);
#1887=CARTESIAN_POINT('',(1.2E0,1.8E0,-7.35E0));
#1888=DIRECTION('',(1.E0,0.E0,0.E0));
#1889=DIRECTION('',(0.E0,1.E0,0.E0));
#1890=AXIS2_PLACEMENT_3D('',#1887,#1888,#1889);
#1891=PLANE('',#1890);
#1893=ORIENTED_EDGE('',*,*,#1892,.T.);
#1895=ORIENTED_EDGE('',*,*,#1894,.F.);
#1896=ORIENTED_EDGE('',*,*,#1878,.F.);
#1897=ORIENTED_EDGE('',*,*,#1787,.T.);
#1899=ORIENTED_EDGE('',*,*,#1898,.T.);
#1901=ORIENTED_EDGE('',*,*,#1900,.F.);
#1902=EDGE_LOOP('',(#1893,#1895,#1896,#1897,#1899,#1901));
#1903=FACE_OUTER_BOUND('',#1902,.F.);
#1905=CARTESIAN_POINT('',(-7.5E0,2.7E0,2.E-1));
#1906=DIRECTION('',(0.E0,1.E0,0.E0));
#1907=DIRECTION('',(0.E0,0.E0,1.E0));
#1908=AXIS2_PLACEMENT_3D('',#1905,#1906,#1907);
#1909=PLANE('',#1908);
#1911=ORIENTED_EDGE('',*,*,#1910,.T.);
#1912=ORIENTED_EDGE('',*,*,#1892,.F.);
#1914=ORIENTED_EDGE('',*,*,#1913,.T.);
#1916=ORIENTED_EDGE('',*,*,#1915,.T.);
#1918=ORIENTED_EDGE('',*,*,#1917,.F.);
#1919=ORIENTED_EDGE('',*,*,#1735,.F.);
#1921=ORIENTED_EDGE('',*,*,#1920,.T.);
#1923=ORIENTED_EDGE('',*,*,#1922,.T.);
#1924=EDGE_LOOP('',(#1911,#1912,#1914,#1916,#1918,#1919,#1921,#1923));
#1925=FACE_OUTER_BOUND('',#1924,.F.);
#1927=CARTESIAN_POINT('',(0.E0,0.E0,4.5E0));
#1928=DIRECTION('',(0.E0,0.E0,1.E0));
#1929=DIRECTION('',(1.E0,0.E0,0.E0));
#1930=AXIS2_PLACEMENT_3D('',#1927,#1928,#1929);
#1931=PLANE('',#1930);
#1932=ORIENTED_EDGE('',*,*,#1910,.F.);
#1934=ORIENTED_EDGE('',*,*,#1933,.T.);
#1935=ORIENTED_EDGE('',*,*,#1880,.T.);
#1936=ORIENTED_EDGE('',*,*,#1894,.T.);
#1937=EDGE_LOOP('',(#1932,#1934,#1935,#1936));
#1938=FACE_OUTER_BOUND('',#1937,.F.);
#1940=CARTESIAN_POINT('',(-1.2E0,2.9E0,-7.35E0));
#1941=DIRECTION('',(-1.E0,0.E0,0.E0));
#1942=DIRECTION('',(0.E0,-1.E0,0.E0));
#1943=AXIS2_PLACEMENT_3D('',#1940,#1941,#1942);
#1944=PLANE('',#1943);
#1945=ORIENTED_EDGE('',*,*,#1922,.F.);
#1947=ORIENTED_EDGE('',*,*,#1946,.T.);
#1949=ORIENTED_EDGE('',*,*,#1948,.F.);
#1950=ORIENTED_EDGE('',*,*,#1783,.F.);
#1951=ORIENTED_EDGE('',*,*,#1882,.T.);
#1952=ORIENTED_EDGE('',*,*,#1933,.F.);
#1953=EDGE_LOOP('',(#1945,#1947,#1949,#1950,#1951,#1952));
#1954=FACE_OUTER_BOUND('',#1953,.F.);
#1956=CARTESIAN_POINT('',(-7.5E0,2.9E0,2.E-1));
#1957=DIRECTION('',(1.E0,0.E0,0.E0));
#1958=DIRECTION('',(0.E0,0.E0,-1.E0));
#1959=AXIS2_PLACEMENT_3D('',#1956,#1957,#1958);
#1960=CYLINDRICAL_SURFACE('',#1959,2.E-1);
#1961=ORIENTED_EDGE('',*,*,#1900,.T.);
#1963=ORIENTED_EDGE('',*,*,#1962,.T.);
#1965=ORIENTED_EDGE('',*,*,#1964,.T.);
#1966=ORIENTED_EDGE('',*,*,#1913,.F.);
#1967=EDGE_LOOP('',(#1961,#1963,#1965,#1966));
#1968=FACE_OUTER_BOUND('',#1967,.F.);
#1970=CARTESIAN_POINT('',(-7.5E0,2.9E0,2.E-1));
#1971=DIRECTION('',(1.E0,0.E0,0.E0));
#1972=DIRECTION('',(0.E0,0.E0,-1.E0));
#1973=AXIS2_PLACEMENT_3D('',#1970,#1971,#1972);
#1974=CYLINDRICAL_SURFACE('',#1973,2.E-1);
#1975=ORIENTED_EDGE('',*,*,#1946,.F.);
#1976=ORIENTED_EDGE('',*,*,#1920,.F.);
#1977=ORIENTED_EDGE('',*,*,#1733,.F.);
#1979=ORIENTED_EDGE('',*,*,#1978,.T.);
#1980=EDGE_LOOP('',(#1975,#1976,#1977,#1979));
#1981=FACE_OUTER_BOUND('',#1980,.F.);
#1983=CARTESIAN_POINT('',(-7.5E0,6.7E0,0.E0));
#1984=DIRECTION('',(0.E0,0.E0,1.E0));
#1985=DIRECTION('',(0.E0,-1.E0,0.E0));
#1986=AXIS2_PLACEMENT_3D('',#1983,#1984,#1985);
#1987=PLANE('',#1986);
#1989=ORIENTED_EDGE('',*,*,#1988,.T.);
#1990=ORIENTED_EDGE('',*,*,#1978,.F.);
#1991=ORIENTED_EDGE('',*,*,#1731,.F.);
#1993=ORIENTED_EDGE('',*,*,#1992,.T.);
#1995=ORIENTED_EDGE('',*,*,#1994,.T.);
#1996=ORIENTED_EDGE('',*,*,#1962,.F.);
#1997=EDGE_LOOP('',(#1989,#1990,#1991,#1993,#1995,#1996));
#1998=FACE_OUTER_BOUND('',#1997,.F.);
#2000=ORIENTED_EDGE('',*,*,#1999,.F.);
#2002=ORIENTED_EDGE('',*,*,#2001,.T.);
#2004=ORIENTED_EDGE('',*,*,#2003,.T.);
#2006=ORIENTED_EDGE('',*,*,#2005,.F.);
#2007=EDGE_LOOP('',(#2000,#2002,#2004,#2006));
#2008=FACE_BOUND('',#2007,.F.);
#2010=ORIENTED_EDGE('',*,*,#2009,.F.);
#2012=ORIENTED_EDGE('',*,*,#2011,.T.);
#2014=ORIENTED_EDGE('',*,*,#2013,.T.);
#2016=ORIENTED_EDGE('',*,*,#2015,.F.);
#2017=EDGE_LOOP('',(#2010,#2012,#2014,#2016));
#2018=FACE_BOUND('',#2017,.F.);
#2020=ORIENTED_EDGE('',*,*,#2019,.F.);
#2022=ORIENTED_EDGE('',*,*,#2021,.T.);
#2024=ORIENTED_EDGE('',*,*,#2023,.T.);
#2026=ORIENTED_EDGE('',*,*,#2025,.F.);
#2027=EDGE_LOOP('',(#2020,#2022,#2024,#2026));
#2028=FACE_BOUND('',#2027,.F.);
#2030=ORIENTED_EDGE('',*,*,#2029,.F.);
#2032=ORIENTED_EDGE('',*,*,#2031,.T.);
#2034=ORIENTED_EDGE('',*,*,#2033,.T.);
#2036=ORIENTED_EDGE('',*,*,#2035,.F.);
#2037=EDGE_LOOP('',(#2030,#2032,#2034,#2036));
#2038=FACE_BOUND('',#2037,.F.);
#2040=ORIENTED_EDGE('',*,*,#2039,.F.);
#2042=ORIENTED_EDGE('',*,*,#2041,.T.);
#2044=ORIENTED_EDGE('',*,*,#2043,.T.);
#2046=ORIENTED_EDGE('',*,*,#2045,.F.);
#2047=EDGE_LOOP('',(#2040,#2042,#2044,#2046));
#2048=FACE_BOUND('',#2047,.F.);
#2050=ORIENTED_EDGE('',*,*,#2049,.F.);
#2052=ORIENTED_EDGE('',*,*,#2051,.T.);
#2054=ORIENTED_EDGE('',*,*,#2053,.T.);
#2056=ORIENTED_EDGE('',*,*,#2055,.F.);
#2057=EDGE_LOOP('',(#2050,#2052,#2054,#2056));
#2058=FACE_BOUND('',#2057,.F.);
#2060=CARTESIAN_POINT('',(1.2E0,2.9E0,-7.35E0));
#2061=DIRECTION('',(0.E0,1.E0,0.E0));
#2062=DIRECTION('',(-1.E0,0.E0,0.E0));
#2063=AXIS2_PLACEMENT_3D('',#2060,#2061,#2062);
#2064=PLANE('',#2063);
#2065=ORIENTED_EDGE('',*,*,#1988,.F.);
#2066=ORIENTED_EDGE('',*,*,#1898,.F.);
#2067=ORIENTED_EDGE('',*,*,#1785,.T.);
#2068=ORIENTED_EDGE('',*,*,#1948,.T.);
#2069=EDGE_LOOP('',(#2065,#2066,#2067,#2068));
#2070=FACE_OUTER_BOUND('',#2069,.F.);
#2072=CARTESIAN_POINT('',(-7.5E0,6.7E0,-2.5E0));
#2073=DIRECTION('',(0.E0,1.E0,0.E0));
#2074=DIRECTION('',(0.E0,0.E0,1.E0));
#2075=AXIS2_PLACEMENT_3D('',#2072,#2073,#2074);
#2076=PLANE('',#2075);
#2077=ORIENTED_EDGE('',*,*,#1729,.F.);
#2079=ORIENTED_EDGE('',*,*,#2078,.T.);
#2081=ORIENTED_EDGE('',*,*,#2080,.T.);
#2082=ORIENTED_EDGE('',*,*,#1992,.F.);
#2083=EDGE_LOOP('',(#2077,#2079,#2081,#2082));
#2084=FACE_OUTER_BOUND('',#2083,.F.);
#2086=CARTESIAN_POINT('',(-7.5E0,3.6E0,-2.5E0));
#2087=DIRECTION('',(0.E0,0.E0,-1.E0));
#2088=DIRECTION('',(0.E0,1.E0,0.E0));
#2089=AXIS2_PLACEMENT_3D('',#2086,#2087,#2088);
#2090=PLANE('',#2089);
#2092=ORIENTED_EDGE('',*,*,#2091,.T.);
#2094=ORIENTED_EDGE('',*,*,#2093,.F.);
#2096=ORIENTED_EDGE('',*,*,#2095,.F.);
#2098=ORIENTED_EDGE('',*,*,#2097,.T.);
#2099=ORIENTED_EDGE('',*,*,#2078,.F.);
#2100=ORIENTED_EDGE('',*,*,#1727,.F.);
#2102=ORIENTED_EDGE('',*,*,#2101,.T.);
#2104=ORIENTED_EDGE('',*,*,#2103,.F.);
#2106=ORIENTED_EDGE('',*,*,#2105,.F.);
#2107=ORIENTED_EDGE('',*,*,#1794,.T.);
#2108=EDGE_LOOP('',(#2092,#2094,#2096,#2098,#2099,#2100,#2102,#2104,#2106,
#2107));
#2109=FACE_OUTER_BOUND('',#2108,.F.);
#2111=ORIENTED_EDGE('',*,*,#2110,.T.);
#2113=ORIENTED_EDGE('',*,*,#2112,.T.);
#2115=ORIENTED_EDGE('',*,*,#2114,.F.);
#2117=ORIENTED_EDGE('',*,*,#2116,.F.);
#2118=EDGE_LOOP('',(#2111,#2113,#2115,#2117));
#2119=FACE_BOUND('',#2118,.F.);
#2121=ORIENTED_EDGE('',*,*,#2120,.T.);
#2123=ORIENTED_EDGE('',*,*,#2122,.T.);
#2125=ORIENTED_EDGE('',*,*,#2124,.F.);
#2127=ORIENTED_EDGE('',*,*,#2126,.F.);
#2128=EDGE_LOOP('',(#2121,#2123,#2125,#2127));
#2129=FACE_BOUND('',#2128,.F.);
#2131=ORIENTED_EDGE('',*,*,#2130,.T.);
#2133=ORIENTED_EDGE('',*,*,#2132,.T.);
#2135=ORIENTED_EDGE('',*,*,#2134,.F.);
#2137=ORIENTED_EDGE('',*,*,#2136,.F.);
#2138=EDGE_LOOP('',(#2131,#2133,#2135,#2137));
#2139=FACE_BOUND('',#2138,.F.);
#2141=ORIENTED_EDGE('',*,*,#2140,.T.);
#2143=ORIENTED_EDGE('',*,*,#2142,.T.);
#2145=ORIENTED_EDGE('',*,*,#2144,.F.);
#2147=ORIENTED_EDGE('',*,*,#2146,.F.);
#2148=EDGE_LOOP('',(#2141,#2143,#2145,#2147));
#2149=FACE_BOUND('',#2148,.F.);
#2151=ORIENTED_EDGE('',*,*,#2150,.T.);
#2153=ORIENTED_EDGE('',*,*,#2152,.T.);
#2155=ORIENTED_EDGE('',*,*,#2154,.F.);
#2157=ORIENTED_EDGE('',*,*,#2156,.F.);
#2158=EDGE_LOOP('',(#2151,#2153,#2155,#2157));
#2159=FACE_BOUND('',#2158,.F.);
#2161=ORIENTED_EDGE('',*,*,#2160,.T.);
#2163=ORIENTED_EDGE('',*,*,#2162,.T.);
#2165=ORIENTED_EDGE('',*,*,#2164,.F.);
#2167=ORIENTED_EDGE('',*,*,#2166,.F.);
#2168=EDGE_LOOP('',(#2161,#2163,#2165,#2167));
#2169=FACE_BOUND('',#2168,.F.);
#2171=CARTESIAN_POINT('',(6.7E0,0.E0,0.E0));
#2172=DIRECTION('',(1.E0,0.E0,0.E0));
#2173=DIRECTION('',(0.E0,0.E0,-1.E0));
#2174=AXIS2_PLACEMENT_3D('',#2171,#2172,#2173);
#2175=PLANE('',#2174);
#2177=ORIENTED_EDGE('',*,*,#2176,.T.);
#2178=ORIENTED_EDGE('',*,*,#2091,.F.);
#2179=ORIENTED_EDGE('',*,*,#1792,.F.);
#2180=ORIENTED_EDGE('',*,*,#1770,.T.);
#2182=ORIENTED_EDGE('',*,*,#2181,.T.);
#2184=ORIENTED_EDGE('',*,*,#2183,.T.);
#2186=ORIENTED_EDGE('',*,*,#2185,.T.);
#2187=EDGE_LOOP('',(#2177,#2178,#2179,#2180,#2182,#2184,#2186));
#2188=FACE_OUTER_BOUND('',#2187,.F.);
#2190=CARTESIAN_POINT('',(7.1E0,5.2E0,-2.5E0));
#2191=DIRECTION('',(9.662349396012E-1,-2.576626505603E-1,0.E0));
#2192=DIRECTION('',(-2.576626505603E-1,-9.662349396012E-1,0.E0));
#2193=AXIS2_PLACEMENT_3D('',#2190,#2191,#2192);
#2194=PLANE('',#2193);
#2195=ORIENTED_EDGE('',*,*,#2176,.F.);
#2197=ORIENTED_EDGE('',*,*,#2196,.T.);
#2199=ORIENTED_EDGE('',*,*,#2198,.T.);
#2200=ORIENTED_EDGE('',*,*,#2093,.T.);
#2201=EDGE_LOOP('',(#2195,#2197,#2199,#2200));
#2202=FACE_OUTER_BOUND('',#2201,.F.);
#2204=CARTESIAN_POINT('',(7.5E0,3.7E0,-6.E0));
#2205=DIRECTION('',(0.E0,7.071067811865E-1,-7.071067811865E-1));
#2206=DIRECTION('',(0.E0,7.071067811865E-1,7.071067811865E-1));
#2207=AXIS2_PLACEMENT_3D('',#2204,#2205,#2206);
#2208=PLANE('',#2207);
#2209=ORIENTED_EDGE('',*,*,#2196,.F.);
#2211=ORIENTED_EDGE('',*,*,#2210,.F.);
#2213=ORIENTED_EDGE('',*,*,#2212,.T.);
#2215=ORIENTED_EDGE('',*,*,#2214,.T.);
#2216=EDGE_LOOP('',(#2209,#2211,#2213,#2215));
#2217=FACE_OUTER_BOUND('',#2216,.F.);
#2219=CARTESIAN_POINT('',(7.5E0,0.E0,-6.E0));
#2220=DIRECTION('',(0.E0,0.E0,-1.E0));
#2221=DIRECTION('',(0.E0,1.E0,0.E0));
#2222=AXIS2_PLACEMENT_3D('',#2219,#2220,#2221);
#2223=PLANE('',#2222);
#2224=ORIENTED_EDGE('',*,*,#2185,.F.);
#2226=ORIENTED_EDGE('',*,*,#2225,.F.);
#2228=ORIENTED_EDGE('',*,*,#2227,.T.);
#2229=ORIENTED_EDGE('',*,*,#2210,.T.);
#2230=EDGE_LOOP('',(#2224,#2226,#2228,#2229));
#2231=FACE_OUTER_BOUND('',#2230,.F.);
#2233=CARTESIAN_POINT('',(7.5E0,0.E0,0.E0));
#2234=DIRECTION('',(0.E0,-1.E0,0.E0));
#2235=DIRECTION('',(0.E0,0.E0,-1.E0));
#2236=AXIS2_PLACEMENT_3D('',#2233,#2234,#2235);
#2237=PLANE('',#2236);
#2239=ORIENTED_EDGE('',*,*,#2238,.T.);
#2240=ORIENTED_EDGE('',*,*,#2225,.T.);
#2241=ORIENTED_EDGE('',*,*,#2183,.F.);
#2243=ORIENTED_EDGE('',*,*,#2242,.F.);
#2244=EDGE_LOOP('',(#2239,#2240,#2241,#2243));
#2245=FACE_OUTER_BOUND('',#2244,.F.);
#2247=CARTESIAN_POINT('',(7.5E0,0.E0,0.E0));
#2248=DIRECTION('',(1.E0,0.E0,0.E0));
#2249=DIRECTION('',(0.E0,0.E0,-1.E0));
#2250=AXIS2_PLACEMENT_3D('',#2247,#2248,#2249);
#2251=PLANE('',#2250);
#2252=ORIENTED_EDGE('',*,*,#2097,.F.);
#2254=ORIENTED_EDGE('',*,*,#2253,.F.);
#2255=ORIENTED_EDGE('',*,*,#2212,.F.);
#2256=ORIENTED_EDGE('',*,*,#2227,.F.);
#2257=ORIENTED_EDGE('',*,*,#2238,.F.);
#2259=ORIENTED_EDGE('',*,*,#2258,.F.);
#2260=ORIENTED_EDGE('',*,*,#1766,.F.);
#2262=ORIENTED_EDGE('',*,*,#2261,.F.);
#2264=ORIENTED_EDGE('',*,*,#2263,.F.);
#2265=ORIENTED_EDGE('',*,*,#1915,.F.);
#2266=ORIENTED_EDGE('',*,*,#1964,.F.);
#2267=ORIENTED_EDGE('',*,*,#1994,.F.);
#2268=ORIENTED_EDGE('',*,*,#2080,.F.);
#2269=EDGE_LOOP('',(#2252,#2254,#2255,#2256,#2257,#2259,#2260,#2262,#2264,#2265,
#2266,#2267,#2268));
#2270=FACE_OUTER_BOUND('',#2269,.F.);
#2272=CARTESIAN_POINT('',(7.5E0,5.2E0,-4.5E0));
#2273=DIRECTION('',(0.E0,1.E0,0.E0));
#2274=DIRECTION('',(0.E0,0.E0,1.E0));
#2275=AXIS2_PLACEMENT_3D('',#2272,#2273,#2274);
#2276=PLANE('',#2275);
#2277=ORIENTED_EDGE('',*,*,#2198,.F.);
#2278=ORIENTED_EDGE('',*,*,#2214,.F.);
#2279=ORIENTED_EDGE('',*,*,#2253,.T.);
#2280=ORIENTED_EDGE('',*,*,#2095,.T.);
#2281=EDGE_LOOP('',(#2277,#2278,#2279,#2280));
#2282=FACE_OUTER_BOUND('',#2281,.F.);
#2284=CARTESIAN_POINT('',(7.5E0,1.8E0,0.E0));
#2285=DIRECTION('',(0.E0,0.E0,1.E0));
#2286=DIRECTION('',(0.E0,-1.E0,0.E0));
#2287=AXIS2_PLACEMENT_3D('',#2284,#2285,#2286);
#2288=PLANE('',#2287);
#2289=ORIENTED_EDGE('',*,*,#1768,.F.);
#2290=ORIENTED_EDGE('',*,*,#2258,.T.);
#2291=ORIENTED_EDGE('',*,*,#2242,.T.);
#2292=ORIENTED_EDGE('',*,*,#2181,.F.);
#2293=EDGE_LOOP('',(#2289,#2290,#2291,#2292));
#2294=FACE_OUTER_BOUND('',#2293,.F.);
#2296=CARTESIAN_POINT('',(-7.5E0,2.3E0,7.5E0));
#2297=DIRECTION('',(0.E0,0.E0,1.E0));
#2298=DIRECTION('',(0.E0,-1.E0,0.E0));
#2299=AXIS2_PLACEMENT_3D('',#2296,#2297,#2298);
#2300=PLANE('',#2299);
#2301=ORIENTED_EDGE('',*,*,#1739,.F.);
#2303=ORIENTED_EDGE('',*,*,#2302,.T.);
#2304=ORIENTED_EDGE('',*,*,#2261,.T.);
#2305=ORIENTED_EDGE('',*,*,#1764,.F.);
#2306=EDGE_LOOP('',(#2301,#2303,#2304,#2305));
#2307=FACE_OUTER_BOUND('',#2306,.F.);
#2309=CARTESIAN_POINT('',(-7.5E0,2.7E0,7.1E0));
#2310=DIRECTION('',(0.E0,7.071067811865E-1,7.071067811865E-1));
#2311=DIRECTION('',(0.E0,-7.071067811865E-1,7.071067811865E-1));
#2312=AXIS2_PLACEMENT_3D('',#2309,#2310,#2311);
#2313=PLANE('',#2312);
#2314=ORIENTED_EDGE('',*,*,#1737,.F.);
#2315=ORIENTED_EDGE('',*,*,#1917,.T.);
#2316=ORIENTED_EDGE('',*,*,#2263,.T.);
#2317=ORIENTED_EDGE('',*,*,#2302,.F.);
#2318=EDGE_LOOP('',(#2314,#2315,#2316,#2317));
#2319=FACE_OUTER_BOUND('',#2318,.F.);
#2321=CARTESIAN_POINT('',(-7.5E0,5.2E0,-2.5E0));
#2322=DIRECTION('',(0.E0,1.E0,0.E0));
#2323=DIRECTION('',(0.E0,0.E0,-1.E0));
#2324=AXIS2_PLACEMENT_3D('',#2321,#2322,#2323);
#2325=PLANE('',#2324);
#2327=ORIENTED_EDGE('',*,*,#2326,.F.);
#2328=ORIENTED_EDGE('',*,*,#2101,.F.);
#2329=ORIENTED_EDGE('',*,*,#1725,.T.);
#2331=ORIENTED_EDGE('',*,*,#2330,.T.);
#2332=EDGE_LOOP('',(#2327,#2328,#2329,#2331));
#2333=FACE_OUTER_BOUND('',#2332,.F.);
#2335=CARTESIAN_POINT('',(-6.7E0,3.7E0,-2.5E0));
#2336=DIRECTION('',(-9.662349396012E-1,-2.576626505603E-1,0.E0));
#2337=DIRECTION('',(-2.576626505603E-1,9.662349396012E-1,0.E0));
#2338=AXIS2_PLACEMENT_3D('',#2335,#2336,#2337);
#2339=PLANE('',#2338);
#2341=ORIENTED_EDGE('',*,*,#2340,.T.);
#2342=ORIENTED_EDGE('',*,*,#2103,.T.);
#2343=ORIENTED_EDGE('',*,*,#2326,.T.);
#2345=ORIENTED_EDGE('',*,*,#2344,.T.);
#2346=EDGE_LOOP('',(#2341,#2342,#2343,#2345));
#2347=FACE_OUTER_BOUND('',#2346,.F.);
#2349=CARTESIAN_POINT('',(-6.7E0,0.E0,0.E0));
#2350=DIRECTION('',(-1.E0,0.E0,0.E0));
#2351=DIRECTION('',(0.E0,0.E0,1.E0));
#2352=AXIS2_PLACEMENT_3D('',#2349,#2350,#2351);
#2353=PLANE('',#2352);
#2354=ORIENTED_EDGE('',*,*,#2340,.F.);
#2356=ORIENTED_EDGE('',*,*,#2355,.T.);
#2358=ORIENTED_EDGE('',*,*,#2357,.T.);
#2360=ORIENTED_EDGE('',*,*,#2359,.T.);
#2361=ORIENTED_EDGE('',*,*,#1759,.F.);
#2362=ORIENTED_EDGE('',*,*,#1796,.T.);
#2363=ORIENTED_EDGE('',*,*,#2105,.T.);
#2364=EDGE_LOOP('',(#2354,#2356,#2358,#2360,#2361,#2362,#2363));
#2365=FACE_OUTER_BOUND('',#2364,.F.);
#2367=CARTESIAN_POINT('',(-7.5E0,3.7E0,-6.E0));
#2368=DIRECTION('',(0.E0,0.E0,-1.E0));
#2369=DIRECTION('',(0.E0,-1.E0,0.E0));
#2370=AXIS2_PLACEMENT_3D('',#2367,#2368,#2369);
#2371=PLANE('',#2370);
#2372=ORIENTED_EDGE('',*,*,#2355,.F.);
#2374=ORIENTED_EDGE('',*,*,#2373,.F.);
#2375=ORIENTED_EDGE('',*,*,#1721,.T.);
#2377=ORIENTED_EDGE('',*,*,#2376,.T.);
#2378=EDGE_LOOP('',(#2372,#2374,#2375,#2377));
#2379=FACE_OUTER_BOUND('',#2378,.F.);
#2381=CARTESIAN_POINT('',(-7.5E0,5.2E0,-4.5E0));
#2382=DIRECTION('',(0.E0,7.071067811865E-1,-7.071067811865E-1));
#2383=DIRECTION('',(0.E0,-7.071067811865E-1,-7.071067811865E-1));
#2384=AXIS2_PLACEMENT_3D('',#2381,#2382,#2383);
#2385=PLANE('',#2384);
#2386=ORIENTED_EDGE('',*,*,#2344,.F.);
#2387=ORIENTED_EDGE('',*,*,#2330,.F.);
#2388=ORIENTED_EDGE('',*,*,#1723,.T.);
#2389=ORIENTED_EDGE('',*,*,#2373,.T.);
#2390=EDGE_LOOP('',(#2386,#2387,#2388,#2389));
#2391=FACE_OUTER_BOUND('',#2390,.F.);
#2393=CARTESIAN_POINT('',(-7.5E0,0.E0,-6.E0));
#2394=DIRECTION('',(0.E0,-1.E0,0.E0));
#2395=DIRECTION('',(0.E0,0.E0,1.E0));
#2396=AXIS2_PLACEMENT_3D('',#2393,#2394,#2395);
#2397=PLANE('',#2396);
#2398=ORIENTED_EDGE('',*,*,#1719,.T.);
#2400=ORIENTED_EDGE('',*,*,#2399,.T.);
#2401=ORIENTED_EDGE('',*,*,#2357,.F.);
#2402=ORIENTED_EDGE('',*,*,#2376,.F.);
#2403=EDGE_LOOP('',(#2398,#2400,#2401,#2402));
#2404=FACE_OUTER_BOUND('',#2403,.F.);
#2406=CARTESIAN_POINT('',(-7.5E0,0.E0,0.E0));
#2407=DIRECTION('',(0.E0,0.E0,1.E0));
#2408=DIRECTION('',(0.E0,1.E0,0.E0));
#2409=AXIS2_PLACEMENT_3D('',#2406,#2407,#2408);
#2410=PLANE('',#2409);
#2411=ORIENTED_EDGE('',*,*,#1761,.T.);
#2412=ORIENTED_EDGE('',*,*,#2359,.F.);
#2413=ORIENTED_EDGE('',*,*,#2399,.F.);
#2414=ORIENTED_EDGE('',*,*,#1717,.T.);
#2415=EDGE_LOOP('',(#2411,#2412,#2413,#2414));
#2416=FACE_OUTER_BOUND('',#2415,.F.);
#2418=CARTESIAN_POINT('',(5.93E0,0.E0,0.E0));
#2419=DIRECTION('',(1.E0,0.E0,0.E0));
#2420=DIRECTION('',(0.E0,1.E0,0.E0));
#2421=AXIS2_PLACEMENT_3D('',#2418,#2419,#2420);
#2422=PLANE('',#2421);
#2423=ORIENTED_EDGE('',*,*,#1999,.T.);
#2425=ORIENTED_EDGE('',*,*,#2424,.T.);
#2427=ORIENTED_EDGE('',*,*,#2426,.T.);
#2429=ORIENTED_EDGE('',*,*,#2428,.T.);
#2430=EDGE_LOOP('',(#2423,#2425,#2427,#2429));
#2431=FACE_OUTER_BOUND('',#2430,.F.);
#2433=CARTESIAN_POINT('',(5.93E0,0.E0,0.E0));
#2434=DIRECTION('',(1.E0,0.E0,0.E0));
#2435=DIRECTION('',(0.E0,1.E0,0.E0));
#2436=AXIS2_PLACEMENT_3D('',#2433,#2434,#2435);
#2437=PLANE('',#2436);
#2438=ORIENTED_EDGE('',*,*,#2110,.F.);
#2440=ORIENTED_EDGE('',*,*,#2439,.T.);
#2442=ORIENTED_EDGE('',*,*,#2441,.T.);
#2444=ORIENTED_EDGE('',*,*,#2443,.T.);
#2446=ORIENTED_EDGE('',*,*,#2445,.T.);
#2448=ORIENTED_EDGE('',*,*,#2447,.T.);
#2450=ORIENTED_EDGE('',*,*,#2449,.T.);
#2452=ORIENTED_EDGE('',*,*,#2451,.T.);
#2453=EDGE_LOOP('',(#2438,#2440,#2442,#2444,#2446,#2448,#2450,#2452));
#2454=FACE_OUTER_BOUND('',#2453,.F.);
#2456=CARTESIAN_POINT('',(5.93E0,4.62E0,-2.84E0));
#2457=DIRECTION('',(0.E0,1.E0,0.E0));
#2458=DIRECTION('',(0.E0,0.E0,1.E0));
#2459=AXIS2_PLACEMENT_3D('',#2456,#2457,#2458);
#2460=PLANE('',#2459);
#2461=ORIENTED_EDGE('',*,*,#2005,.T.);
#2463=ORIENTED_EDGE('',*,*,#2462,.T.);
#2465=ORIENTED_EDGE('',*,*,#2464,.F.);
#2466=ORIENTED_EDGE('',*,*,#2424,.F.);
#2467=EDGE_LOOP('',(#2461,#2463,#2465,#2466));
#2468=FACE_OUTER_BOUND('',#2467,.F.);
#2470=CARTESIAN_POINT('',(5.93E0,4.62E0,-2.84E0));
#2471=DIRECTION('',(0.E0,1.E0,0.E0));
#2472=DIRECTION('',(0.E0,0.E0,1.E0));
#2473=AXIS2_PLACEMENT_3D('',#2470,#2471,#2472);
#2474=PLANE('',#2473);
#2475=ORIENTED_EDGE('',*,*,#2112,.F.);
#2476=ORIENTED_EDGE('',*,*,#2451,.F.);
#2478=ORIENTED_EDGE('',*,*,#2477,.T.);
#2480=ORIENTED_EDGE('',*,*,#2479,.T.);
#2481=EDGE_LOOP('',(#2475,#2476,#2478,#2480));
#2482=FACE_OUTER_BOUND('',#2481,.F.);
#2484=CARTESIAN_POINT('',(6.57E0,0.E0,0.E0));
#2485=DIRECTION('',(1.E0,0.E0,0.E0));
#2486=DIRECTION('',(0.E0,1.E0,0.E0));
#2487=AXIS2_PLACEMENT_3D('',#2484,#2485,#2486);
#2488=PLANE('',#2487);
#2489=ORIENTED_EDGE('',*,*,#2003,.F.);
#2491=ORIENTED_EDGE('',*,*,#2490,.F.);
#2493=ORIENTED_EDGE('',*,*,#2492,.F.);
#2494=ORIENTED_EDGE('',*,*,#2462,.F.);
#2495=EDGE_LOOP('',(#2489,#2491,#2493,#2494));
#2496=FACE_OUTER_BOUND('',#2495,.F.);
#2498=CARTESIAN_POINT('',(6.57E0,0.E0,0.E0));
#2499=DIRECTION('',(1.E0,0.E0,0.E0));
#2500=DIRECTION('',(0.E0,1.E0,0.E0));
#2501=AXIS2_PLACEMENT_3D('',#2498,#2499,#2500);
#2502=PLANE('',#2501);
#2503=ORIENTED_EDGE('',*,*,#2114,.T.);
#2504=ORIENTED_EDGE('',*,*,#2479,.F.);
#2506=ORIENTED_EDGE('',*,*,#2505,.F.);
#2508=ORIENTED_EDGE('',*,*,#2507,.F.);
#2510=ORIENTED_EDGE('',*,*,#2509,.F.);
#2512=ORIENTED_EDGE('',*,*,#2511,.F.);
#2514=ORIENTED_EDGE('',*,*,#2513,.F.);
#2516=ORIENTED_EDGE('',*,*,#2515,.F.);
#2517=EDGE_LOOP('',(#2503,#2504,#2506,#2508,#2510,#2512,#2514,#2516));
#2518=FACE_OUTER_BOUND('',#2517,.F.);
#2520=CARTESIAN_POINT('',(5.93E0,3.98E0,7.5E0));
#2521=DIRECTION('',(0.E0,-1.E0,0.E0));
#2522=DIRECTION('',(0.E0,0.E0,-1.E0));
#2523=AXIS2_PLACEMENT_3D('',#2520,#2521,#2522);
#2524=PLANE('',#2523);
#2525=ORIENTED_EDGE('',*,*,#2001,.F.);
#2526=ORIENTED_EDGE('',*,*,#2428,.F.);
#2528=ORIENTED_EDGE('',*,*,#2527,.T.);
#2529=ORIENTED_EDGE('',*,*,#2490,.T.);
#2530=EDGE_LOOP('',(#2525,#2526,#2528,#2529));
#2531=FACE_OUTER_BOUND('',#2530,.F.);
#2533=CARTESIAN_POINT('',(5.93E0,3.98E0,7.5E0));
#2534=DIRECTION('',(0.E0,-1.E0,0.E0));
#2535=DIRECTION('',(0.E0,0.E0,-1.E0));
#2536=AXIS2_PLACEMENT_3D('',#2533,#2534,#2535);
#2537=PLANE('',#2536);
#2538=ORIENTED_EDGE('',*,*,#2116,.T.);
#2539=ORIENTED_EDGE('',*,*,#2515,.T.);
#2541=ORIENTED_EDGE('',*,*,#2540,.F.);
#2542=ORIENTED_EDGE('',*,*,#2439,.F.);
#2543=EDGE_LOOP('',(#2538,#2539,#2541,#2542));
#2544=FACE_OUTER_BOUND('',#2543,.F.);
#2546=CARTESIAN_POINT('',(5.93E0,4.62E0,7.5E0));
#2547=DIRECTION('',(0.E0,0.E0,1.E0));
#2548=DIRECTION('',(0.E0,-1.E0,0.E0));
#2549=AXIS2_PLACEMENT_3D('',#2546,#2547,#2548);
#2550=PLANE('',#2549);
#2551=ORIENTED_EDGE('',*,*,#2426,.F.);
#2552=ORIENTED_EDGE('',*,*,#2464,.T.);
#2553=ORIENTED_EDGE('',*,*,#2492,.T.);
#2554=ORIENTED_EDGE('',*,*,#2527,.F.);
#2555=EDGE_LOOP('',(#2551,#2552,#2553,#2554));
#2556=FACE_OUTER_BOUND('',#2555,.F.);
#2558=CARTESIAN_POINT('',(5.93E0,3.34E0,-2.84E0));
#2559=DIRECTION('',(1.E0,0.E0,0.E0));
#2560=DIRECTION('',(0.E0,1.E0,0.E0));
#2561=AXIS2_PLACEMENT_3D('',#2558,#2559,#2560);
#2562=CYLINDRICAL_SURFACE('',#2561,6.4E-1);
#2563=ORIENTED_EDGE('',*,*,#2441,.F.);
#2564=ORIENTED_EDGE('',*,*,#2540,.T.);
#2565=ORIENTED_EDGE('',*,*,#2513,.T.);
#2567=ORIENTED_EDGE('',*,*,#2566,.F.);
#2568=EDGE_LOOP('',(#2563,#2564,#2565,#2567));
#2569=FACE_OUTER_BOUND('',#2568,.F.);
#2571=CARTESIAN_POINT('',(5.93E0,3.34E0,-3.48E0));
#2572=DIRECTION('',(0.E0,0.E0,1.E0));
#2573=DIRECTION('',(0.E0,-1.E0,0.E0));
#2574=AXIS2_PLACEMENT_3D('',#2571,#2572,#2573);
#2575=PLANE('',#2574);
#2576=ORIENTED_EDGE('',*,*,#2443,.F.);
#2577=ORIENTED_EDGE('',*,*,#2566,.T.);
#2578=ORIENTED_EDGE('',*,*,#2511,.T.);
#2580=ORIENTED_EDGE('',*,*,#2579,.F.);
#2581=EDGE_LOOP('',(#2576,#2577,#2578,#2580));
#2582=FACE_OUTER_BOUND('',#2581,.F.);
#2584=CARTESIAN_POINT('',(5.93E0,-3.6E0,-3.48E0));
#2585=DIRECTION('',(0.E0,-1.E0,0.E0));
#2586=DIRECTION('',(0.E0,0.E0,-1.E0));
#2587=AXIS2_PLACEMENT_3D('',#2584,#2585,#2586);
#2588=PLANE('',#2587);
#2589=ORIENTED_EDGE('',*,*,#2445,.F.);
#2590=ORIENTED_EDGE('',*,*,#2579,.T.);
#2591=ORIENTED_EDGE('',*,*,#2509,.T.);
#2593=ORIENTED_EDGE('',*,*,#2592,.F.);
#2594=EDGE_LOOP('',(#2589,#2590,#2591,#2593));
#2595=FACE_OUTER_BOUND('',#2594,.F.);
#2597=CARTESIAN_POINT('',(5.93E0,-3.6E0,-4.12E0));
#2598=DIRECTION('',(0.E0,0.E0,-1.E0));
#2599=DIRECTION('',(0.E0,1.E0,0.E0));
#2600=AXIS2_PLACEMENT_3D('',#2597,#2598,#2599);
#2601=PLANE('',#2600);
#2602=ORIENTED_EDGE('',*,*,#2447,.F.);
#2603=ORIENTED_EDGE('',*,*,#2592,.T.);
#2604=ORIENTED_EDGE('',*,*,#2507,.T.);
#2606=ORIENTED_EDGE('',*,*,#2605,.F.);
#2607=EDGE_LOOP('',(#2602,#2603,#2604,#2606));
#2608=FACE_OUTER_BOUND('',#2607,.F.);
#2610=CARTESIAN_POINT('',(5.93E0,3.34E0,-2.84E0));
#2611=DIRECTION('',(1.E0,0.E0,0.E0));
#2612=DIRECTION('',(0.E0,1.E0,0.E0));
#2613=AXIS2_PLACEMENT_3D('',#2610,#2611,#2612);
#2614=CYLINDRICAL_SURFACE('',#2613,1.28E0);
#2615=ORIENTED_EDGE('',*,*,#2449,.F.);
#2616=ORIENTED_EDGE('',*,*,#2605,.T.);
#2617=ORIENTED_EDGE('',*,*,#2505,.T.);
#2618=ORIENTED_EDGE('',*,*,#2477,.F.);
#2619=EDGE_LOOP('',(#2615,#2616,#2617,#2618));
#2620=FACE_OUTER_BOUND('',#2619,.F.);
#2622=CARTESIAN_POINT('',(3.43E0,0.E0,0.E0));
#2623=DIRECTION('',(1.E0,0.E0,0.E0));
#2624=DIRECTION('',(0.E0,1.E0,0.E0));
#2625=AXIS2_PLACEMENT_3D('',#2622,#2623,#2624);
#2626=PLANE('',#2625);
#2627=ORIENTED_EDGE('',*,*,#2009,.T.);
#2629=ORIENTED_EDGE('',*,*,#2628,.T.);
#2631=ORIENTED_EDGE('',*,*,#2630,.T.);
#2633=ORIENTED_EDGE('',*,*,#2632,.T.);
#2634=EDGE_LOOP('',(#2627,#2629,#2631,#2633));
#2635=FACE_OUTER_BOUND('',#2634,.F.);
#2637=CARTESIAN_POINT('',(3.43E0,0.E0,0.E0));
#2638=DIRECTION('',(1.E0,0.E0,0.E0));
#2639=DIRECTION('',(0.E0,1.E0,0.E0));
#2640=AXIS2_PLACEMENT_3D('',#2637,#2638,#2639);
#2641=PLANE('',#2640);
#2642=ORIENTED_EDGE('',*,*,#2120,.F.);
#2644=ORIENTED_EDGE('',*,*,#2643,.T.);
#2646=ORIENTED_EDGE('',*,*,#2645,.T.);
#2648=ORIENTED_EDGE('',*,*,#2647,.T.);
#2650=ORIENTED_EDGE('',*,*,#2649,.T.);
#2652=ORIENTED_EDGE('',*,*,#2651,.T.);
#2654=ORIENTED_EDGE('',*,*,#2653,.T.);
#2656=ORIENTED_EDGE('',*,*,#2655,.T.);
#2657=EDGE_LOOP('',(#2642,#2644,#2646,#2648,#2650,#2652,#2654,#2656));
#2658=FACE_OUTER_BOUND('',#2657,.F.);
#2660=CARTESIAN_POINT('',(3.43E0,4.62E0,-2.84E0));
#2661=DIRECTION('',(0.E0,1.E0,0.E0));
#2662=DIRECTION('',(0.E0,0.E0,1.E0));
#2663=AXIS2_PLACEMENT_3D('',#2660,#2661,#2662);
#2664=PLANE('',#2663);
#2665=ORIENTED_EDGE('',*,*,#2015,.T.);
#2667=ORIENTED_EDGE('',*,*,#2666,.T.);
#2669=ORIENTED_EDGE('',*,*,#2668,.F.);
#2670=ORIENTED_EDGE('',*,*,#2628,.F.);
#2671=EDGE_LOOP('',(#2665,#2667,#2669,#2670));
#2672=FACE_OUTER_BOUND('',#2671,.F.);
#2674=CARTESIAN_POINT('',(3.43E0,4.62E0,-2.84E0));
#2675=DIRECTION('',(0.E0,1.E0,0.E0));
#2676=DIRECTION('',(0.E0,0.E0,1.E0));
#2677=AXIS2_PLACEMENT_3D('',#2674,#2675,#2676);
#2678=PLANE('',#2677);
#2679=ORIENTED_EDGE('',*,*,#2122,.F.);
#2680=ORIENTED_EDGE('',*,*,#2655,.F.);
#2682=ORIENTED_EDGE('',*,*,#2681,.T.);
#2684=ORIENTED_EDGE('',*,*,#2683,.T.);
#2685=EDGE_LOOP('',(#2679,#2680,#2682,#2684));
#2686=FACE_OUTER_BOUND('',#2685,.F.);
#2688=CARTESIAN_POINT('',(4.07E0,0.E0,0.E0));
#2689=DIRECTION('',(1.E0,0.E0,0.E0));
#2690=DIRECTION('',(0.E0,1.E0,0.E0));
#2691=AXIS2_PLACEMENT_3D('',#2688,#2689,#2690);
#2692=PLANE('',#2691);
#2693=ORIENTED_EDGE('',*,*,#2013,.F.);
#2695=ORIENTED_EDGE('',*,*,#2694,.F.);
#2697=ORIENTED_EDGE('',*,*,#2696,.F.);
#2698=ORIENTED_EDGE('',*,*,#2666,.F.);
#2699=EDGE_LOOP('',(#2693,#2695,#2697,#2698));
#2700=FACE_OUTER_BOUND('',#2699,.F.);
#2702=CARTESIAN_POINT('',(4.07E0,0.E0,0.E0));
#2703=DIRECTION('',(1.E0,0.E0,0.E0));
#2704=DIRECTION('',(0.E0,1.E0,0.E0));
#2705=AXIS2_PLACEMENT_3D('',#2702,#2703,#2704);
#2706=PLANE('',#2705);
#2707=ORIENTED_EDGE('',*,*,#2124,.T.);
#2708=ORIENTED_EDGE('',*,*,#2683,.F.);
#2710=ORIENTED_EDGE('',*,*,#2709,.F.);
#2712=ORIENTED_EDGE('',*,*,#2711,.F.);
#2714=ORIENTED_EDGE('',*,*,#2713,.F.);
#2716=ORIENTED_EDGE('',*,*,#2715,.F.);
#2718=ORIENTED_EDGE('',*,*,#2717,.F.);
#2720=ORIENTED_EDGE('',*,*,#2719,.F.);
#2721=EDGE_LOOP('',(#2707,#2708,#2710,#2712,#2714,#2716,#2718,#2720));
#2722=FACE_OUTER_BOUND('',#2721,.F.);
#2724=CARTESIAN_POINT('',(3.43E0,3.98E0,7.5E0));
#2725=DIRECTION('',(0.E0,-1.E0,0.E0));
#2726=DIRECTION('',(0.E0,0.E0,-1.E0));
#2727=AXIS2_PLACEMENT_3D('',#2724,#2725,#2726);
#2728=PLANE('',#2727);
#2729=ORIENTED_EDGE('',*,*,#2011,.F.);
#2730=ORIENTED_EDGE('',*,*,#2632,.F.);
#2732=ORIENTED_EDGE('',*,*,#2731,.T.);
#2733=ORIENTED_EDGE('',*,*,#2694,.T.);
#2734=EDGE_LOOP('',(#2729,#2730,#2732,#2733));
#2735=FACE_OUTER_BOUND('',#2734,.F.);
#2737=CARTESIAN_POINT('',(3.43E0,3.98E0,7.5E0));
#2738=DIRECTION('',(0.E0,-1.E0,0.E0));
#2739=DIRECTION('',(0.E0,0.E0,-1.E0));
#2740=AXIS2_PLACEMENT_3D('',#2737,#2738,#2739);
#2741=PLANE('',#2740);
#2742=ORIENTED_EDGE('',*,*,#2126,.T.);
#2743=ORIENTED_EDGE('',*,*,#2719,.T.);
#2745=ORIENTED_EDGE('',*,*,#2744,.F.);
#2746=ORIENTED_EDGE('',*,*,#2643,.F.);
#2747=EDGE_LOOP('',(#2742,#2743,#2745,#2746));
#2748=FACE_OUTER_BOUND('',#2747,.F.);
#2750=CARTESIAN_POINT('',(3.43E0,4.62E0,7.5E0));
#2751=DIRECTION('',(0.E0,0.E0,1.E0));
#2752=DIRECTION('',(0.E0,-1.E0,0.E0));
#2753=AXIS2_PLACEMENT_3D('',#2750,#2751,#2752);
#2754=PLANE('',#2753);
#2755=ORIENTED_EDGE('',*,*,#2630,.F.);
#2756=ORIENTED_EDGE('',*,*,#2668,.T.);
#2757=ORIENTED_EDGE('',*,*,#2696,.T.);
#2758=ORIENTED_EDGE('',*,*,#2731,.F.);
#2759=EDGE_LOOP('',(#2755,#2756,#2757,#2758));
#2760=FACE_OUTER_BOUND('',#2759,.F.);
#2762=CARTESIAN_POINT('',(3.43E0,3.34E0,-2.84E0));
#2763=DIRECTION('',(1.E0,0.E0,0.E0));
#2764=DIRECTION('',(0.E0,1.E0,0.E0));
#2765=AXIS2_PLACEMENT_3D('',#2762,#2763,#2764);
#2766=CYLINDRICAL_SURFACE('',#2765,6.4E-1);
#2767=ORIENTED_EDGE('',*,*,#2645,.F.);
#2768=ORIENTED_EDGE('',*,*,#2744,.T.);
#2769=ORIENTED_EDGE('',*,*,#2717,.T.);
#2771=ORIENTED_EDGE('',*,*,#2770,.F.);
#2772=EDGE_LOOP('',(#2767,#2768,#2769,#2771));
#2773=FACE_OUTER_BOUND('',#2772,.F.);
#2775=CARTESIAN_POINT('',(3.43E0,3.34E0,-3.48E0));
#2776=DIRECTION('',(0.E0,0.E0,1.E0));
#2777=DIRECTION('',(0.E0,-1.E0,0.E0));
#2778=AXIS2_PLACEMENT_3D('',#2775,#2776,#2777);
#2779=PLANE('',#2778);
#2780=ORIENTED_EDGE('',*,*,#2647,.F.);
#2781=ORIENTED_EDGE('',*,*,#2770,.T.);
#2782=ORIENTED_EDGE('',*,*,#2715,.T.);
#2784=ORIENTED_EDGE('',*,*,#2783,.F.);
#2785=EDGE_LOOP('',(#2780,#2781,#2782,#2784));
#2786=FACE_OUTER_BOUND('',#2785,.F.);
#2788=CARTESIAN_POINT('',(3.43E0,-3.6E0,-3.48E0));
#2789=DIRECTION('',(0.E0,-1.E0,0.E0));
#2790=DIRECTION('',(0.E0,0.E0,-1.E0));
#2791=AXIS2_PLACEMENT_3D('',#2788,#2789,#2790);
#2792=PLANE('',#2791);
#2793=ORIENTED_EDGE('',*,*,#2649,.F.);
#2794=ORIENTED_EDGE('',*,*,#2783,.T.);
#2795=ORIENTED_EDGE('',*,*,#2713,.T.);
#2797=ORIENTED_EDGE('',*,*,#2796,.F.);
#2798=EDGE_LOOP('',(#2793,#2794,#2795,#2797));
#2799=FACE_OUTER_BOUND('',#2798,.F.);
#2801=CARTESIAN_POINT('',(3.43E0,-3.6E0,-4.12E0));
#2802=DIRECTION('',(0.E0,0.E0,-1.E0));
#2803=DIRECTION('',(0.E0,1.E0,0.E0));
#2804=AXIS2_PLACEMENT_3D('',#2801,#2802,#2803);
#2805=PLANE('',#2804);
#2806=ORIENTED_EDGE('',*,*,#2651,.F.);
#2807=ORIENTED_EDGE('',*,*,#2796,.T.);
#2808=ORIENTED_EDGE('',*,*,#2711,.T.);
#2810=ORIENTED_EDGE('',*,*,#2809,.F.);
#2811=EDGE_LOOP('',(#2806,#2807,#2808,#2810));
#2812=FACE_OUTER_BOUND('',#2811,.F.);
#2814=CARTESIAN_POINT('',(3.43E0,3.34E0,-2.84E0));
#2815=DIRECTION('',(1.E0,0.E0,0.E0));
#2816=DIRECTION('',(0.E0,1.E0,0.E0));
#2817=AXIS2_PLACEMENT_3D('',#2814,#2815,#2816);
#2818=CYLINDRICAL_SURFACE('',#2817,1.28E0);
#2819=ORIENTED_EDGE('',*,*,#2653,.F.);
#2820=ORIENTED_EDGE('',*,*,#2809,.T.);
#2821=ORIENTED_EDGE('',*,*,#2709,.T.);
#2822=ORIENTED_EDGE('',*,*,#2681,.F.);
#2823=EDGE_LOOP('',(#2819,#2820,#2821,#2822));
#2824=FACE_OUTER_BOUND('',#2823,.F.);
#2826=CARTESIAN_POINT('',(9.3E-1,0.E0,0.E0));
#2827=DIRECTION('',(1.E0,0.E0,0.E0));
#2828=DIRECTION('',(0.E0,1.E0,0.E0));
#2829=AXIS2_PLACEMENT_3D('',#2826,#2827,#2828);
#2830=PLANE('',#2829);
#2831=ORIENTED_EDGE('',*,*,#2019,.T.);
#2833=ORIENTED_EDGE('',*,*,#2832,.T.);
#2835=ORIENTED_EDGE('',*,*,#2834,.T.);
#2837=ORIENTED_EDGE('',*,*,#2836,.T.);
#2838=EDGE_LOOP('',(#2831,#2833,#2835,#2837));
#2839=FACE_OUTER_BOUND('',#2838,.F.);
#2841=CARTESIAN_POINT('',(9.3E-1,0.E0,0.E0));
#2842=DIRECTION('',(1.E0,0.E0,0.E0));
#2843=DIRECTION('',(0.E0,1.E0,0.E0));
#2844=AXIS2_PLACEMENT_3D('',#2841,#2842,#2843);
#2845=PLANE('',#2844);
#2846=ORIENTED_EDGE('',*,*,#2130,.F.);
#2848=ORIENTED_EDGE('',*,*,#2847,.T.);
#2850=ORIENTED_EDGE('',*,*,#2849,.T.);
#2852=ORIENTED_EDGE('',*,*,#2851,.T.);
#2854=ORIENTED_EDGE('',*,*,#2853,.T.);
#2856=ORIENTED_EDGE('',*,*,#2855,.T.);
#2858=ORIENTED_EDGE('',*,*,#2857,.T.);
#2860=ORIENTED_EDGE('',*,*,#2859,.T.);
#2861=EDGE_LOOP('',(#2846,#2848,#2850,#2852,#2854,#2856,#2858,#2860));
#2862=FACE_OUTER_BOUND('',#2861,.F.);
#2864=CARTESIAN_POINT('',(9.3E-1,4.62E0,-2.84E0));
#2865=DIRECTION('',(0.E0,1.E0,0.E0));
#2866=DIRECTION('',(0.E0,0.E0,1.E0));
#2867=AXIS2_PLACEMENT_3D('',#2864,#2865,#2866);
#2868=PLANE('',#2867);
#2869=ORIENTED_EDGE('',*,*,#2025,.T.);
#2871=ORIENTED_EDGE('',*,*,#2870,.T.);
#2873=ORIENTED_EDGE('',*,*,#2872,.F.);
#2874=ORIENTED_EDGE('',*,*,#2832,.F.);
#2875=EDGE_LOOP('',(#2869,#2871,#2873,#2874));
#2876=FACE_OUTER_BOUND('',#2875,.F.);
#2878=CARTESIAN_POINT('',(9.3E-1,4.62E0,-2.84E0));
#2879=DIRECTION('',(0.E0,1.E0,0.E0));
#2880=DIRECTION('',(0.E0,0.E0,1.E0));
#2881=AXIS2_PLACEMENT_3D('',#2878,#2879,#2880);
#2882=PLANE('',#2881);
#2883=ORIENTED_EDGE('',*,*,#2132,.F.);
#2884=ORIENTED_EDGE('',*,*,#2859,.F.);
#2886=ORIENTED_EDGE('',*,*,#2885,.T.);
#2888=ORIENTED_EDGE('',*,*,#2887,.T.);
#2889=EDGE_LOOP('',(#2883,#2884,#2886,#2888));
#2890=FACE_OUTER_BOUND('',#2889,.F.);
#2892=CARTESIAN_POINT('',(1.57E0,0.E0,0.E0));
#2893=DIRECTION('',(1.E0,0.E0,0.E0));
#2894=DIRECTION('',(0.E0,1.E0,0.E0));
#2895=AXIS2_PLACEMENT_3D('',#2892,#2893,#2894);
#2896=PLANE('',#2895);
#2897=ORIENTED_EDGE('',*,*,#2023,.F.);
#2899=ORIENTED_EDGE('',*,*,#2898,.F.);
#2901=ORIENTED_EDGE('',*,*,#2900,.F.);
#2902=ORIENTED_EDGE('',*,*,#2870,.F.);
#2903=EDGE_LOOP('',(#2897,#2899,#2901,#2902));
#2904=FACE_OUTER_BOUND('',#2903,.F.);
#2906=CARTESIAN_POINT('',(1.57E0,0.E0,0.E0));
#2907=DIRECTION('',(1.E0,0.E0,0.E0));
#2908=DIRECTION('',(0.E0,1.E0,0.E0));
#2909=AXIS2_PLACEMENT_3D('',#2906,#2907,#2908);
#2910=PLANE('',#2909);
#2911=ORIENTED_EDGE('',*,*,#2134,.T.);
#2912=ORIENTED_EDGE('',*,*,#2887,.F.);
#2914=ORIENTED_EDGE('',*,*,#2913,.F.);
#2916=ORIENTED_EDGE('',*,*,#2915,.F.);
#2918=ORIENTED_EDGE('',*,*,#2917,.F.);
#2920=ORIENTED_EDGE('',*,*,#2919,.F.);
#2922=ORIENTED_EDGE('',*,*,#2921,.F.);
#2924=ORIENTED_EDGE('',*,*,#2923,.F.);
#2925=EDGE_LOOP('',(#2911,#2912,#2914,#2916,#2918,#2920,#2922,#2924));
#2926=FACE_OUTER_BOUND('',#2925,.F.);
#2928=CARTESIAN_POINT('',(9.3E-1,3.98E0,7.5E0));
#2929=DIRECTION('',(0.E0,-1.E0,0.E0));
#2930=DIRECTION('',(0.E0,0.E0,-1.E0));
#2931=AXIS2_PLACEMENT_3D('',#2928,#2929,#2930);
#2932=PLANE('',#2931);
#2933=ORIENTED_EDGE('',*,*,#2021,.F.);
#2934=ORIENTED_EDGE('',*,*,#2836,.F.);
#2936=ORIENTED_EDGE('',*,*,#2935,.T.);
#2937=ORIENTED_EDGE('',*,*,#2898,.T.);
#2938=EDGE_LOOP('',(#2933,#2934,#2936,#2937));
#2939=FACE_OUTER_BOUND('',#2938,.F.);
#2941=CARTESIAN_POINT('',(9.3E-1,3.98E0,7.5E0));
#2942=DIRECTION('',(0.E0,-1.E0,0.E0));
#2943=DIRECTION('',(0.E0,0.E0,-1.E0));
#2944=AXIS2_PLACEMENT_3D('',#2941,#2942,#2943);
#2945=PLANE('',#2944);
#2946=ORIENTED_EDGE('',*,*,#2136,.T.);
#2947=ORIENTED_EDGE('',*,*,#2923,.T.);
#2949=ORIENTED_EDGE('',*,*,#2948,.F.);
#2950=ORIENTED_EDGE('',*,*,#2847,.F.);
#2951=EDGE_LOOP('',(#2946,#2947,#2949,#2950));
#2952=FACE_OUTER_BOUND('',#2951,.F.);
#2954=CARTESIAN_POINT('',(9.3E-1,4.62E0,7.5E0));
#2955=DIRECTION('',(0.E0,0.E0,1.E0));
#2956=DIRECTION('',(0.E0,-1.E0,0.E0));
#2957=AXIS2_PLACEMENT_3D('',#2954,#2955,#2956);
#2958=PLANE('',#2957);
#2959=ORIENTED_EDGE('',*,*,#2834,.F.);
#2960=ORIENTED_EDGE('',*,*,#2872,.T.);
#2961=ORIENTED_EDGE('',*,*,#2900,.T.);
#2962=ORIENTED_EDGE('',*,*,#2935,.F.);
#2963=EDGE_LOOP('',(#2959,#2960,#2961,#2962));
#2964=FACE_OUTER_BOUND('',#2963,.F.);
#2966=CARTESIAN_POINT('',(9.3E-1,3.34E0,-2.84E0));
#2967=DIRECTION('',(1.E0,0.E0,0.E0));
#2968=DIRECTION('',(0.E0,1.E0,0.E0));
#2969=AXIS2_PLACEMENT_3D('',#2966,#2967,#2968);
#2970=CYLINDRICAL_SURFACE('',#2969,6.4E-1);
#2971=ORIENTED_EDGE('',*,*,#2849,.F.);
#2972=ORIENTED_EDGE('',*,*,#2948,.T.);
#2973=ORIENTED_EDGE('',*,*,#2921,.T.);
#2975=ORIENTED_EDGE('',*,*,#2974,.F.);
#2976=EDGE_LOOP('',(#2971,#2972,#2973,#2975));
#2977=FACE_OUTER_BOUND('',#2976,.F.);
#2979=CARTESIAN_POINT('',(9.3E-1,3.34E0,-3.48E0));
#2980=DIRECTION('',(0.E0,0.E0,1.E0));
#2981=DIRECTION('',(0.E0,-1.E0,0.E0));
#2982=AXIS2_PLACEMENT_3D('',#2979,#2980,#2981);
#2983=PLANE('',#2982);
#2984=ORIENTED_EDGE('',*,*,#2851,.F.);
#2985=ORIENTED_EDGE('',*,*,#2974,.T.);
#2986=ORIENTED_EDGE('',*,*,#2919,.T.);
#2988=ORIENTED_EDGE('',*,*,#2987,.F.);
#2989=EDGE_LOOP('',(#2984,#2985,#2986,#2988));
#2990=FACE_OUTER_BOUND('',#2989,.F.);
#2992=CARTESIAN_POINT('',(9.3E-1,-3.6E0,-3.48E0));
#2993=DIRECTION('',(0.E0,-1.E0,0.E0));
#2994=DIRECTION('',(0.E0,0.E0,-1.E0));
#2995=AXIS2_PLACEMENT_3D('',#2992,#2993,#2994);
#2996=PLANE('',#2995);
#2997=ORIENTED_EDGE('',*,*,#2853,.F.);
#2998=ORIENTED_EDGE('',*,*,#2987,.T.);
#2999=ORIENTED_EDGE('',*,*,#2917,.T.);
#3001=ORIENTED_EDGE('',*,*,#3000,.F.);
#3002=EDGE_LOOP('',(#2997,#2998,#2999,#3001));
#3003=FACE_OUTER_BOUND('',#3002,.F.);
#3005=CARTESIAN_POINT('',(9.3E-1,-3.6E0,-4.12E0));
#3006=DIRECTION('',(0.E0,0.E0,-1.E0));
#3007=DIRECTION('',(0.E0,1.E0,0.E0));
#3008=AXIS2_PLACEMENT_3D('',#3005,#3006,#3007);
#3009=PLANE('',#3008);
#3010=ORIENTED_EDGE('',*,*,#2855,.F.);
#3011=ORIENTED_EDGE('',*,*,#3000,.T.);
#3012=ORIENTED_EDGE('',*,*,#2915,.T.);
#3014=ORIENTED_EDGE('',*,*,#3013,.F.);
#3015=EDGE_LOOP('',(#3010,#3011,#3012,#3014));
#3016=FACE_OUTER_BOUND('',#3015,.F.);
#3018=CARTESIAN_POINT('',(9.3E-1,3.34E0,-2.84E0));
#3019=DIRECTION('',(1.E0,0.E0,0.E0));
#3020=DIRECTION('',(0.E0,1.E0,0.E0));
#3021=AXIS2_PLACEMENT_3D('',#3018,#3019,#3020);
#3022=CYLINDRICAL_SURFACE('',#3021,1.28E0);
#3023=ORIENTED_EDGE('',*,*,#2857,.F.);
#3024=ORIENTED_EDGE('',*,*,#3013,.T.);
#3025=ORIENTED_EDGE('',*,*,#2913,.T.);
#3026=ORIENTED_EDGE('',*,*,#2885,.F.);
#3027=EDGE_LOOP('',(#3023,#3024,#3025,#3026));
#3028=FACE_OUTER_BOUND('',#3027,.F.);
#3030=CARTESIAN_POINT('',(-1.57E0,0.E0,0.E0));
#3031=DIRECTION('',(1.E0,0.E0,0.E0));
#3032=DIRECTION('',(0.E0,1.E0,0.E0));
#3033=AXIS2_PLACEMENT_3D('',#3030,#3031,#3032);
#3034=PLANE('',#3033);
#3035=ORIENTED_EDGE('',*,*,#2029,.T.);
#3037=ORIENTED_EDGE('',*,*,#3036,.T.);
#3039=ORIENTED_EDGE('',*,*,#3038,.T.);
#3041=ORIENTED_EDGE('',*,*,#3040,.T.);
#3042=EDGE_LOOP('',(#3035,#3037,#3039,#3041));
#3043=FACE_OUTER_BOUND('',#3042,.F.);
#3045=CARTESIAN_POINT('',(-1.57E0,0.E0,0.E0));
#3046=DIRECTION('',(1.E0,0.E0,0.E0));
#3047=DIRECTION('',(0.E0,1.E0,0.E0));
#3048=AXIS2_PLACEMENT_3D('',#3045,#3046,#3047);
#3049=PLANE('',#3048);
#3050=ORIENTED_EDGE('',*,*,#2140,.F.);
#3052=ORIENTED_EDGE('',*,*,#3051,.T.);
#3054=ORIENTED_EDGE('',*,*,#3053,.T.);
#3056=ORIENTED_EDGE('',*,*,#3055,.T.);
#3058=ORIENTED_EDGE('',*,*,#3057,.T.);
#3060=ORIENTED_EDGE('',*,*,#3059,.T.);
#3062=ORIENTED_EDGE('',*,*,#3061,.T.);
#3064=ORIENTED_EDGE('',*,*,#3063,.T.);
#3065=EDGE_LOOP('',(#3050,#3052,#3054,#3056,#3058,#3060,#3062,#3064));
#3066=FACE_OUTER_BOUND('',#3065,.F.);
#3068=CARTESIAN_POINT('',(-1.57E0,4.62E0,-2.84E0));
#3069=DIRECTION('',(0.E0,1.E0,0.E0));
#3070=DIRECTION('',(0.E0,0.E0,1.E0));
#3071=AXIS2_PLACEMENT_3D('',#3068,#3069,#3070);
#3072=PLANE('',#3071);
#3073=ORIENTED_EDGE('',*,*,#2035,.T.);
#3075=ORIENTED_EDGE('',*,*,#3074,.T.);
#3077=ORIENTED_EDGE('',*,*,#3076,.F.);
#3078=ORIENTED_EDGE('',*,*,#3036,.F.);
#3079=EDGE_LOOP('',(#3073,#3075,#3077,#3078));
#3080=FACE_OUTER_BOUND('',#3079,.F.);
#3082=CARTESIAN_POINT('',(-1.57E0,4.62E0,-2.84E0));
#3083=DIRECTION('',(0.E0,1.E0,0.E0));
#3084=DIRECTION('',(0.E0,0.E0,1.E0));
#3085=AXIS2_PLACEMENT_3D('',#3082,#3083,#3084);
#3086=PLANE('',#3085);
#3087=ORIENTED_EDGE('',*,*,#2142,.F.);
#3088=ORIENTED_EDGE('',*,*,#3063,.F.);
#3090=ORIENTED_EDGE('',*,*,#3089,.T.);
#3092=ORIENTED_EDGE('',*,*,#3091,.T.);
#3093=EDGE_LOOP('',(#3087,#3088,#3090,#3092));
#3094=FACE_OUTER_BOUND('',#3093,.F.);
#3096=CARTESIAN_POINT('',(-9.3E-1,0.E0,0.E0));
#3097=DIRECTION('',(1.E0,0.E0,0.E0));
#3098=DIRECTION('',(0.E0,1.E0,0.E0));
#3099=AXIS2_PLACEMENT_3D('',#3096,#3097,#3098);
#3100=PLANE('',#3099);
#3101=ORIENTED_EDGE('',*,*,#2033,.F.);
#3103=ORIENTED_EDGE('',*,*,#3102,.F.);
#3105=ORIENTED_EDGE('',*,*,#3104,.F.);
#3106=ORIENTED_EDGE('',*,*,#3074,.F.);
#3107=EDGE_LOOP('',(#3101,#3103,#3105,#3106));
#3108=FACE_OUTER_BOUND('',#3107,.F.);
#3110=CARTESIAN_POINT('',(-9.3E-1,0.E0,0.E0));
#3111=DIRECTION('',(1.E0,0.E0,0.E0));
#3112=DIRECTION('',(0.E0,1.E0,0.E0));
#3113=AXIS2_PLACEMENT_3D('',#3110,#3111,#3112);
#3114=PLANE('',#3113);
#3115=ORIENTED_EDGE('',*,*,#2144,.T.);
#3116=ORIENTED_EDGE('',*,*,#3091,.F.);
#3118=ORIENTED_EDGE('',*,*,#3117,.F.);
#3120=ORIENTED_EDGE('',*,*,#3119,.F.);
#3122=ORIENTED_EDGE('',*,*,#3121,.F.);
#3124=ORIENTED_EDGE('',*,*,#3123,.F.);
#3126=ORIENTED_EDGE('',*,*,#3125,.F.);
#3128=ORIENTED_EDGE('',*,*,#3127,.F.);
#3129=EDGE_LOOP('',(#3115,#3116,#3118,#3120,#3122,#3124,#3126,#3128));
#3130=FACE_OUTER_BOUND('',#3129,.F.);
#3132=CARTESIAN_POINT('',(-1.57E0,3.98E0,7.5E0));
#3133=DIRECTION('',(0.E0,-1.E0,0.E0));
#3134=DIRECTION('',(0.E0,0.E0,-1.E0));
#3135=AXIS2_PLACEMENT_3D('',#3132,#3133,#3134);
#3136=PLANE('',#3135);
#3137=ORIENTED_EDGE('',*,*,#2031,.F.);
#3138=ORIENTED_EDGE('',*,*,#3040,.F.);
#3140=ORIENTED_EDGE('',*,*,#3139,.T.);
#3141=ORIENTED_EDGE('',*,*,#3102,.T.);
#3142=EDGE_LOOP('',(#3137,#3138,#3140,#3141));
#3143=FACE_OUTER_BOUND('',#3142,.F.);
#3145=CARTESIAN_POINT('',(-1.57E0,3.98E0,7.5E0));
#3146=DIRECTION('',(0.E0,-1.E0,0.E0));
#3147=DIRECTION('',(0.E0,0.E0,-1.E0));
#3148=AXIS2_PLACEMENT_3D('',#3145,#3146,#3147);
#3149=PLANE('',#3148);
#3150=ORIENTED_EDGE('',*,*,#2146,.T.);
#3151=ORIENTED_EDGE('',*,*,#3127,.T.);
#3153=ORIENTED_EDGE('',*,*,#3152,.F.);
#3154=ORIENTED_EDGE('',*,*,#3051,.F.);
#3155=EDGE_LOOP('',(#3150,#3151,#3153,#3154));
#3156=FACE_OUTER_BOUND('',#3155,.F.);
#3158=CARTESIAN_POINT('',(-1.57E0,4.62E0,7.5E0));
#3159=DIRECTION('',(0.E0,0.E0,1.E0));
#3160=DIRECTION('',(0.E0,-1.E0,0.E0));
#3161=AXIS2_PLACEMENT_3D('',#3158,#3159,#3160);
#3162=PLANE('',#3161);
#3163=ORIENTED_EDGE('',*,*,#3038,.F.);
#3164=ORIENTED_EDGE('',*,*,#3076,.T.);
#3165=ORIENTED_EDGE('',*,*,#3104,.T.);
#3166=ORIENTED_EDGE('',*,*,#3139,.F.);
#3167=EDGE_LOOP('',(#3163,#3164,#3165,#3166));
#3168=FACE_OUTER_BOUND('',#3167,.F.);
#3170=CARTESIAN_POINT('',(-1.57E0,3.34E0,-2.84E0));
#3171=DIRECTION('',(1.E0,0.E0,0.E0));
#3172=DIRECTION('',(0.E0,1.E0,0.E0));
#3173=AXIS2_PLACEMENT_3D('',#3170,#3171,#3172);
#3174=CYLINDRICAL_SURFACE('',#3173,6.4E-1);
#3175=ORIENTED_EDGE('',*,*,#3053,.F.);
#3176=ORIENTED_EDGE('',*,*,#3152,.T.);
#3177=ORIENTED_EDGE('',*,*,#3125,.T.);
#3179=ORIENTED_EDGE('',*,*,#3178,.F.);
#3180=EDGE_LOOP('',(#3175,#3176,#3177,#3179));
#3181=FACE_OUTER_BOUND('',#3180,.F.);
#3183=CARTESIAN_POINT('',(-1.57E0,3.34E0,-3.48E0));
#3184=DIRECTION('',(0.E0,0.E0,1.E0));
#3185=DIRECTION('',(0.E0,-1.E0,0.E0));
#3186=AXIS2_PLACEMENT_3D('',#3183,#3184,#3185);
#3187=PLANE('',#3186);
#3188=ORIENTED_EDGE('',*,*,#3055,.F.);
#3189=ORIENTED_EDGE('',*,*,#3178,.T.);
#3190=ORIENTED_EDGE('',*,*,#3123,.T.);
#3192=ORIENTED_EDGE('',*,*,#3191,.F.);
#3193=EDGE_LOOP('',(#3188,#3189,#3190,#3192));
#3194=FACE_OUTER_BOUND('',#3193,.F.);
#3196=CARTESIAN_POINT('',(-1.57E0,-3.6E0,-3.48E0));
#3197=DIRECTION('',(0.E0,-1.E0,0.E0));
#3198=DIRECTION('',(0.E0,0.E0,-1.E0));
#3199=AXIS2_PLACEMENT_3D('',#3196,#3197,#3198);
#3200=PLANE('',#3199);
#3201=ORIENTED_EDGE('',*,*,#3057,.F.);
#3202=ORIENTED_EDGE('',*,*,#3191,.T.);
#3203=ORIENTED_EDGE('',*,*,#3121,.T.);
#3205=ORIENTED_EDGE('',*,*,#3204,.F.);
#3206=EDGE_LOOP('',(#3201,#3202,#3203,#3205));
#3207=FACE_OUTER_BOUND('',#3206,.F.);
#3209=CARTESIAN_POINT('',(-1.57E0,-3.6E0,-4.12E0));
#3210=DIRECTION('',(0.E0,0.E0,-1.E0));
#3211=DIRECTION('',(0.E0,1.E0,0.E0));
#3212=AXIS2_PLACEMENT_3D('',#3209,#3210,#3211);
#3213=PLANE('',#3212);
#3214=ORIENTED_EDGE('',*,*,#3059,.F.);
#3215=ORIENTED_EDGE('',*,*,#3204,.T.);
#3216=ORIENTED_EDGE('',*,*,#3119,.T.);
#3218=ORIENTED_EDGE('',*,*,#3217,.F.);
#3219=EDGE_LOOP('',(#3214,#3215,#3216,#3218));
#3220=FACE_OUTER_BOUND('',#3219,.F.);
#3222=CARTESIAN_POINT('',(-1.57E0,3.34E0,-2.84E0));
#3223=DIRECTION('',(1.E0,0.E0,0.E0));
#3224=DIRECTION('',(0.E0,1.E0,0.E0));
#3225=AXIS2_PLACEMENT_3D('',#3222,#3223,#3224);
#3226=CYLINDRICAL_SURFACE('',#3225,1.28E0);
#3227=ORIENTED_EDGE('',*,*,#3061,.F.);
#3228=ORIENTED_EDGE('',*,*,#3217,.T.);
#3229=ORIENTED_EDGE('',*,*,#3117,.T.);
#3230=ORIENTED_EDGE('',*,*,#3089,.F.);
#3231=EDGE_LOOP('',(#3227,#3228,#3229,#3230));
#3232=FACE_OUTER_BOUND('',#3231,.F.);
#3234=CARTESIAN_POINT('',(-4.07E0,0.E0,0.E0));
#3235=DIRECTION('',(1.E0,0.E0,0.E0));
#3236=DIRECTION('',(0.E0,1.E0,0.E0));
#3237=AXIS2_PLACEMENT_3D('',#3234,#3235,#3236);
#3238=PLANE('',#3237);
#3239=ORIENTED_EDGE('',*,*,#2039,.T.);
#3241=ORIENTED_EDGE('',*,*,#3240,.T.);
#3243=ORIENTED_EDGE('',*,*,#3242,.T.);
#3245=ORIENTED_EDGE('',*,*,#3244,.T.);
#3246=EDGE_LOOP('',(#3239,#3241,#3243,#3245));
#3247=FACE_OUTER_BOUND('',#3246,.F.);
#3249=CARTESIAN_POINT('',(-4.07E0,0.E0,0.E0));
#3250=DIRECTION('',(1.E0,0.E0,0.E0));
#3251=DIRECTION('',(0.E0,1.E0,0.E0));
#3252=AXIS2_PLACEMENT_3D('',#3249,#3250,#3251);
#3253=PLANE('',#3252);
#3254=ORIENTED_EDGE('',*,*,#2150,.F.);
#3256=ORIENTED_EDGE('',*,*,#3255,.T.);
#3258=ORIENTED_EDGE('',*,*,#3257,.T.);
#3260=ORIENTED_EDGE('',*,*,#3259,.T.);
#3262=ORIENTED_EDGE('',*,*,#3261,.T.);
#3264=ORIENTED_EDGE('',*,*,#3263,.T.);
#3266=ORIENTED_EDGE('',*,*,#3265,.T.);
#3268=ORIENTED_EDGE('',*,*,#3267,.T.);
#3269=EDGE_LOOP('',(#3254,#3256,#3258,#3260,#3262,#3264,#3266,#3268));
#3270=FACE_OUTER_BOUND('',#3269,.F.);
#3272=CARTESIAN_POINT('',(-4.07E0,4.62E0,-2.84E0));
#3273=DIRECTION('',(0.E0,1.E0,0.E0));
#3274=DIRECTION('',(0.E0,0.E0,1.E0));
#3275=AXIS2_PLACEMENT_3D('',#3272,#3273,#3274);
#3276=PLANE('',#3275);
#3277=ORIENTED_EDGE('',*,*,#2045,.T.);
#3279=ORIENTED_EDGE('',*,*,#3278,.T.);
#3281=ORIENTED_EDGE('',*,*,#3280,.F.);
#3282=ORIENTED_EDGE('',*,*,#3240,.F.);
#3283=EDGE_LOOP('',(#3277,#3279,#3281,#3282));
#3284=FACE_OUTER_BOUND('',#3283,.F.);
#3286=CARTESIAN_POINT('',(-4.07E0,4.62E0,-2.84E0));
#3287=DIRECTION('',(0.E0,1.E0,0.E0));
#3288=DIRECTION('',(0.E0,0.E0,1.E0));
#3289=AXIS2_PLACEMENT_3D('',#3286,#3287,#3288);
#3290=PLANE('',#3289);
#3291=ORIENTED_EDGE('',*,*,#2152,.F.);
#3292=ORIENTED_EDGE('',*,*,#3267,.F.);
#3294=ORIENTED_EDGE('',*,*,#3293,.T.);
#3296=ORIENTED_EDGE('',*,*,#3295,.T.);
#3297=EDGE_LOOP('',(#3291,#3292,#3294,#3296));
#3298=FACE_OUTER_BOUND('',#3297,.F.);
#3300=CARTESIAN_POINT('',(-3.43E0,0.E0,0.E0));
#3301=DIRECTION('',(1.E0,0.E0,0.E0));
#3302=DIRECTION('',(0.E0,1.E0,0.E0));
#3303=AXIS2_PLACEMENT_3D('',#3300,#3301,#3302);
#3304=PLANE('',#3303);
#3305=ORIENTED_EDGE('',*,*,#2043,.F.);
#3307=ORIENTED_EDGE('',*,*,#3306,.F.);
#3309=ORIENTED_EDGE('',*,*,#3308,.F.);
#3310=ORIENTED_EDGE('',*,*,#3278,.F.);
#3311=EDGE_LOOP('',(#3305,#3307,#3309,#3310));
#3312=FACE_OUTER_BOUND('',#3311,.F.);
#3314=CARTESIAN_POINT('',(-3.43E0,0.E0,0.E0));
#3315=DIRECTION('',(1.E0,0.E0,0.E0));
#3316=DIRECTION('',(0.E0,1.E0,0.E0));
#3317=AXIS2_PLACEMENT_3D('',#3314,#3315,#3316);
#3318=PLANE('',#3317);
#3319=ORIENTED_EDGE('',*,*,#2154,.T.);
#3320=ORIENTED_EDGE('',*,*,#3295,.F.);
#3322=ORIENTED_EDGE('',*,*,#3321,.F.);
#3324=ORIENTED_EDGE('',*,*,#3323,.F.);
#3326=ORIENTED_EDGE('',*,*,#3325,.F.);
#3328=ORIENTED_EDGE('',*,*,#3327,.F.);
#3330=ORIENTED_EDGE('',*,*,#3329,.F.);
#3332=ORIENTED_EDGE('',*,*,#3331,.F.);
#3333=EDGE_LOOP('',(#3319,#3320,#3322,#3324,#3326,#3328,#3330,#3332));
#3334=FACE_OUTER_BOUND('',#3333,.F.);
#3336=CARTESIAN_POINT('',(-4.07E0,3.98E0,7.5E0));
#3337=DIRECTION('',(0.E0,-1.E0,0.E0));
#3338=DIRECTION('',(0.E0,0.E0,-1.E0));
#3339=AXIS2_PLACEMENT_3D('',#3336,#3337,#3338);
#3340=PLANE('',#3339);
#3341=ORIENTED_EDGE('',*,*,#2041,.F.);
#3342=ORIENTED_EDGE('',*,*,#3244,.F.);
#3344=ORIENTED_EDGE('',*,*,#3343,.T.);
#3345=ORIENTED_EDGE('',*,*,#3306,.T.);
#3346=EDGE_LOOP('',(#3341,#3342,#3344,#3345));
#3347=FACE_OUTER_BOUND('',#3346,.F.);
#3349=CARTESIAN_POINT('',(-4.07E0,3.98E0,7.5E0));
#3350=DIRECTION('',(0.E0,-1.E0,0.E0));
#3351=DIRECTION('',(0.E0,0.E0,-1.E0));
#3352=AXIS2_PLACEMENT_3D('',#3349,#3350,#3351);
#3353=PLANE('',#3352);
#3354=ORIENTED_EDGE('',*,*,#2156,.T.);
#3355=ORIENTED_EDGE('',*,*,#3331,.T.);
#3357=ORIENTED_EDGE('',*,*,#3356,.F.);
#3358=ORIENTED_EDGE('',*,*,#3255,.F.);
#3359=EDGE_LOOP('',(#3354,#3355,#3357,#3358));
#3360=FACE_OUTER_BOUND('',#3359,.F.);
#3362=CARTESIAN_POINT('',(-4.07E0,4.62E0,7.5E0));
#3363=DIRECTION('',(0.E0,0.E0,1.E0));
#3364=DIRECTION('',(0.E0,-1.E0,0.E0));
#3365=AXIS2_PLACEMENT_3D('',#3362,#3363,#3364);
#3366=PLANE('',#3365);
#3367=ORIENTED_EDGE('',*,*,#3242,.F.);
#3368=ORIENTED_EDGE('',*,*,#3280,.T.);
#3369=ORIENTED_EDGE('',*,*,#3308,.T.);
#3370=ORIENTED_EDGE('',*,*,#3343,.F.);
#3371=EDGE_LOOP('',(#3367,#3368,#3369,#3370));
#3372=FACE_OUTER_BOUND('',#3371,.F.);
#3374=CARTESIAN_POINT('',(-4.07E0,3.34E0,-2.84E0));
#3375=DIRECTION('',(1.E0,0.E0,0.E0));
#3376=DIRECTION('',(0.E0,1.E0,0.E0));
#3377=AXIS2_PLACEMENT_3D('',#3374,#3375,#3376);
#3378=CYLINDRICAL_SURFACE('',#3377,6.4E-1);
#3379=ORIENTED_EDGE('',*,*,#3257,.F.);
#3380=ORIENTED_EDGE('',*,*,#3356,.T.);
#3381=ORIENTED_EDGE('',*,*,#3329,.T.);
#3383=ORIENTED_EDGE('',*,*,#3382,.F.);
#3384=EDGE_LOOP('',(#3379,#3380,#3381,#3383));
#3385=FACE_OUTER_BOUND('',#3384,.F.);
#3387=CARTESIAN_POINT('',(-4.07E0,3.34E0,-3.48E0));
#3388=DIRECTION('',(0.E0,0.E0,1.E0));
#3389=DIRECTION('',(0.E0,-1.E0,0.E0));
#3390=AXIS2_PLACEMENT_3D('',#3387,#3388,#3389);
#3391=PLANE('',#3390);
#3392=ORIENTED_EDGE('',*,*,#3259,.F.);
#3393=ORIENTED_EDGE('',*,*,#3382,.T.);
#3394=ORIENTED_EDGE('',*,*,#3327,.T.);
#3396=ORIENTED_EDGE('',*,*,#3395,.F.);
#3397=EDGE_LOOP('',(#3392,#3393,#3394,#3396));
#3398=FACE_OUTER_BOUND('',#3397,.F.);
#3400=CARTESIAN_POINT('',(-4.07E0,-3.6E0,-3.48E0));
#3401=DIRECTION('',(0.E0,-1.E0,0.E0));
#3402=DIRECTION('',(0.E0,0.E0,-1.E0));
#3403=AXIS2_PLACEMENT_3D('',#3400,#3401,#3402);
#3404=PLANE('',#3403);
#3405=ORIENTED_EDGE('',*,*,#3261,.F.);
#3406=ORIENTED_EDGE('',*,*,#3395,.T.);
#3407=ORIENTED_EDGE('',*,*,#3325,.T.);
#3409=ORIENTED_EDGE('',*,*,#3408,.F.);
#3410=EDGE_LOOP('',(#3405,#3406,#3407,#3409));
#3411=FACE_OUTER_BOUND('',#3410,.F.);
#3413=CARTESIAN_POINT('',(-4.07E0,-3.6E0,-4.12E0));
#3414=DIRECTION('',(0.E0,0.E0,-1.E0));
#3415=DIRECTION('',(0.E0,1.E0,0.E0));
#3416=AXIS2_PLACEMENT_3D('',#3413,#3414,#3415);
#3417=PLANE('',#3416);
#3418=ORIENTED_EDGE('',*,*,#3263,.F.);
#3419=ORIENTED_EDGE('',*,*,#3408,.T.);
#3420=ORIENTED_EDGE('',*,*,#3323,.T.);
#3422=ORIENTED_EDGE('',*,*,#3421,.F.);
#3423=EDGE_LOOP('',(#3418,#3419,#3420,#3422));
#3424=FACE_OUTER_BOUND('',#3423,.F.);
#3426=CARTESIAN_POINT('',(-4.07E0,3.34E0,-2.84E0));
#3427=DIRECTION('',(1.E0,0.E0,0.E0));
#3428=DIRECTION('',(0.E0,1.E0,0.E0));
#3429=AXIS2_PLACEMENT_3D('',#3426,#3427,#3428);
#3430=CYLINDRICAL_SURFACE('',#3429,1.28E0);
#3431=ORIENTED_EDGE('',*,*,#3265,.F.);
#3432=ORIENTED_EDGE('',*,*,#3421,.T.);
#3433=ORIENTED_EDGE('',*,*,#3321,.T.);
#3434=ORIENTED_EDGE('',*,*,#3293,.F.);
#3435=EDGE_LOOP('',(#3431,#3432,#3433,#3434));
#3436=FACE_OUTER_BOUND('',#3435,.F.);
#3438=CARTESIAN_POINT('',(-6.57E0,0.E0,0.E0));
#3439=DIRECTION('',(1.E0,0.E0,0.E0));
#3440=DIRECTION('',(0.E0,1.E0,0.E0));
#3441=AXIS2_PLACEMENT_3D('',#3438,#3439,#3440);
#3442=PLANE('',#3441);
#3443=ORIENTED_EDGE('',*,*,#2049,.T.);
#3445=ORIENTED_EDGE('',*,*,#3444,.T.);
#3447=ORIENTED_EDGE('',*,*,#3446,.T.);
#3449=ORIENTED_EDGE('',*,*,#3448,.T.);
#3450=EDGE_LOOP('',(#3443,#3445,#3447,#3449));
#3451=FACE_OUTER_BOUND('',#3450,.F.);
#3453=CARTESIAN_POINT('',(-6.57E0,0.E0,0.E0));
#3454=DIRECTION('',(1.E0,0.E0,0.E0));
#3455=DIRECTION('',(0.E0,1.E0,0.E0));
#3456=AXIS2_PLACEMENT_3D('',#3453,#3454,#3455);
#3457=PLANE('',#3456);
#3458=ORIENTED_EDGE('',*,*,#2160,.F.);
#3460=ORIENTED_EDGE('',*,*,#3459,.T.);
#3462=ORIENTED_EDGE('',*,*,#3461,.T.);
#3464=ORIENTED_EDGE('',*,*,#3463,.T.);
#3466=ORIENTED_EDGE('',*,*,#3465,.T.);
#3468=ORIENTED_EDGE('',*,*,#3467,.T.);
#3470=ORIENTED_EDGE('',*,*,#3469,.T.);
#3472=ORIENTED_EDGE('',*,*,#3471,.T.);
#3473=EDGE_LOOP('',(#3458,#3460,#3462,#3464,#3466,#3468,#3470,#3472));
#3474=FACE_OUTER_BOUND('',#3473,.F.);
#3476=CARTESIAN_POINT('',(-6.57E0,4.62E0,-2.84E0));
#3477=DIRECTION('',(0.E0,1.E0,0.E0));
#3478=DIRECTION('',(0.E0,0.E0,1.E0));
#3479=AXIS2_PLACEMENT_3D('',#3476,#3477,#3478);
#3480=PLANE('',#3479);
#3481=ORIENTED_EDGE('',*,*,#2055,.T.);
#3483=ORIENTED_EDGE('',*,*,#3482,.T.);
#3485=ORIENTED_EDGE('',*,*,#3484,.F.);
#3486=ORIENTED_EDGE('',*,*,#3444,.F.);
#3487=EDGE_LOOP('',(#3481,#3483,#3485,#3486));
#3488=FACE_OUTER_BOUND('',#3487,.F.);
#3490=CARTESIAN_POINT('',(-6.57E0,4.62E0,-2.84E0));
#3491=DIRECTION('',(0.E0,1.E0,0.E0));
#3492=DIRECTION('',(0.E0,0.E0,1.E0));
#3493=AXIS2_PLACEMENT_3D('',#3490,#3491,#3492);
#3494=PLANE('',#3493);
#3495=ORIENTED_EDGE('',*,*,#2162,.F.);
#3496=ORIENTED_EDGE('',*,*,#3471,.F.);
#3498=ORIENTED_EDGE('',*,*,#3497,.T.);
#3500=ORIENTED_EDGE('',*,*,#3499,.T.);
#3501=EDGE_LOOP('',(#3495,#3496,#3498,#3500));
#3502=FACE_OUTER_BOUND('',#3501,.F.);
#3504=CARTESIAN_POINT('',(-5.93E0,0.E0,0.E0));
#3505=DIRECTION('',(1.E0,0.E0,0.E0));
#3506=DIRECTION('',(0.E0,1.E0,0.E0));
#3507=AXIS2_PLACEMENT_3D('',#3504,#3505,#3506);
#3508=PLANE('',#3507);
#3509=ORIENTED_EDGE('',*,*,#2053,.F.);
#3511=ORIENTED_EDGE('',*,*,#3510,.F.);
#3513=ORIENTED_EDGE('',*,*,#3512,.F.);
#3514=ORIENTED_EDGE('',*,*,#3482,.F.);
#3515=EDGE_LOOP('',(#3509,#3511,#3513,#3514));
#3516=FACE_OUTER_BOUND('',#3515,.F.);
#3518=CARTESIAN_POINT('',(-5.93E0,0.E0,0.E0));
#3519=DIRECTION('',(1.E0,0.E0,0.E0));
#3520=DIRECTION('',(0.E0,1.E0,0.E0));
#3521=AXIS2_PLACEMENT_3D('',#3518,#3519,#3520);
#3522=PLANE('',#3521);
#3523=ORIENTED_EDGE('',*,*,#2164,.T.);
#3524=ORIENTED_EDGE('',*,*,#3499,.F.);
#3526=ORIENTED_EDGE('',*,*,#3525,.F.);
#3528=ORIENTED_EDGE('',*,*,#3527,.F.);
#3530=ORIENTED_EDGE('',*,*,#3529,.F.);
#3532=ORIENTED_EDGE('',*,*,#3531,.F.);
#3534=ORIENTED_EDGE('',*,*,#3533,.F.);
#3536=ORIENTED_EDGE('',*,*,#3535,.F.);
#3537=EDGE_LOOP('',(#3523,#3524,#3526,#3528,#3530,#3532,#3534,#3536));
#3538=FACE_OUTER_BOUND('',#3537,.F.);
#3540=CARTESIAN_POINT('',(-6.57E0,3.98E0,7.5E0));
#3541=DIRECTION('',(0.E0,-1.E0,0.E0));
#3542=DIRECTION('',(0.E0,0.E0,-1.E0));
#3543=AXIS2_PLACEMENT_3D('',#3540,#3541,#3542);
#3544=PLANE('',#3543);
#3545=ORIENTED_EDGE('',*,*,#2051,.F.);
#3546=ORIENTED_EDGE('',*,*,#3448,.F.);
#3548=ORIENTED_EDGE('',*,*,#3547,.T.);
#3549=ORIENTED_EDGE('',*,*,#3510,.T.);
#3550=EDGE_LOOP('',(#3545,#3546,#3548,#3549));
#3551=FACE_OUTER_BOUND('',#3550,.F.);
#3553=CARTESIAN_POINT('',(-6.57E0,3.98E0,7.5E0));
#3554=DIRECTION('',(0.E0,-1.E0,0.E0));
#3555=DIRECTION('',(0.E0,0.E0,-1.E0));
#3556=AXIS2_PLACEMENT_3D('',#3553,#3554,#3555);
#3557=PLANE('',#3556);
#3558=ORIENTED_EDGE('',*,*,#2166,.T.);
#3559=ORIENTED_EDGE('',*,*,#3535,.T.);
#3561=ORIENTED_EDGE('',*,*,#3560,.F.);
#3562=ORIENTED_EDGE('',*,*,#3459,.F.);
#3563=EDGE_LOOP('',(#3558,#3559,#3561,#3562));
#3564=FACE_OUTER_BOUND('',#3563,.F.);
#3566=CARTESIAN_POINT('',(-6.57E0,4.62E0,7.5E0));
#3567=DIRECTION('',(0.E0,0.E0,1.E0));
#3568=DIRECTION('',(0.E0,-1.E0,0.E0));
#3569=AXIS2_PLACEMENT_3D('',#3566,#3567,#3568);
#3570=PLANE('',#3569);
#3571=ORIENTED_EDGE('',*,*,#3446,.F.);
#3572=ORIENTED_EDGE('',*,*,#3484,.T.);
#3573=ORIENTED_EDGE('',*,*,#3512,.T.);
#3574=ORIENTED_EDGE('',*,*,#3547,.F.);
#3575=EDGE_LOOP('',(#3571,#3572,#3573,#3574));
#3576=FACE_OUTER_BOUND('',#3575,.F.);
#3578=CARTESIAN_POINT('',(-6.57E0,3.34E0,-2.84E0));
#3579=DIRECTION('',(1.E0,0.E0,0.E0));
#3580=DIRECTION('',(0.E0,1.E0,0.E0));
#3581=AXIS2_PLACEMENT_3D('',#3578,#3579,#3580);
#3582=CYLINDRICAL_SURFACE('',#3581,6.4E-1);
#3583=ORIENTED_EDGE('',*,*,#3461,.F.);
#3584=ORIENTED_EDGE('',*,*,#3560,.T.);
#3585=ORIENTED_EDGE('',*,*,#3533,.T.);
#3587=ORIENTED_EDGE('',*,*,#3586,.F.);
#3588=EDGE_LOOP('',(#3583,#3584,#3585,#3587));
#3589=FACE_OUTER_BOUND('',#3588,.F.);
#3591=CARTESIAN_POINT('',(-6.57E0,3.34E0,-3.48E0));
#3592=DIRECTION('',(0.E0,0.E0,1.E0));
#3593=DIRECTION('',(0.E0,-1.E0,0.E0));
#3594=AXIS2_PLACEMENT_3D('',#3591,#3592,#3593);
#3595=PLANE('',#3594);
#3596=ORIENTED_EDGE('',*,*,#3463,.F.);
#3597=ORIENTED_EDGE('',*,*,#3586,.T.);
#3598=ORIENTED_EDGE('',*,*,#3531,.T.);
#3600=ORIENTED_EDGE('',*,*,#3599,.F.);
#3601=EDGE_LOOP('',(#3596,#3597,#3598,#3600));
#3602=FACE_OUTER_BOUND('',#3601,.F.);
#3604=CARTESIAN_POINT('',(-6.57E0,-3.6E0,-3.48E0));
#3605=DIRECTION('',(0.E0,-1.E0,0.E0));
#3606=DIRECTION('',(0.E0,0.E0,-1.E0));
#3607=AXIS2_PLACEMENT_3D('',#3604,#3605,#3606);
#3608=PLANE('',#3607);
#3609=ORIENTED_EDGE('',*,*,#3465,.F.);
#3610=ORIENTED_EDGE('',*,*,#3599,.T.);
#3611=ORIENTED_EDGE('',*,*,#3529,.T.);
#3613=ORIENTED_EDGE('',*,*,#3612,.F.);
#3614=EDGE_LOOP('',(#3609,#3610,#3611,#3613));
#3615=FACE_OUTER_BOUND('',#3614,.F.);
#3617=CARTESIAN_POINT('',(-6.57E0,-3.6E0,-4.12E0));
#3618=DIRECTION('',(0.E0,0.E0,-1.E0));
#3619=DIRECTION('',(0.E0,1.E0,0.E0));
#3620=AXIS2_PLACEMENT_3D('',#3617,#3618,#3619);
#3621=PLANE('',#3620);
#3622=ORIENTED_EDGE('',*,*,#3467,.F.);
#3623=ORIENTED_EDGE('',*,*,#3612,.T.);
#3624=ORIENTED_EDGE('',*,*,#3527,.T.);
#3626=ORIENTED_EDGE('',*,*,#3625,.F.);
#3627=EDGE_LOOP('',(#3622,#3623,#3624,#3626));
#3628=FACE_OUTER_BOUND('',#3627,.F.);
#3630=CARTESIAN_POINT('',(-6.57E0,3.34E0,-2.84E0));
#3631=DIRECTION('',(1.E0,0.E0,0.E0));
#3632=DIRECTION('',(0.E0,1.E0,0.E0));
#3633=AXIS2_PLACEMENT_3D('',#3630,#3631,#3632);
#3634=CYLINDRICAL_SURFACE('',#3633,1.28E0);
#3635=ORIENTED_EDGE('',*,*,#3469,.F.);
#3636=ORIENTED_EDGE('',*,*,#3625,.T.);
#3637=ORIENTED_EDGE('',*,*,#3525,.T.);
#3638=ORIENTED_EDGE('',*,*,#3497,.F.);
#3639=EDGE_LOOP('',(#3635,#3636,#3637,#3638));
#3640=FACE_OUTER_BOUND('',#3639,.F.);
#3642=CLOSED_SHELL('',(#1743,#1774,#1800,#1818,#1832,#1846,#1859,#1871,#1886,
#1904,#1926,#1939,#1955,#1969,#1982,#2059,#2071,#2085,#2170,#2189,#2203,#2218,
#2232,#2246,#2271,#2283,#2295,#2308,#2320,#2334,#2348,#2366,#2380,#2392,#2405,
#2417,#2432,#2455,#2469,#2483,#2497,#2519,#2532,#2545,#2557,#2570,#2583,#2596,
#2609,#2621,#2636,#2659,#2673,#2687,#2701,#2723,#2736,#2749,#2761,#2774,#2787,
#2800,#2813,#2825,#2840,#2863,#2877,#2891,#2905,#2927,#2940,#2953,#2965,#2978,
#2991,#3004,#3017,#3029,#3044,#3067,#3081,#3095,#3109,#3131,#3144,#3157,#3169,
#3182,#3195,#3208,#3221,#3233,#3248,#3271,#3285,#3299,#3313,#3335,#3348,#3361,
#3373,#3386,#3399,#3412,#3425,#3437,#3452,#3475,#3489,#3503,#3517,#3539,#3552,
#3565,#3577,#3590,#3603,#3616,#3629,#3641));
#3643=MANIFOLD_SOLID_BREP('',#3642);
#3646=PLANE_ANGLE_MEASURE_WITH_UNIT(PLANE_ANGLE_MEASURE(1.745329251994E-2),
#3645);
#3647=(CONVERSION_BASED_UNIT('DEGREE',#3646)NAMED_UNIT(*)PLANE_ANGLE_UNIT());
#3649=UNCERTAINTY_MEASURE_WITH_UNIT(LENGTH_MEASURE(2.265610146564E-3),#3644,
'distance_accuracy_value',
'Maximum model space distance between geometric entities at asserted connectivities');
#3652=APPLICATION_CONTEXT('automotive_design');
#3653=APPLICATION_PROTOCOL_DEFINITION('international standard',
'automotive_design',2001,#3652);
#3654=PRODUCT_DEFINITION_CONTEXT('part definition',#3652,'design');
#3655=PRODUCT_CONTEXT('',#3652,'mechanical');
#3656=PRODUCT('C-171826-6','C-171826-6','NOT SPECIFIED',(#3655));
#3657=PRODUCT_DEFINITION_FORMATION('1','LAST_VERSION',#3656);
#3665=DERIVED_UNIT_ELEMENT(#3664,2.E0);
#3666=DERIVED_UNIT((#3665));
#3667=MEASURE_REPRESENTATION_ITEM('surface area measure',AREA_MEASURE(
8.549515470788E2),#3666);
#3672=DERIVED_UNIT_ELEMENT(#3671,3.E0);
#3673=DERIVED_UNIT((#3672));
#3674=MEASURE_REPRESENTATION_ITEM('volume measure',VOLUME_MEASURE(
3.478892594598E2),#3673);
#3678=CARTESIAN_POINT('centre point',(-2.253831895037E-14,3.276131685372E0,
6.522165182790E-2));
#3683=DERIVED_UNIT_ELEMENT(#3682,2.E0);
#3684=DERIVED_UNIT((#3683));
#3685=MEASURE_REPRESENTATION_ITEM('surface area measure',AREA_MEASURE(
8.549515470788E2),#3684);
#3690=DERIVED_UNIT_ELEMENT(#3689,3.E0);
#3691=DERIVED_UNIT((#3690));
#3692=MEASURE_REPRESENTATION_ITEM('volume measure',VOLUME_MEASURE(
3.478892594598E2),#3691);
#3696=CARTESIAN_POINT('centre point',(-2.253831895037E-14,3.276131685372E0,
6.522165182790E-2));
#3701=PRODUCT_RELATED_PRODUCT_CATEGORY('part','',(#3656));
#1=COLOUR_RGB('',8.784E-1,9.49E-1,1.E0);
#42=CIRCLE('',#41,2.E-1);
#207=CIRCLE('',#206,2.E-1);
#216=CIRCLE('',#215,2.E-1);
#533=CIRCLE('',#532,2.E-1);
#618=CIRCLE('',#617,6.4E-1);
#635=CIRCLE('',#634,1.28E0);
#664=CIRCLE('',#663,1.28E0);
#681=CIRCLE('',#680,6.4E-1);
#734=CIRCLE('',#733,6.4E-1);
#751=CIRCLE('',#750,1.28E0);
#780=CIRCLE('',#779,1.28E0);
#797=CIRCLE('',#796,6.4E-1);
#850=CIRCLE('',#849,6.4E-1);
#867=CIRCLE('',#866,1.28E0);
#896=CIRCLE('',#895,1.28E0);
#913=CIRCLE('',#912,6.4E-1);
#966=CIRCLE('',#965,6.4E-1);
#983=CIRCLE('',#982,1.28E0);
#1012=CIRCLE('',#1011,1.28E0);
#1029=CIRCLE('',#1028,6.4E-1);
#1082=CIRCLE('',#1081,6.4E-1);
#1099=CIRCLE('',#1098,1.28E0);
#1128=CIRCLE('',#1127,1.28E0);
#1145=CIRCLE('',#1144,6.4E-1);
#1198=CIRCLE('',#1197,6.4E-1);
#1215=CIRCLE('',#1214,1.28E0);
#1244=CIRCLE('',#1243,1.28E0);
#1261=CIRCLE('',#1260,6.4E-1);
#1715=EDGE_CURVE('',#1305,#1361,#5,.T.);
#1717=EDGE_CURVE('',#1351,#1361,#9,.T.);
#1719=EDGE_CURVE('',#1349,#1351,#13,.T.);
#1721=EDGE_CURVE('',#1347,#1349,#17,.T.);
#1723=EDGE_CURVE('',#1346,#1347,#21,.T.);
#1725=EDGE_CURVE('',#1365,#1346,#25,.T.);
#1727=EDGE_CURVE('',#1365,#1307,#29,.T.);
#1729=EDGE_CURVE('',#1307,#1296,#33,.T.);
#1731=EDGE_CURVE('',#1296,#1297,#37,.T.);
#1733=EDGE_CURVE('',#1297,#1300,#42,.T.);
#1735=EDGE_CURVE('',#1300,#1301,#46,.T.);
#1737=EDGE_CURVE('',#1301,#1304,#50,.T.);
#1739=EDGE_CURVE('',#1304,#1305,#54,.T.);
#1743=ADVANCED_FACE('',(#1742),#1714,.F.);
#1749=EDGE_CURVE('',#1336,#1637,#58,.T.);
#1751=EDGE_CURVE('',#1637,#1628,#62,.T.);
#1753=EDGE_CURVE('',#1624,#1628,#66,.T.);
#1755=EDGE_CURVE('',#1635,#1624,#138,.T.);
#1757=EDGE_CURVE('',#1635,#1358,#70,.T.);
#1759=EDGE_CURVE('',#1358,#1359,#74,.T.);
#1761=EDGE_CURVE('',#1361,#1359,#78,.T.);
#1764=EDGE_CURVE('',#1305,#1319,#82,.T.);
#1766=EDGE_CURVE('',#1319,#1339,#516,.T.);
#1768=EDGE_CURVE('',#1339,#1337,#86,.T.);
#1770=EDGE_CURVE('',#1336,#1337,#90,.T.);
#1774=ADVANCED_FACE('',(#1773),#1748,.T.);
#1781=EDGE_CURVE('',#1635,#1656,#94,.T.);
#1783=EDGE_CURVE('',#1656,#1661,#98,.T.);
#1785=EDGE_CURVE('',#1659,#1661,#102,.T.);
#1787=EDGE_CURVE('',#1657,#1659,#106,.T.);
#1789=EDGE_CURVE('',#1657,#1637,#110,.T.);
#1792=EDGE_CURVE('',#1336,#1341,#114,.T.);
#1794=EDGE_CURVE('',#1363,#1341,#360,.T.);
#1796=EDGE_CURVE('',#1358,#1363,#118,.T.);
#1800=ADVANCED_FACE('',(#1799),#1779,.T.);
#1806=EDGE_CURVE('',#1635,#1631,#122,.T.);
#1808=EDGE_CURVE('',#1631,#1633,#126,.T.);
#1810=EDGE_CURVE('',#1633,#1637,#130,.T.);
#1813=EDGE_CURVE('',#1656,#1657,#134,.T.);
#1818=ADVANCED_FACE('',(#1817),#1805,.T.);
#1824=EDGE_CURVE('',#1624,#1625,#142,.T.);
#1826=EDGE_CURVE('',#1625,#1631,#150,.T.);
#1832=ADVANCED_FACE('',(#1831),#1823,.F.);
#1840=EDGE_CURVE('',#1628,#1629,#146,.T.);
#1842=EDGE_CURVE('',#1625,#1629,#154,.T.);
#1846=ADVANCED_FACE('',(#1845),#1837,.T.);
#1855=EDGE_CURVE('',#1629,#1633,#158,.T.);
#1859=ADVANCED_FACE('',(#1858),#1851,.F.);
#1871=ADVANCED_FACE('',(#1870),#1864,.T.);
#1878=EDGE_CURVE('',#1657,#1641,#166,.T.);
#1880=EDGE_CURVE('',#1640,#1641,#194,.T.);
#1882=EDGE_CURVE('',#1656,#1640,#162,.T.);
#1886=ADVANCED_FACE('',(#1885),#1876,.F.);
#1892=EDGE_CURVE('',#1651,#1649,#174,.T.);
#1894=EDGE_CURVE('',#1641,#1649,#198,.T.);
#1898=EDGE_CURVE('',#1659,#1644,#328,.T.);
#1900=EDGE_CURVE('',#1651,#1644,#207,.T.);
#1904=ADVANCED_FACE('',(#1903),#1891,.F.);
#1910=EDGE_CURVE('',#1648,#1649,#170,.T.);
#1913=EDGE_CURVE('',#1651,#1314,#178,.T.);
#1915=EDGE_CURVE('',#1314,#1315,#528,.T.);
#1917=EDGE_CURVE('',#1301,#1315,#557,.T.);
#1920=EDGE_CURVE('',#1300,#1653,#182,.T.);
#1922=EDGE_CURVE('',#1653,#1648,#186,.T.);
#1926=ADVANCED_FACE('',(#1925),#1909,.T.);
#1933=EDGE_CURVE('',#1648,#1640,#190,.T.);
#1939=ADVANCED_FACE('',(#1938),#1931,.F.);
#1946=EDGE_CURVE('',#1653,#1645,#216,.T.);
#1948=EDGE_CURVE('',#1661,#1645,#202,.T.);
#1955=ADVANCED_FACE('',(#1954),#1944,.F.);
#1962=EDGE_CURVE('',#1644,#1311,#211,.T.);
#1964=EDGE_CURVE('',#1311,#1314,#533,.T.);
#1969=ADVANCED_FACE('',(#1968),#1960,.F.);
#1978=EDGE_CURVE('',#1297,#1645,#220,.T.);
#1982=ADVANCED_FACE('',(#1981),#1974,.F.);
#1988=EDGE_CURVE('',#1644,#1645,#224,.T.);
#1992=EDGE_CURVE('',#1296,#1310,#228,.T.);
#1994=EDGE_CURVE('',#1310,#1311,#537,.T.);
#1999=EDGE_CURVE('',#1416,#1417,#232,.T.);
#2001=EDGE_CURVE('',#1416,#1420,#236,.T.);
#2003=EDGE_CURVE('',#1420,#1421,#240,.T.);
#2005=EDGE_CURVE('',#1417,#1421,#244,.T.);
#2009=EDGE_CURVE('',#1464,#1465,#248,.T.);
#2011=EDGE_CURVE('',#1464,#1468,#252,.T.);
#2013=EDGE_CURVE('',#1468,#1469,#256,.T.);
#2015=EDGE_CURVE('',#1465,#1469,#260,.T.);
#2019=EDGE_CURVE('',#1512,#1513,#264,.T.);
#2021=EDGE_CURVE('',#1512,#1516,#268,.T.);
#2023=EDGE_CURVE('',#1516,#1517,#272,.T.);
#2025=EDGE_CURVE('',#1513,#1517,#276,.T.);
#2029=EDGE_CURVE('',#1560,#1561,#280,.T.);
#2031=EDGE_CURVE('',#1560,#1564,#284,.T.);
#2033=EDGE_CURVE('',#1564,#1565,#288,.T.);
#2035=EDGE_CURVE('',#1561,#1565,#292,.T.);
#2039=EDGE_CURVE('',#1608,#1609,#296,.T.);
#2041=EDGE_CURVE('',#1608,#1612,#300,.T.);
#2043=EDGE_CURVE('',#1612,#1613,#304,.T.);
#2045=EDGE_CURVE('',#1609,#1613,#308,.T.);
#2049=EDGE_CURVE('',#1696,#1697,#312,.T.);
#2051=EDGE_CURVE('',#1696,#1700,#316,.T.);
#2053=EDGE_CURVE('',#1700,#1701,#320,.T.);
#2055=EDGE_CURVE('',#1697,#1701,#324,.T.);
#2059=ADVANCED_FACE('',(#1998,#2008,#2018,#2028,#2038,#2048,#2058),#1987,.T.);
#2071=ADVANCED_FACE('',(#2070),#2064,.F.);
#2078=EDGE_CURVE('',#1307,#1321,#332,.T.);
#2080=EDGE_CURVE('',#1321,#1310,#541,.T.);
#2085=ADVANCED_FACE('',(#2084),#2076,.T.);
#2091=EDGE_CURVE('',#1341,#1369,#336,.T.);
#2093=EDGE_CURVE('',#1373,#1369,#340,.T.);
#2095=EDGE_CURVE('',#1343,#1373,#344,.T.);
#2097=EDGE_CURVE('',#1343,#1321,#492,.T.);
#2101=EDGE_CURVE('',#1365,#1380,#348,.T.);
#2103=EDGE_CURVE('',#1377,#1380,#352,.T.);
#2105=EDGE_CURVE('',#1363,#1377,#356,.T.);
#2110=EDGE_CURVE('',#1424,#1425,#364,.T.);
#2112=EDGE_CURVE('',#1425,#1429,#368,.T.);
#2114=EDGE_CURVE('',#1428,#1429,#372,.T.);
#2116=EDGE_CURVE('',#1424,#1428,#376,.T.);
#2120=EDGE_CURVE('',#1472,#1473,#380,.T.);
#2122=EDGE_CURVE('',#1473,#1477,#384,.T.);
#2124=EDGE_CURVE('',#1476,#1477,#388,.T.);
#2126=EDGE_CURVE('',#1472,#1476,#392,.T.);
#2130=EDGE_CURVE('',#1520,#1521,#396,.T.);
#2132=EDGE_CURVE('',#1521,#1525,#400,.T.);
#2134=EDGE_CURVE('',#1524,#1525,#404,.T.);
#2136=EDGE_CURVE('',#1520,#1524,#408,.T.);
#2140=EDGE_CURVE('',#1568,#1569,#412,.T.);
#2142=EDGE_CURVE('',#1569,#1573,#416,.T.);
#2144=EDGE_CURVE('',#1572,#1573,#420,.T.);
#2146=EDGE_CURVE('',#1568,#1572,#424,.T.);
#2150=EDGE_CURVE('',#1616,#1617,#428,.T.);
#2152=EDGE_CURVE('',#1617,#1621,#432,.T.);
#2154=EDGE_CURVE('',#1620,#1621,#436,.T.);
#2156=EDGE_CURVE('',#1616,#1620,#440,.T.);
#2160=EDGE_CURVE('',#1704,#1705,#444,.T.);
#2162=EDGE_CURVE('',#1705,#1709,#448,.T.);
#2164=EDGE_CURVE('',#1708,#1709,#452,.T.);
#2166=EDGE_CURVE('',#1704,#1708,#456,.T.);
#2170=ADVANCED_FACE('',(#2109,#2119,#2129,#2139,#2149,#2159,#2169),#2090,.T.);
#2176=EDGE_CURVE('',#1368,#1369,#460,.T.);
#2181=EDGE_CURVE('',#1337,#1332,#464,.T.);
#2183=EDGE_CURVE('',#1332,#1333,#468,.T.);
#2185=EDGE_CURVE('',#1333,#1368,#472,.T.);
#2189=ADVANCED_FACE('',(#2188),#2175,.F.);
#2196=EDGE_CURVE('',#1368,#1371,#476,.T.);
#2198=EDGE_CURVE('',#1371,#1373,#545,.T.);
#2203=ADVANCED_FACE('',(#2202),#2194,.F.);
#2210=EDGE_CURVE('',#1327,#1368,#480,.T.);
#2212=EDGE_CURVE('',#1327,#1329,#500,.T.);
#2214=EDGE_CURVE('',#1329,#1371,#549,.T.);
#2218=ADVANCED_FACE('',(#2217),#2208,.T.);
#2225=EDGE_CURVE('',#1325,#1333,#484,.T.);
#2227=EDGE_CURVE('',#1325,#1327,#504,.T.);
#2232=ADVANCED_FACE('',(#2231),#2223,.T.);
#2238=EDGE_CURVE('',#1324,#1325,#508,.T.);
#2242=EDGE_CURVE('',#1324,#1332,#488,.T.);
#2246=ADVANCED_FACE('',(#2245),#2237,.T.);
#2253=EDGE_CURVE('',#1329,#1343,#496,.T.);
#2258=EDGE_CURVE('',#1339,#1324,#512,.T.);
#2261=EDGE_CURVE('',#1318,#1319,#520,.T.);
#2263=EDGE_CURVE('',#1315,#1318,#524,.T.);
#2271=ADVANCED_FACE('',(#2270),#2251,.T.);
#2283=ADVANCED_FACE('',(#2282),#2276,.T.);
#2295=ADVANCED_FACE('',(#2294),#2288,.T.);
#2302=EDGE_CURVE('',#1304,#1318,#553,.T.);
#2308=ADVANCED_FACE('',(#2307),#2300,.T.);
#2320=ADVANCED_FACE('',(#2319),#2313,.T.);
#2326=EDGE_CURVE('',#1380,#1381,#561,.T.);
#2330=EDGE_CURVE('',#1346,#1381,#589,.T.);
#2334=ADVANCED_FACE('',(#2333),#2325,.T.);
#2340=EDGE_CURVE('',#1376,#1377,#565,.T.);
#2344=EDGE_CURVE('',#1381,#1376,#585,.T.);
#2348=ADVANCED_FACE('',(#2347),#2339,.F.);
#2355=EDGE_CURVE('',#1376,#1354,#569,.T.);
#2357=EDGE_CURVE('',#1354,#1355,#573,.T.);
#2359=EDGE_CURVE('',#1355,#1359,#577,.T.);
#2366=ADVANCED_FACE('',(#2365),#2353,.F.);
#2373=EDGE_CURVE('',#1347,#1376,#581,.T.);
#2376=EDGE_CURVE('',#1349,#1354,#593,.T.);
#2380=ADVANCED_FACE('',(#2379),#2371,.T.);
#2392=ADVANCED_FACE('',(#2391),#2385,.T.);
#2399=EDGE_CURVE('',#1351,#1355,#597,.T.);
#2405=ADVANCED_FACE('',(#2404),#2397,.T.);
#2417=ADVANCED_FACE('',(#2416),#2410,.T.);
#2424=EDGE_CURVE('',#1417,#1384,#601,.T.);
#2426=EDGE_CURVE('',#1384,#1385,#605,.T.);
#2428=EDGE_CURVE('',#1385,#1416,#609,.T.);
#2432=ADVANCED_FACE('',(#2431),#2422,.F.);
#2439=EDGE_CURVE('',#1424,#1388,#613,.T.);
#2441=EDGE_CURVE('',#1388,#1389,#618,.T.);
#2443=EDGE_CURVE('',#1389,#1391,#622,.T.);
#2445=EDGE_CURVE('',#1391,#1393,#626,.T.);
#2447=EDGE_CURVE('',#1393,#1395,#630,.T.);
#2449=EDGE_CURVE('',#1395,#1397,#635,.T.);
#2451=EDGE_CURVE('',#1397,#1425,#639,.T.);
#2455=ADVANCED_FACE('',(#2454),#2437,.F.);
#2462=EDGE_CURVE('',#1421,#1400,#655,.T.);
#2464=EDGE_CURVE('',#1384,#1400,#693,.T.);
#2469=ADVANCED_FACE('',(#2468),#2460,.T.);
#2477=EDGE_CURVE('',#1397,#1413,#643,.T.);
#2479=EDGE_CURVE('',#1413,#1429,#659,.T.);
#2483=ADVANCED_FACE('',(#2482),#2474,.T.);
#2490=EDGE_CURVE('',#1401,#1420,#647,.T.);
#2492=EDGE_CURVE('',#1400,#1401,#651,.T.);
#2497=ADVANCED_FACE('',(#2496),#2488,.T.);
#2505=EDGE_CURVE('',#1411,#1413,#664,.T.);
#2507=EDGE_CURVE('',#1409,#1411,#668,.T.);
#2509=EDGE_CURVE('',#1407,#1409,#672,.T.);
#2511=EDGE_CURVE('',#1405,#1407,#676,.T.);
#2513=EDGE_CURVE('',#1404,#1405,#681,.T.);
#2515=EDGE_CURVE('',#1428,#1404,#685,.T.);
#2519=ADVANCED_FACE('',(#2518),#2502,.T.);
#2527=EDGE_CURVE('',#1385,#1401,#689,.T.);
#2532=ADVANCED_FACE('',(#2531),#2524,.T.);
#2540=EDGE_CURVE('',#1388,#1404,#697,.T.);
#2545=ADVANCED_FACE('',(#2544),#2537,.T.);
#2557=ADVANCED_FACE('',(#2556),#2550,.T.);
#2566=EDGE_CURVE('',#1389,#1405,#701,.T.);
#2570=ADVANCED_FACE('',(#2569),#2562,.F.);
#2579=EDGE_CURVE('',#1391,#1407,#705,.T.);
#2583=ADVANCED_FACE('',(#2582),#2575,.T.);
#2592=EDGE_CURVE('',#1393,#1409,#709,.T.);
#2596=ADVANCED_FACE('',(#2595),#2588,.T.);
#2605=EDGE_CURVE('',#1395,#1411,#713,.T.);
#2609=ADVANCED_FACE('',(#2608),#2601,.T.);
#2621=ADVANCED_FACE('',(#2620),#2614,.T.);
#2628=EDGE_CURVE('',#1465,#1432,#717,.T.);
#2630=EDGE_CURVE('',#1432,#1433,#721,.T.);
#2632=EDGE_CURVE('',#1433,#1464,#725,.T.);
#2636=ADVANCED_FACE('',(#2635),#2626,.F.);
#2643=EDGE_CURVE('',#1472,#1436,#729,.T.);
#2645=EDGE_CURVE('',#1436,#1437,#734,.T.);
#2647=EDGE_CURVE('',#1437,#1439,#738,.T.);
#2649=EDGE_CURVE('',#1439,#1441,#742,.T.);
#2651=EDGE_CURVE('',#1441,#1443,#746,.T.);
#2653=EDGE_CURVE('',#1443,#1445,#751,.T.);
#2655=EDGE_CURVE('',#1445,#1473,#755,.T.);
#2659=ADVANCED_FACE('',(#2658),#2641,.F.);
#2666=EDGE_CURVE('',#1469,#1448,#771,.T.);
#2668=EDGE_CURVE('',#1432,#1448,#809,.T.);
#2673=ADVANCED_FACE('',(#2672),#2664,.T.);
#2681=EDGE_CURVE('',#1445,#1461,#759,.T.);
#2683=EDGE_CURVE('',#1461,#1477,#775,.T.);
#2687=ADVANCED_FACE('',(#2686),#2678,.T.);
#2694=EDGE_CURVE('',#1449,#1468,#763,.T.);
#2696=EDGE_CURVE('',#1448,#1449,#767,.T.);
#2701=ADVANCED_FACE('',(#2700),#2692,.T.);
#2709=EDGE_CURVE('',#1459,#1461,#780,.T.);
#2711=EDGE_CURVE('',#1457,#1459,#784,.T.);
#2713=EDGE_CURVE('',#1455,#1457,#788,.T.);
#2715=EDGE_CURVE('',#1453,#1455,#792,.T.);
#2717=EDGE_CURVE('',#1452,#1453,#797,.T.);
#2719=EDGE_CURVE('',#1476,#1452,#801,.T.);
#2723=ADVANCED_FACE('',(#2722),#2706,.T.);
#2731=EDGE_CURVE('',#1433,#1449,#805,.T.);
#2736=ADVANCED_FACE('',(#2735),#2728,.T.);
#2744=EDGE_CURVE('',#1436,#1452,#813,.T.);
#2749=ADVANCED_FACE('',(#2748),#2741,.T.);
#2761=ADVANCED_FACE('',(#2760),#2754,.T.);
#2770=EDGE_CURVE('',#1437,#1453,#817,.T.);
#2774=ADVANCED_FACE('',(#2773),#2766,.F.);
#2783=EDGE_CURVE('',#1439,#1455,#821,.T.);
#2787=ADVANCED_FACE('',(#2786),#2779,.T.);
#2796=EDGE_CURVE('',#1441,#1457,#825,.T.);
#2800=ADVANCED_FACE('',(#2799),#2792,.T.);
#2809=EDGE_CURVE('',#1443,#1459,#829,.T.);
#2813=ADVANCED_FACE('',(#2812),#2805,.T.);
#2825=ADVANCED_FACE('',(#2824),#2818,.T.);
#2832=EDGE_CURVE('',#1513,#1480,#833,.T.);
#2834=EDGE_CURVE('',#1480,#1481,#837,.T.);
#2836=EDGE_CURVE('',#1481,#1512,#841,.T.);
#2840=ADVANCED_FACE('',(#2839),#2830,.F.);
#2847=EDGE_CURVE('',#1520,#1484,#845,.T.);
#2849=EDGE_CURVE('',#1484,#1485,#850,.T.);
#2851=EDGE_CURVE('',#1485,#1487,#854,.T.);
#2853=EDGE_CURVE('',#1487,#1489,#858,.T.);
#2855=EDGE_CURVE('',#1489,#1491,#862,.T.);
#2857=EDGE_CURVE('',#1491,#1493,#867,.T.);
#2859=EDGE_CURVE('',#1493,#1521,#871,.T.);
#2863=ADVANCED_FACE('',(#2862),#2845,.F.);
#2870=EDGE_CURVE('',#1517,#1496,#887,.T.);
#2872=EDGE_CURVE('',#1480,#1496,#925,.T.);
#2877=ADVANCED_FACE('',(#2876),#2868,.T.);
#2885=EDGE_CURVE('',#1493,#1509,#875,.T.);
#2887=EDGE_CURVE('',#1509,#1525,#891,.T.);
#2891=ADVANCED_FACE('',(#2890),#2882,.T.);
#2898=EDGE_CURVE('',#1497,#1516,#879,.T.);
#2900=EDGE_CURVE('',#1496,#1497,#883,.T.);
#2905=ADVANCED_FACE('',(#2904),#2896,.T.);
#2913=EDGE_CURVE('',#1507,#1509,#896,.T.);
#2915=EDGE_CURVE('',#1505,#1507,#900,.T.);
#2917=EDGE_CURVE('',#1503,#1505,#904,.T.);
#2919=EDGE_CURVE('',#1501,#1503,#908,.T.);
#2921=EDGE_CURVE('',#1500,#1501,#913,.T.);
#2923=EDGE_CURVE('',#1524,#1500,#917,.T.);
#2927=ADVANCED_FACE('',(#2926),#2910,.T.);
#2935=EDGE_CURVE('',#1481,#1497,#921,.T.);
#2940=ADVANCED_FACE('',(#2939),#2932,.T.);
#2948=EDGE_CURVE('',#1484,#1500,#929,.T.);
#2953=ADVANCED_FACE('',(#2952),#2945,.T.);
#2965=ADVANCED_FACE('',(#2964),#2958,.T.);
#2974=EDGE_CURVE('',#1485,#1501,#933,.T.);
#2978=ADVANCED_FACE('',(#2977),#2970,.F.);
#2987=EDGE_CURVE('',#1487,#1503,#937,.T.);
#2991=ADVANCED_FACE('',(#2990),#2983,.T.);
#3000=EDGE_CURVE('',#1489,#1505,#941,.T.);
#3004=ADVANCED_FACE('',(#3003),#2996,.T.);
#3013=EDGE_CURVE('',#1491,#1507,#945,.T.);
#3017=ADVANCED_FACE('',(#3016),#3009,.T.);
#3029=ADVANCED_FACE('',(#3028),#3022,.T.);
#3036=EDGE_CURVE('',#1561,#1528,#949,.T.);
#3038=EDGE_CURVE('',#1528,#1529,#953,.T.);
#3040=EDGE_CURVE('',#1529,#1560,#957,.T.);
#3044=ADVANCED_FACE('',(#3043),#3034,.F.);
#3051=EDGE_CURVE('',#1568,#1532,#961,.T.);
#3053=EDGE_CURVE('',#1532,#1533,#966,.T.);
#3055=EDGE_CURVE('',#1533,#1535,#970,.T.);
#3057=EDGE_CURVE('',#1535,#1537,#974,.T.);
#3059=EDGE_CURVE('',#1537,#1539,#978,.T.);
#3061=EDGE_CURVE('',#1539,#1541,#983,.T.);
#3063=EDGE_CURVE('',#1541,#1569,#987,.T.);
#3067=ADVANCED_FACE('',(#3066),#3049,.F.);
#3074=EDGE_CURVE('',#1565,#1544,#1003,.T.);
#3076=EDGE_CURVE('',#1528,#1544,#1041,.T.);
#3081=ADVANCED_FACE('',(#3080),#3072,.T.);
#3089=EDGE_CURVE('',#1541,#1557,#991,.T.);
#3091=EDGE_CURVE('',#1557,#1573,#1007,.T.);
#3095=ADVANCED_FACE('',(#3094),#3086,.T.);
#3102=EDGE_CURVE('',#1545,#1564,#995,.T.);
#3104=EDGE_CURVE('',#1544,#1545,#999,.T.);
#3109=ADVANCED_FACE('',(#3108),#3100,.T.);
#3117=EDGE_CURVE('',#1555,#1557,#1012,.T.);
#3119=EDGE_CURVE('',#1553,#1555,#1016,.T.);
#3121=EDGE_CURVE('',#1551,#1553,#1020,.T.);
#3123=EDGE_CURVE('',#1549,#1551,#1024,.T.);
#3125=EDGE_CURVE('',#1548,#1549,#1029,.T.);
#3127=EDGE_CURVE('',#1572,#1548,#1033,.T.);
#3131=ADVANCED_FACE('',(#3130),#3114,.T.);
#3139=EDGE_CURVE('',#1529,#1545,#1037,.T.);
#3144=ADVANCED_FACE('',(#3143),#3136,.T.);
#3152=EDGE_CURVE('',#1532,#1548,#1045,.T.);
#3157=ADVANCED_FACE('',(#3156),#3149,.T.);
#3169=ADVANCED_FACE('',(#3168),#3162,.T.);
#3178=EDGE_CURVE('',#1533,#1549,#1049,.T.);
#3182=ADVANCED_FACE('',(#3181),#3174,.F.);
#3191=EDGE_CURVE('',#1535,#1551,#1053,.T.);
#3195=ADVANCED_FACE('',(#3194),#3187,.T.);
#3204=EDGE_CURVE('',#1537,#1553,#1057,.T.);
#3208=ADVANCED_FACE('',(#3207),#3200,.T.);
#3217=EDGE_CURVE('',#1539,#1555,#1061,.T.);
#3221=ADVANCED_FACE('',(#3220),#3213,.T.);
#3233=ADVANCED_FACE('',(#3232),#3226,.T.);
#3240=EDGE_CURVE('',#1609,#1576,#1065,.T.);
#3242=EDGE_CURVE('',#1576,#1577,#1069,.T.);
#3244=EDGE_CURVE('',#1577,#1608,#1073,.T.);
#3248=ADVANCED_FACE('',(#3247),#3238,.F.);
#3255=EDGE_CURVE('',#1616,#1580,#1077,.T.);
#3257=EDGE_CURVE('',#1580,#1581,#1082,.T.);
#3259=EDGE_CURVE('',#1581,#1583,#1086,.T.);
#3261=EDGE_CURVE('',#1583,#1585,#1090,.T.);
#3263=EDGE_CURVE('',#1585,#1587,#1094,.T.);
#3265=EDGE_CURVE('',#1587,#1589,#1099,.T.);
#3267=EDGE_CURVE('',#1589,#1617,#1103,.T.);
#3271=ADVANCED_FACE('',(#3270),#3253,.F.);
#3278=EDGE_CURVE('',#1613,#1592,#1119,.T.);
#3280=EDGE_CURVE('',#1576,#1592,#1157,.T.);
#3285=ADVANCED_FACE('',(#3284),#3276,.T.);
#3293=EDGE_CURVE('',#1589,#1605,#1107,.T.);
#3295=EDGE_CURVE('',#1605,#1621,#1123,.T.);
#3299=ADVANCED_FACE('',(#3298),#3290,.T.);
#3306=EDGE_CURVE('',#1593,#1612,#1111,.T.);
#3308=EDGE_CURVE('',#1592,#1593,#1115,.T.);
#3313=ADVANCED_FACE('',(#3312),#3304,.T.);
#3321=EDGE_CURVE('',#1603,#1605,#1128,.T.);
#3323=EDGE_CURVE('',#1601,#1603,#1132,.T.);
#3325=EDGE_CURVE('',#1599,#1601,#1136,.T.);
#3327=EDGE_CURVE('',#1597,#1599,#1140,.T.);
#3329=EDGE_CURVE('',#1596,#1597,#1145,.T.);
#3331=EDGE_CURVE('',#1620,#1596,#1149,.T.);
#3335=ADVANCED_FACE('',(#3334),#3318,.T.);
#3343=EDGE_CURVE('',#1577,#1593,#1153,.T.);
#3348=ADVANCED_FACE('',(#3347),#3340,.T.);
#3356=EDGE_CURVE('',#1580,#1596,#1161,.T.);
#3361=ADVANCED_FACE('',(#3360),#3353,.T.);
#3373=ADVANCED_FACE('',(#3372),#3366,.T.);
#3382=EDGE_CURVE('',#1581,#1597,#1165,.T.);
#3386=ADVANCED_FACE('',(#3385),#3378,.F.);
#3395=EDGE_CURVE('',#1583,#1599,#1169,.T.);
#3399=ADVANCED_FACE('',(#3398),#3391,.T.);
#3408=EDGE_CURVE('',#1585,#1601,#1173,.T.);
#3412=ADVANCED_FACE('',(#3411),#3404,.T.);
#3421=EDGE_CURVE('',#1587,#1603,#1177,.T.);
#3425=ADVANCED_FACE('',(#3424),#3417,.T.);
#3437=ADVANCED_FACE('',(#3436),#3430,.T.);
#3444=EDGE_CURVE('',#1697,#1664,#1181,.T.);
#3446=EDGE_CURVE('',#1664,#1665,#1185,.T.);
#3448=EDGE_CURVE('',#1665,#1696,#1189,.T.);
#3452=ADVANCED_FACE('',(#3451),#3442,.F.);
#3459=EDGE_CURVE('',#1704,#1668,#1193,.T.);
#3461=EDGE_CURVE('',#1668,#1669,#1198,.T.);
#3463=EDGE_CURVE('',#1669,#1671,#1202,.T.);
#3465=EDGE_CURVE('',#1671,#1673,#1206,.T.);
#3467=EDGE_CURVE('',#1673,#1675,#1210,.T.);
#3469=EDGE_CURVE('',#1675,#1677,#1215,.T.);
#3471=EDGE_CURVE('',#1677,#1705,#1219,.T.);
#3475=ADVANCED_FACE('',(#3474),#3457,.F.);
#3482=EDGE_CURVE('',#1701,#1680,#1235,.T.);
#3484=EDGE_CURVE('',#1664,#1680,#1273,.T.);
#3489=ADVANCED_FACE('',(#3488),#3480,.T.);
#3497=EDGE_CURVE('',#1677,#1693,#1223,.T.);
#3499=EDGE_CURVE('',#1693,#1709,#1239,.T.);
#3503=ADVANCED_FACE('',(#3502),#3494,.T.);
#3510=EDGE_CURVE('',#1681,#1700,#1227,.T.);
#3512=EDGE_CURVE('',#1680,#1681,#1231,.T.);
#3517=ADVANCED_FACE('',(#3516),#3508,.T.);
#3525=EDGE_CURVE('',#1691,#1693,#1244,.T.);
#3527=EDGE_CURVE('',#1689,#1691,#1248,.T.);
#3529=EDGE_CURVE('',#1687,#1689,#1252,.T.);
#3531=EDGE_CURVE('',#1685,#1687,#1256,.T.);
#3533=EDGE_CURVE('',#1684,#1685,#1261,.T.);
#3535=EDGE_CURVE('',#1708,#1684,#1265,.T.);
#3539=ADVANCED_FACE('',(#3538),#3522,.T.);
#3547=EDGE_CURVE('',#1665,#1681,#1269,.T.);
#3552=ADVANCED_FACE('',(#3551),#3544,.T.);
#3560=EDGE_CURVE('',#1668,#1684,#1277,.T.);
#3565=ADVANCED_FACE('',(#3564),#3557,.T.);
#3577=ADVANCED_FACE('',(#3576),#3570,.T.);
#3586=EDGE_CURVE('',#1669,#1685,#1281,.T.);
#3590=ADVANCED_FACE('',(#3589),#3582,.F.);
#3599=EDGE_CURVE('',#1671,#1687,#1285,.T.);
#3603=ADVANCED_FACE('',(#3602),#3595,.T.);
#3612=EDGE_CURVE('',#1673,#1689,#1289,.T.);
#3616=ADVANCED_FACE('',(#3615),#3608,.T.);
#3625=EDGE_CURVE('',#1675,#1691,#1293,.T.);
#3629=ADVANCED_FACE('',(#3628),#3621,.T.);
#3641=ADVANCED_FACE('',(#3640),#3634,.T.);
#3644=(LENGTH_UNIT()NAMED_UNIT(*)SI_UNIT(.MILLI.,.METRE.));
#3645=(NAMED_UNIT(*)PLANE_ANGLE_UNIT()SI_UNIT($,.RADIAN.));
#3648=(NAMED_UNIT(*)SI_UNIT($,.STERADIAN.)SOLID_ANGLE_UNIT());
#3650=(GEOMETRIC_REPRESENTATION_CONTEXT(3)GLOBAL_UNCERTAINTY_ASSIGNED_CONTEXT((
#3649))GLOBAL_UNIT_ASSIGNED_CONTEXT((#3644,#3647,#3648))REPRESENTATION_CONTEXT(
'ID1','3'));
#3651=ADVANCED_BREP_SHAPE_REPRESENTATION('',(#3643),#3650);
#3658=PRODUCT_DEFINITION('part definition','',#3657,#3654);
#3659=PRODUCT_DEFINITION_SHAPE('','SHAPE FOR C-171826-6.',#3658);
#3660=SHAPE_ASPECT('','solid data associated with C-171826-6',#3659,.F.);
#3661=PROPERTY_DEFINITION('',
'shape for solid data with which properties are associated',#3660);
#3662=SHAPE_REPRESENTATION('',(#3643),#3650);
#3663=SHAPE_DEFINITION_REPRESENTATION(#3661,#3662);
#3664=(LENGTH_UNIT()NAMED_UNIT(*)SI_UNIT(.MILLI.,.METRE.));
#3668=PROPERTY_DEFINITION('geometric validation property','area of C-171826-6',
#3660);
#3669=REPRESENTATION('surface area',(#3667),#3650);
#3670=PROPERTY_DEFINITION_REPRESENTATION(#3668,#3669);
#3671=(LENGTH_UNIT()NAMED_UNIT(*)SI_UNIT(.MILLI.,.METRE.));
#3675=PROPERTY_DEFINITION('geometric validation property',
'volume of C-171826-6',#3660);
#3676=REPRESENTATION('volume',(#3674),#3650);
#3677=PROPERTY_DEFINITION_REPRESENTATION(#3675,#3676);
#3679=PROPERTY_DEFINITION('geometric validation property',
'centroid of C-171826-6',#3660);
#3680=REPRESENTATION('centroid',(#3678),#3650);
#3681=PROPERTY_DEFINITION_REPRESENTATION(#3679,#3680);
#3682=(LENGTH_UNIT()NAMED_UNIT(*)SI_UNIT(.MILLI.,.METRE.));
#3686=PROPERTY_DEFINITION('geometric validation property','area of C-171826-6',
#3659);
#3687=REPRESENTATION('surface area',(#3685),#3650);
#3688=PROPERTY_DEFINITION_REPRESENTATION(#3686,#3687);
#3689=(LENGTH_UNIT()NAMED_UNIT(*)SI_UNIT(.MILLI.,.METRE.));
#3693=PROPERTY_DEFINITION('geometric validation property',
'volume of C-171826-6',#3659);
#3694=REPRESENTATION('volume',(#3692),#3650);
#3695=PROPERTY_DEFINITION_REPRESENTATION(#3693,#3694);
#3697=PROPERTY_DEFINITION('geometric validation property',
'centroid of C-171826-6',#3659);
#3698=REPRESENTATION('centroid',(#3696),#3650);
#3699=PROPERTY_DEFINITION_REPRESENTATION(#3697,#3698);
#3700=SHAPE_DEFINITION_REPRESENTATION(#3659,#3651);
ENDSEC;
END-ISO-10303-21;
