ISO-10303-21;
HEADER;
FILE_DESCRIPTION (( 'STEP AP214' ),
    '1' );
FILE_NAME ('GP2Y1010AU0F.STEP',
    '2021-11-05T21:51:33',
    ( '' ),
    ( '' ),
    'SwSTEP 2.0',
    'SolidWorks 2017',
    '' );
FILE_SCHEMA (( 'AUTOMOTIVE_DESIGN' ));
ENDSEC;

DATA;
#1 = AXIS2_PLACEMENT_3D ( 'NONE', #3157, #6393, #545 ) ;
#2 = DIRECTION ( 'NONE',  ( 1.000000000000000000, -0.0000000000000000000, 1.224646799147353200E-016 ) ) ;
#3 = VECTOR ( 'NONE', #574, 1000.000000000000000 ) ;
#4 = DIRECTION ( 'NONE',  ( -0.0000000000000000000, -1.000000000000000000, -0.0000000000000000000 ) ) ;
#5 = FACE_OUTER_BOUND ( 'NONE', #1018, .T. ) ;
#6 = DIRECTION ( 'NONE',  ( 2.312964634635743000E-016, 0.0000000000000000000, 1.000000000000000000 ) ) ;
#7 = ORIENTED_EDGE ( 'NONE', *, *, #4704, .T. ) ;
#8 = SURFACE_STYLE_FILL_AREA ( #1321 ) ;
#9 = AXIS2_PLACEMENT_3D ( 'NONE', #2534, #6715, #4711 ) ;
#10 = FACE_OUTER_BOUND ( 'NONE', #6305, .T. ) ;
#11 = EDGE_CURVE ( 'NONE', #308, #3092, #6681, .T. ) ;
#12 = DIRECTION ( 'NONE',  ( 0.0000000000000000000, 0.0000000000000000000, 1.000000000000000000 ) ) ;
#13 = LINE ( 'NONE', #4164, #437 ) ;
#14 = CARTESIAN_POINT ( 'NONE',  ( 13.90000000000000000, 16.30000000000000100, -1.700000000000002000 ) ) ;
#15 = VERTEX_POINT ( 'NONE', #5655 ) ;
#16 = LINE ( 'NONE', #3195, #1431 ) ;
#17 = CARTESIAN_POINT ( 'NONE',  ( -21.40000000000000600, 15.79983162191124200, -1.200000000000001100 ) ) ;
#18 =( NAMED_UNIT ( * ) PLANE_ANGLE_UNIT ( ) SI_UNIT ( $, .RADIAN. ) );
#19 = FACE_OUTER_BOUND ( 'NONE', #5593, .T. ) ;
#20 =( GEOMETRIC_REPRESENTATION_CONTEXT ( 3 ) GLOBAL_UNCERTAINTY_ASSIGNED_CONTEXT ( ( #2987 ) ) GLOBAL_UNIT_ASSIGNED_CONTEXT ( ( #3290, #5459, #812 ) ) REPRESENTATION_CONTEXT ( 'NONE', 'WORKASPACE' ) );
#21 = CARTESIAN_POINT ( 'NONE',  ( -23.00000000000000000, 78.31812087098393200, 15.00000000000000200 ) ) ;
#22 = EDGE_CURVE ( 'NONE', #1993, #2913, #5284, .T. ) ;
#23 = EDGE_CURVE ( 'NONE', #1038, #4805, #4173, .T. ) ;
#24 = FACE_OUTER_BOUND ( 'NONE', #1000, .T. ) ;
#25 = LINE ( 'NONE', #4530, #2870 ) ;
#26 = CARTESIAN_POINT ( 'NONE',  ( -6.249999999999998200, 17.60000000000000100, 9.200000000000001100 ) ) ;
#27 = ORIENTED_EDGE ( 'NONE', *, *, #4903, .F. ) ;
#28 = DIRECTION ( 'NONE',  ( -0.0000000000000000000, 1.000000000000000000, -0.0000000000000000000 ) ) ;
#29 = PLANE ( 'NONE',  #5082 ) ;
#30 = ADVANCED_FACE ( 'NONE', ( #1532, #2535 ), #6704, .F. ) ;
#31 = AXIS2_PLACEMENT_3D ( 'NONE', #4724, #498, #4799 ) ;
#32 = ORIENTED_EDGE ( 'NONE', *, *, #5608, .F. ) ;
#33 = VECTOR ( 'NONE', #3432, 1000.000000000000000 ) ;
#34 = CARTESIAN_POINT ( 'NONE',  ( -19.80000000000001100, 15.00000000000000200, -1.200000000000001100 ) ) ;
#35 = DIRECTION ( 'NONE',  ( -1.000000000000000000, 0.0000000000000000000, 0.0000000000000000000 ) ) ;
#36 = ORIENTED_EDGE ( 'NONE', *, *, #1157, .T. ) ;
#37 = FILL_AREA_STYLE_COLOUR ( '', #1778 ) ;
#38 = CIRCLE ( 'NONE', #3619, 1.249999999999999300 ) ;
#39 = VERTEX_POINT ( 'NONE', #450 ) ;
#40 = AXIS2_PLACEMENT_3D ( 'NONE', #325, #2052, #6858 ) ;
#41 = DIRECTION ( 'NONE',  ( -0.0000000000000000000, -1.000000000000000000, -0.0000000000000000000 ) ) ;
#42 = DIRECTION ( 'NONE',  ( -0.0000000000000000000, 1.000000000000000000, -0.0000000000000000000 ) ) ;
#43 = DIRECTION ( 'NONE',  ( -6.424901762877091100E-016, 0.0000000000000000000, 1.000000000000000000 ) ) ;
#44 = DIRECTION ( 'NONE',  ( 0.0000000000000000000, 0.0000000000000000000, -1.000000000000000000 ) ) ;
#45 =( NAMED_UNIT ( * ) SI_UNIT ( $, .STERADIAN. ) SOLID_ANGLE_UNIT ( ) );
#46 = CARTESIAN_POINT ( 'NONE',  ( 8.100000000000001400, 16.30000000000000100, -4.450000000000002000 ) ) ;
#47 = ORIENTED_EDGE ( 'NONE', *, *, #4950, .T. ) ;
#48 = B_SPLINE_CURVE_WITH_KNOTS ( 'NONE', 3,
 ( #2342, #6500, #1746, #1264, #2318 ),
 .UNSPECIFIED., .F., .F.,
 ( 4, 1, 4 ),
 ( 0.0008251932643149324600, 0.0008323080342449417600, 0.0008394228041749510600 ),
 .UNSPECIFIED. ) ;
#49 = VECTOR ( 'NONE', #6818, 1000.000000000000000 ) ;
#50 = CARTESIAN_POINT ( 'NONE',  ( 12.90000000000000200, 16.30000000000000100, -4.150000000000002100 ) ) ;
#51 = VECTOR ( 'NONE', #5765, 1000.000000000000000 ) ;
#52 = ORIENTED_EDGE ( 'NONE', *, *, #3233, .F. ) ;
#53 = DIRECTION ( 'NONE',  ( 0.0000000000000000000, 0.0000000000000000000, 1.000000000000000000 ) ) ;
#54 = CARTESIAN_POINT ( 'NONE',  ( 7.500000000000000900, 16.30000000000000100, -4.450000000000002000 ) ) ;
#55 = PRESENTATION_LAYER_ASSIGNMENT (  '', '', ( #4546 ) ) ;
#56 = ORIENTED_EDGE ( 'NONE', *, *, #6612, .F. ) ;
#57 = VECTOR ( 'NONE', #4022, 1000.000000000000000 ) ;
#58 = SURFACE_STYLE_USAGE ( .BOTH. , #1603 ) ;
#59 = EDGE_CURVE ( 'NONE', #88, #5745, #2779, .T. ) ;
#60 = CIRCLE ( 'NONE', #6667, 0.2999999999999999300 ) ;
#61 = VERTEX_POINT ( 'NONE', #501 ) ;
#62 = DIRECTION ( 'NONE',  ( -0.0000000000000000000, 1.000000000000000000, -0.0000000000000000000 ) ) ;
#63 = DIRECTION ( 'NONE',  ( 1.734723475976807300E-016, 0.0000000000000000000, 1.000000000000000000 ) ) ;
#64 = VERTEX_POINT ( 'NONE', #5679 ) ;
#65 = MECHANICAL_DESIGN_GEOMETRIC_PRESENTATION_REPRESENTATION (  '', ( #6482 ), #6272 ) ;
#66 = TOROIDAL_SURFACE ( 'NONE', #4065, 1.400000000000003200, 0.5999999999999999800 ) ;
#67 = CARTESIAN_POINT ( 'NONE',  ( -1.000000000000000900, 14.30000000000000200, -12.00000000000001200 ) ) ;
#68 = ORIENTED_EDGE ( 'NONE', *, *, #4430, .F. ) ;
#69 = LINE ( 'NONE', #5754, #3308 ) ;
#70 = EDGE_CURVE ( 'NONE', #6089, #4033, #3514, .T. ) ;
#71 = EDGE_CURVE ( 'NONE', #1573, #245, #2196, .T. ) ;
#72 = ADVANCED_FACE ( 'NONE', ( #5956 ), #4196, .T. ) ;
#73 = CARTESIAN_POINT ( 'NONE',  ( -20.20000000000000600, 15.79983162191123800, -2.400000000000001200 ) ) ;
#74 = SURFACE_SIDE_STYLE ('',( #5868 ) ) ;
#75 = DIRECTION ( 'NONE',  ( -8.177564888977994400E-016, 0.7071067811865487900, 0.7071067811865463500 ) ) ;
#76 = ORIENTED_EDGE ( 'NONE', *, *, #4431, .T. ) ;
#77 = SURFACE_STYLE_FILL_AREA ( #1104 ) ;
#78 = ORIENTED_EDGE ( 'NONE', *, *, #126, .F. ) ;
#79 = FACE_OUTER_BOUND ( 'NONE', #3645, .T. ) ;
#80 = CARTESIAN_POINT ( 'NONE',  ( 19.40000000000000600, 13.80000000000000100, -14.50000000000000000 ) ) ;
#81 = EDGE_CURVE ( 'NONE', #5388, #4081, #5376, .T. ) ;
#82 = ORIENTED_EDGE ( 'NONE', *, *, #6141, .T. ) ;
#83 = AXIS2_PLACEMENT_3D ( 'NONE', #1030, #1554, #6868 ) ;
#84 = SURFACE_SIDE_STYLE ('',( #1118 ) ) ;
#85 = CARTESIAN_POINT ( 'NONE',  ( -4.799999999999997200, 13.60000000000000300, 12.00000000000000700 ) ) ;
#86 = VERTEX_POINT ( 'NONE', #6863 ) ;
#87 = CARTESIAN_POINT ( 'NONE',  ( -21.40000000000000200, 15.80000000000288600, -0.9339528203015580200 ) ) ;
#88 = VERTEX_POINT ( 'NONE', #6795 ) ;
#89 = CIRCLE ( 'NONE', #3000, 0.3000000000000016500 ) ;
#90 = DIRECTION ( 'NONE',  ( -2.312964634635743000E-016, 0.0000000000000000000, -1.000000000000000000 ) ) ;
#91 = ORIENTED_EDGE ( 'NONE', *, *, #5114, .T. ) ;
#92 = ORIENTED_EDGE ( 'NONE', *, *, #5796, .T. ) ;
#93 = VERTEX_POINT ( 'NONE', #3671 ) ;
#94 = CIRCLE ( 'NONE', #2906, 0.2999999999999999300 ) ;
#95 = DIRECTION ( 'NONE',  ( 0.0000000000000000000, 1.000000000000000000, 0.0000000000000000000 ) ) ;
#96 = DIRECTION ( 'NONE',  ( -0.0000000000000000000, -0.0000000000000000000, 1.000000000000000000 ) ) ;
#97 = DIRECTION ( 'NONE',  ( -2.891205793294678600E-015, 0.0000000000000000000, -1.000000000000000000 ) ) ;
#98 = ORIENTED_EDGE ( 'NONE', *, *, #6193, .T. ) ;
#99 = ORIENTED_EDGE ( 'NONE', *, *, #6139, .T. ) ;
#100 = CARTESIAN_POINT ( 'NONE',  ( -6.249999999999998200, 17.30000000000000100, 10.45000000000000100 ) ) ;
#101 = LINE ( 'NONE', #853, #5601 ) ;
#102 = DIRECTION ( 'NONE',  ( 0.6038772616713568000, 0.5636187775599327300, 0.5636187775599307300 ) ) ;
#103 = EDGE_CURVE ( 'NONE', #5823, #3946, #1448, .T. ) ;
#104 = FACE_OUTER_BOUND ( 'NONE', #940, .T. ) ;
#105 = CIRCLE ( 'NONE', #4405, 1.000000000000000900 ) ;
#106 = EDGE_LOOP ( 'NONE', ( #5755, #6096, #160, #507 ) ) ;
#107 = CIRCLE ( 'NONE', #691, 1.400000000000003200 ) ;
#108 = CARTESIAN_POINT ( 'NONE',  ( -19.80000000000000800, 15.80000000000000100, 0.3856406460551048400 ) ) ;
#109 = CARTESIAN_POINT ( 'NONE',  ( 20.50000000000000400, 12.09999999999999800, -5.500000000000004400 ) ) ;
#110 = ADVANCED_FACE ( 'NONE', ( #1041 ), #2544, .F. ) ;
#111 = FACE_OUTER_BOUND ( 'NONE', #3856, .T. ) ;
#112 = DIRECTION ( 'NONE',  ( -0.0000000000000000000, 1.000000000000000000, -0.0000000000000000000 ) ) ;
#113 = COLOUR_RGB ( '',1.000000000000000000, 0.8117647058823529400, 0.5019607843137254800 ) ;
#114 = VERTEX_POINT ( 'NONE', #2060 ) ;
#115 = EDGE_CURVE ( 'NONE', #86, #2747, #3933, .T. ) ;
#116 = EDGE_CURVE ( 'NONE', #4282, #570, #4682, .T. ) ;
#117 = DIRECTION ( 'NONE',  ( -0.6823182503600109200, 0.7310552682428692600, -0.0000000000000000000 ) ) ;
#118 = ORIENTED_EDGE ( 'NONE', *, *, #6221, .F. ) ;
#119 = CARTESIAN_POINT ( 'NONE',  ( 11.30000000000000100, 16.30000000000000100, -1.700000000000002000 ) ) ;
#120 = VECTOR ( 'NONE', #4411, 1000.000000000000000 ) ;
#121 = CARTESIAN_POINT ( 'NONE',  ( 5.700000000000002800, 14.30000000000000200, -0.7000000000000027300 ) ) ;
#122 = DIRECTION ( 'NONE',  ( -1.000000000000000000, 0.0000000000000000000, -0.0000000000000000000 ) ) ;
#123 = ORIENTED_EDGE ( 'NONE', *, *, #4911, .T. ) ;
#124 = CARTESIAN_POINT ( 'NONE',  ( -23.00000000000000000, 11.70000000000000300, -15.00000000000000200 ) ) ;
#125 = CIRCLE ( 'NONE', #5365, 4.000000000000000000 ) ;
#126 = EDGE_CURVE ( 'NONE', #6135, #1266, #2939, .T. ) ;
#127 = SURFACE_STYLE_USAGE ( .BOTH. , #3303 ) ;
#128 = ORIENTED_EDGE ( 'NONE', *, *, #1287, .T. ) ;
#129 = CARTESIAN_POINT ( 'NONE',  ( -23.00000000000000000, 11.70000000000000300, -15.00000000000000200 ) ) ;
#130 = FACE_OUTER_BOUND ( 'NONE', #664, .T. ) ;
#131 = ORIENTED_EDGE ( 'NONE', *, *, #1147, .F. ) ;
#132 = CARTESIAN_POINT ( 'NONE',  ( 18.50000000000000400, 14.30000000000000200, -5.500000000000004400 ) ) ;
#133 = MANIFOLD_SOLID_BREP ( 'Terminal 3', #1348 ) ;
#134 = STYLED_ITEM ( 'NONE', ( #1784 ), #307 ) ;
#135 = VERTEX_POINT ( 'NONE', #597 ) ;
#136 = VECTOR ( 'NONE', #3206, 1000.000000000000000 ) ;
#137 = ORIENTED_EDGE ( 'NONE', *, *, #3622, .T. ) ;
#138 = CARTESIAN_POINT ( 'NONE',  ( -7.699999999999998400, 12.09999999999999800, 4.300000000000002500 ) ) ;
#139 = DIRECTION ( 'NONE',  ( 0.0000000000000000000, -0.0000000000000000000, -1.000000000000000000 ) ) ;
#140 = VERTEX_POINT ( 'NONE', #4877 ) ;
#141 = VERTEX_POINT ( 'NONE', #5395 ) ;
#142 = ADVANCED_FACE ( 'NONE', ( #24 ), #622, .F. ) ;
#143 = DIRECTION ( 'NONE',  ( -1.000000000000000000, 0.0000000000000000000, -0.0000000000000000000 ) ) ;
#144 = DIRECTION ( 'NONE',  ( 0.0000000000000000000, -0.0000000000000000000, -1.000000000000000000 ) ) ;
#145 = PLANE ( 'NONE',  #2694 ) ;
#146 = ORIENTED_EDGE ( 'NONE', *, *, #1185, .F. ) ;
#147 = ORIENTED_EDGE ( 'NONE', *, *, #4208, .F. ) ;
#148 = FILL_AREA_STYLE_COLOUR ( '', #2128 ) ;
#149 = CARTESIAN_POINT ( 'NONE',  ( 3.615075759508239500, 13.80000000000000100, -7.667766952966389700 ) ) ;
#150 = FACE_OUTER_BOUND ( 'NONE', #5252, .T. ) ;
#151 = ORIENTED_EDGE ( 'NONE', *, *, #1856, .T. ) ;
#152 = LINE ( 'NONE', #4326, #5325 ) ;
#153 = CARTESIAN_POINT ( 'NONE',  ( -22.69999999999999900, 12.09999999999999800, 14.70000000000000100 ) ) ;
#154 = EDGE_CURVE ( 'NONE', #1923, #1299, #1368, .T. ) ;
#155 = EDGE_LOOP ( 'NONE', ( #257, #2623, #4712, #5004 ) ) ;
#156 = VERTEX_POINT ( 'NONE', #4316 ) ;
#157 = CIRCLE ( 'NONE', #6436, 2.200000000000000600 ) ;
#158 = DIRECTION ( 'NONE',  ( 0.0000000000000000000, -0.0000000000000000000, -1.000000000000000000 ) ) ;
#159 = MECHANICAL_DESIGN_GEOMETRIC_PRESENTATION_REPRESENTATION (  '', ( #4429 ), #2038 ) ;
#160 = ORIENTED_EDGE ( 'NONE', *, *, #1372, .T. ) ;
#161 = EDGE_CURVE ( 'NONE', #3118, #2635, #2703, .T. ) ;
#162 = EDGE_CURVE ( 'NONE', #3807, #6394, #4092, .T. ) ;
#163 = VERTEX_POINT ( 'NONE', #6400 ) ;
#164 = LINE ( 'NONE', #5874, #1334 ) ;
#165 = DIRECTION ( 'NONE',  ( -0.0000000000000000000, 1.000000000000000000, -0.0000000000000000000 ) ) ;
#166 = DIRECTION ( 'NONE',  ( -1.000000000000000000, -0.0000000000000000000, -0.0000000000000000000 ) ) ;
#167 = DIRECTION ( 'NONE',  ( -1.000000000000000000, -0.0000000000000000000, -0.0000000000000000000 ) ) ;
#168 = ORIENTED_EDGE ( 'NONE', *, *, #11, .T. ) ;
#169 = ORIENTED_EDGE ( 'NONE', *, *, #6263, .F. ) ;
#170 = DIRECTION ( 'NONE',  ( -1.000000000000000000, 0.0000000000000000000, -0.0000000000000000000 ) ) ;
#171 = ORIENTED_EDGE ( 'NONE', *, *, #3846, .T. ) ;
#172 = VECTOR ( 'NONE', #3394, 1000.000000000000000 ) ;
#173 = EDGE_CURVE ( 'NONE', #5837, #2376, #6516, .T. ) ;
#174 = CARTESIAN_POINT ( 'NONE',  ( 5.641421356237312800, 13.80000000000000100, -5.641421356237318100 ) ) ;
#175 = ORIENTED_EDGE ( 'NONE', *, *, #3714, .F. ) ;
#176 = CARTESIAN_POINT ( 'NONE',  ( -8.199999999999999300, 17.30000000000000100, 0.0000000000000000000 ) ) ;
#177 = ADVANCED_FACE ( 'NONE', ( #6111 ), #1441, .T. ) ;
#178 = CARTESIAN_POINT ( 'NONE',  ( -19.93332932837948900, 15.80000351665893100, -2.400000000000000800 ) ) ;
#179 = CIRCLE ( 'NONE', #1178, 1.249999999999999300 ) ;
#180 =( LENGTH_UNIT ( ) NAMED_UNIT ( * ) SI_UNIT ( .MILLI., .METRE. ) );
#181 = FACE_OUTER_BOUND ( 'NONE', #5777, .T. ) ;
#182 = AXIS2_PLACEMENT_3D ( 'NONE', #2986, #4589, #1413 ) ;
#183 = CARTESIAN_POINT ( 'NONE',  ( 14.77200381106662700, 22.34763050999800900, 8.627996188933369800 ) ) ;
#184 = VERTEX_POINT ( 'NONE', #1858 ) ;
#185 = FACE_OUTER_BOUND ( 'NONE', #5434, .T. ) ;
#186 = SURFACE_STYLE_USAGE ( .BOTH. , #6597 ) ;
#187 = LINE ( 'NONE', #417, #3840 ) ;
#188 = DIRECTION ( 'NONE',  ( 0.0000000000000000000, 1.000000000000000000, -0.0000000000000000000 ) ) ;
#189 = ORIENTED_EDGE ( 'NONE', *, *, #4563, .F. ) ;
#190 = LINE ( 'NONE', #6579, #5698 ) ;
#191 = PRESENTATION_LAYER_ASSIGNMENT (  '', '', ( #4228 ) ) ;
#192 = PLANE ( 'NONE',  #1476 ) ;
#193 = CIRCLE ( 'NONE', #268, 0.2999999999999999300 ) ;
#194 = CARTESIAN_POINT ( 'NONE',  ( 11.00000000000000200, 16.30000000000000100, -1.700000000000002000 ) ) ;
#195 = CARTESIAN_POINT ( 'NONE',  ( 20.19999999999999600, 15.00000000000000200, 2.599999999999997000 ) ) ;
#196 = PLANE ( 'NONE',  #2159 ) ;
#197 = VERTEX_POINT ( 'NONE', #5050 ) ;
#198 = LINE ( 'NONE', #6161, #967 ) ;
#199 = AXIS2_PLACEMENT_3D ( 'NONE', #784, #4481, #3468 ) ;
#200 = EDGE_CURVE ( 'NONE', #1482, #1920, #6276, .T. ) ;
#201 = EDGE_CURVE ( 'NONE', #4805, #6782, #2773, .T. ) ;
#202 = CARTESIAN_POINT ( 'NONE',  ( 16.10000000000000100, 16.30000000000000100, -1.700000000000002000 ) ) ;
#203 = DIRECTION ( 'NONE',  ( 0.0000000000000000000, 0.0000000000000000000, -1.000000000000000000 ) ) ;
#204 = CARTESIAN_POINT ( 'NONE',  ( 14.20000000000000100, 16.30000000000000100, -4.150000000000002100 ) ) ;
#205 = VERTEX_POINT ( 'NONE', #2922 ) ;
#206 = ADVANCED_FACE ( 'NONE', ( #111 ), #5588, .F. ) ;
#207 = DIRECTION ( 'NONE',  ( -1.000000000000000000, 0.0000000000000000000, 0.0000000000000000000 ) ) ;
#208 = CARTESIAN_POINT ( 'NONE',  ( -20.20000000000001000, 15.79988766317532600, 0.3976109716555444300 ) ) ;
#209 = CARTESIAN_POINT ( 'NONE',  ( 11.00000000000000200, 16.30000000000000100, -4.150000000000002100 ) ) ;
#210 = EDGE_CURVE ( 'NONE', #184, #3326, #955, .T. ) ;
#211 = VERTEX_POINT ( 'NONE', #2384 ) ;
#212 = LINE ( 'NONE', #149, #3866 ) ;
#213 = CARTESIAN_POINT ( 'NONE',  ( 19.80000000000000100, 15.79983162191123800, 1.399999999999996800 ) ) ;
#214 = EDGE_LOOP ( 'NONE', ( #3001, #1136 ) ) ;
#215 = MANIFOLD_SOLID_BREP ( 'Bolt 2', #2762 ) ;
#216 = CARTESIAN_POINT ( 'NONE',  ( -22.69999999999999900, 14.66963430942633000, 0.0000000000000000000 ) ) ;
#217 = CARTESIAN_POINT ( 'NONE',  ( -13.65000000000000000, 17.60000000000000100, -3.200000000000001500 ) ) ;
#218 = CARTESIAN_POINT ( 'NONE',  ( -22.69999999999999900, 12.09999999999999800, -14.70000000000000100 ) ) ;
#219 = ORIENTED_EDGE ( 'NONE', *, *, #2615, .T. ) ;
#220 = DIRECTION ( 'NONE',  ( 3.893042978237944500E-017, 0.0000000000000000000, -1.000000000000000000 ) ) ;
#221 = VECTOR ( 'NONE', #4729, 1000.000000000000000 ) ;
#222 = AXIS2_PLACEMENT_3D ( 'NONE', #2222, #5473, #1832 ) ;
#223 = FACE_OUTER_BOUND ( 'NONE', #355, .T. ) ;
#224 = EDGE_LOOP ( 'NONE', ( #758, #3699, #4962, #3128 ) ) ;
#225 = CARTESIAN_POINT ( 'NONE',  ( -7.699999999999998400, 12.09999999999999800, 3.050000000000002500 ) ) ;
#226 =( NAMED_UNIT ( * ) SI_UNIT ( $, .STERADIAN. ) SOLID_ANGLE_UNIT ( ) );
#227 = DIRECTION ( 'NONE',  ( -0.0000000000000000000, -1.000000000000000000, -0.0000000000000000000 ) ) ;
#228 = CARTESIAN_POINT ( 'NONE',  ( -20.20000000000000600, 15.79983162191123800, -2.400000000000001200 ) ) ;
#229 = ORIENTED_EDGE ( 'NONE', *, *, #6424, .T. ) ;
#230 = AXIS2_PLACEMENT_3D ( 'NONE', #5309, #5851, #4231 ) ;
#231 =( LENGTH_UNIT ( ) NAMED_UNIT ( * ) SI_UNIT ( .MILLI., .METRE. ) );
#232 = ORIENTED_EDGE ( 'NONE', *, *, #201, .T. ) ;
#233 = ORIENTED_EDGE ( 'NONE', *, *, #2735, .T. ) ;
#234 = CYLINDRICAL_SURFACE ( 'NONE', #5385, 0.2999999999999981600 ) ;
#235 = CARTESIAN_POINT ( 'NONE',  ( -22.69999999999999900, 17.38786796564403800, -11.78786796564404900 ) ) ;
#236 = CARTESIAN_POINT ( 'NONE',  ( 19.79999999999999400, 15.00000000000000200, 2.599999999999997000 ) ) ;
#237 = VERTEX_POINT ( 'NONE', #202 ) ;
#238 = VERTEX_POINT ( 'NONE', #2323 ) ;
#239 = PRESENTATION_STYLE_ASSIGNMENT (( #565 ) ) ;
#240 = ADVANCED_FACE ( 'NONE', ( #3359 ), #4446, .T. ) ;
#241 = EDGE_CURVE ( 'NONE', #135, #3886, #442, .T. ) ;
#242 = SURFACE_STYLE_USAGE ( .BOTH. , #2381 ) ;
#243 = ORIENTED_EDGE ( 'NONE', *, *, #5739, .F. ) ;
#244 = ORIENTED_EDGE ( 'NONE', *, *, #5451, .F. ) ;
#245 = VERTEX_POINT ( 'NONE', #3893 ) ;
#246 = DIRECTION ( 'NONE',  ( 0.0000000000000000000, 1.000000000000000000, -0.0000000000000000000 ) ) ;
#247 = DIRECTION ( 'NONE',  ( 0.0000000000000000000, 1.000000000000000000, 0.0000000000000000000 ) ) ;
#248 = PLANE ( 'NONE',  #3222 ) ;
#249 = ADVANCED_FACE ( 'NONE', ( #3097 ), #2363, .T. ) ;
#250 = AXIS2_PLACEMENT_3D ( 'NONE', #6129, #4603, #1939 ) ;
#251 = EDGE_CURVE ( 'NONE', #2915, #592, #3263, .T. ) ;
#252 = ORIENTED_EDGE ( 'NONE', *, *, #3760, .T. ) ;
#253 = EDGE_LOOP ( 'NONE', ( #6326, #2160, #4727, #775 ) ) ;
#254 = EDGE_LOOP ( 'NONE', ( #2647, #5342, #2475 ) ) ;
#255 = COLOUR_RGB ( '',1.000000000000000000, 0.8117647058823529400, 0.5019607843137254800 ) ;
#256 = DIRECTION ( 'NONE',  ( -1.224646799147353200E-016, 1.000000000000000000, 0.0000000000000000000 ) ) ;
#257 = ORIENTED_EDGE ( 'NONE', *, *, #3503, .F. ) ;
#258 = CARTESIAN_POINT ( 'NONE',  ( 0.1000000000000023800, 14.05000000000000200, 3.893042978238036800E-018 ) ) ;
#259 = FACE_OUTER_BOUND ( 'NONE', #3898, .T. ) ;
#260 = AXIS2_PLACEMENT_3D ( 'NONE', #5625, #1343, #279 ) ;
#261 = DIRECTION ( 'NONE',  ( 0.0000000000000000000, 0.0000000000000000000, 1.000000000000000000 ) ) ;
#262 = FACE_OUTER_BOUND ( 'NONE', #5351, .T. ) ;
#263 = VECTOR ( 'NONE', #3631, 1000.000000000000000 ) ;
#264 = ORIENTED_EDGE ( 'NONE', *, *, #6183, .F. ) ;
#265 = CIRCLE ( 'NONE', #5233, 4.500000000000000000 ) ;
#266 = CARTESIAN_POINT ( 'NONE',  ( 17.89999999999999900, 32.18483977907960300, -5.700000000000002000 ) ) ;
#267 =( NAMED_UNIT ( * ) SI_UNIT ( $, .STERADIAN. ) SOLID_ANGLE_UNIT ( ) );
#268 = AXIS2_PLACEMENT_3D ( 'NONE', #1319, #6626, #3442 ) ;
#269 = PLANE ( 'NONE',  #2520 ) ;
#270 = ADVANCED_FACE ( 'NONE', ( #3589 ), #5537, .F. ) ;
#271 = CARTESIAN_POINT ( 'NONE',  ( -23.00000000000000000, 12.10000000000000000, 14.70000000000000100 ) ) ;
#272 = VERTEX_POINT ( 'NONE', #5165 ) ;
#273 = DIRECTION ( 'NONE',  ( 0.0000000000000000000, 0.0000000000000000000, 1.000000000000000000 ) ) ;
#274 = VECTOR ( 'NONE', #1090, 1000.000000000000000 ) ;
#275 = AXIS2_PLACEMENT_3D ( 'NONE', #6468, #5969, #5393 ) ;
#276 = DIRECTION ( 'NONE',  ( -0.0000000000000000000, 1.000000000000000000, -0.0000000000000000000 ) ) ;
#277 = EDGE_CURVE ( 'NONE', #245, #3918, #4683, .T. ) ;
#278 = VERTEX_POINT ( 'NONE', #314 ) ;
#279 = DIRECTION ( 'NONE',  ( 0.0000000000000000000, 0.0000000000000000000, 1.000000000000000000 ) ) ;
#280 = FACE_OUTER_BOUND ( 'NONE', #6661, .T. ) ;
#281 = PLANE ( 'NONE',  #3407 ) ;
#282 = AXIS2_PLACEMENT_3D ( 'NONE', #3686, #5812, #6401 ) ;
#283 = ORIENTED_EDGE ( 'NONE', *, *, #779, .F. ) ;
#284 = FACE_OUTER_BOUND ( 'NONE', #2588, .T. ) ;
#285 = EDGE_CURVE ( 'NONE', #4561, #5721, #4425, .T. ) ;
#286 = EDGE_CURVE ( 'NONE', #3696, #5640, #359, .T. ) ;
#287 = VERTEX_POINT ( 'NONE', #5706 ) ;
#288 = SURFACE_SIDE_STYLE ('',( #3184 ) ) ;
#289 = DIRECTION ( 'NONE',  ( 0.0000000000000000000, 0.0000000000000000000, -1.000000000000000000 ) ) ;
#290 = VERTEX_POINT ( 'NONE', #883 ) ;
#291 = CIRCLE ( 'NONE', #2837, 2.792198103777249900 ) ;
#292 = DIRECTION ( 'NONE',  ( 0.6966437450907565500, 0.6502008287513725300, -0.3031936257854926900 ) ) ;
#293 = VERTEX_POINT ( 'NONE', #6232 ) ;
#294 = CIRCLE ( 'NONE', #3857, 2.000000000000003100 ) ;
#295 = CARTESIAN_POINT ( 'NONE',  ( 18.50000000000000400, 14.30000000000000200, 0.7999999999999933800 ) ) ;
#296 = UNCERTAINTY_MEASURE_WITH_UNIT (LENGTH_MEASURE( 1.000000000000000100E-005 ), #3540, 'distance_accuracy_value', 'NONE');
#297 = EDGE_CURVE ( 'NONE', #5846, #211, #5779, .T. ) ;
#298 = ORIENTED_EDGE ( 'NONE', *, *, #2424, .T. ) ;
#299 = DIRECTION ( 'NONE',  ( 0.0000000000000000000, -1.000000000000000000, 0.0000000000000000000 ) ) ;
#300 = ORIENTED_EDGE ( 'NONE', *, *, #59, .F. ) ;
#301 = PRESENTATION_STYLE_ASSIGNMENT (( #3947 ) ) ;
#302 = VECTOR ( 'NONE', #6606, 1000.000000000000000 ) ;
#303 = CARTESIAN_POINT ( 'NONE',  ( 3.827207793864204200, 14.30000000000000200, -7.879898987322351700 ) ) ;
#304 =( NAMED_UNIT ( * ) PLANE_ANGLE_UNIT ( ) SI_UNIT ( $, .RADIAN. ) );
#305 = DIRECTION ( 'NONE',  ( -1.000000000000000000, 0.0000000000000000000, 0.0000000000000000000 ) ) ;
#306 = SURFACE_SIDE_STYLE ('',( #2156 ) ) ;
#307 = ADVANCED_FACE ( 'NONE', ( #3021 ), #3672, .T. ) ;
#308 = VERTEX_POINT ( 'NONE', #930 ) ;
#309 = PLANE ( 'NONE',  #182 ) ;
#310 = ORIENTED_EDGE ( 'NONE', *, *, #5163, .T. ) ;
#311 = LINE ( 'NONE', #2224, #1481 ) ;
#312 = ORIENTED_EDGE ( 'NONE', *, *, #1720, .F. ) ;
#313 = FACE_OUTER_BOUND ( 'NONE', #2138, .T. ) ;
#314 = CARTESIAN_POINT ( 'NONE',  ( -20.19999999999999600, 0.2000000000000000100, 9.000000000000001800 ) ) ;
#315 = CARTESIAN_POINT ( 'NONE',  ( -18.60000000000000900, 15.79999999999710900, -0.9330179366295354700 ) ) ;
#316 = CARTESIAN_POINT ( 'NONE',  ( -18.60000000000000900, 15.79983162191122800, -0.8000000000000008200 ) ) ;
#317 = CARTESIAN_POINT ( 'NONE',  ( -19.99999999999999300, 14.30000000000000200, 1.792198103777248500 ) ) ;
#318 = ORIENTED_EDGE ( 'NONE', *, *, #1060, .T. ) ;
#319 = VECTOR ( 'NONE', #1074, 1000.000000000000100 ) ;
#320 = ORIENTED_EDGE ( 'NONE', *, *, #5256, .T. ) ;
#321 = LINE ( 'NONE', #6639, #3720 ) ;
#322 = CARTESIAN_POINT ( 'NONE',  ( -4.799999999999997200, 14.30000000000000200, -5.799999999999992700 ) ) ;
#323 = DIRECTION ( 'NONE',  ( -0.0000000000000000000, 1.000000000000000000, -0.0000000000000000000 ) ) ;
#324 = VERTEX_POINT ( 'NONE', #2093 ) ;
#325 = CARTESIAN_POINT ( 'NONE',  ( 11.00000000000000200, 16.30000000000000100, -4.450000000000002000 ) ) ;
#326 = ORIENTED_EDGE ( 'NONE', *, *, #3015, .F. ) ;
#327 = VECTOR ( 'NONE', #3322, 1000.000000000000000 ) ;
#328 = DIRECTION ( 'NONE',  ( -2.891205793294678600E-015, 0.0000000000000000000, -1.000000000000000000 ) ) ;
#329 = CARTESIAN_POINT ( 'NONE',  ( 19.80000000000000100, 15.80000000000000100, 4.185640646055102100 ) ) ;
#330 = AXIS2_PLACEMENT_3D ( 'NONE', #2648, #2069, #6853 ) ;
#331 = EDGE_LOOP ( 'NONE', ( #1007, #4391, #6123, #4144 ) ) ;
#332 = CARTESIAN_POINT ( 'NONE',  ( -1.000000000000000900, 17.60000000000000100, -12.00000000000001200 ) ) ;
#333 = ORIENTED_EDGE ( 'NONE', *, *, #1288, .T. ) ;
#334 = EDGE_CURVE ( 'NONE', #1420, #3865, #2545, .T. ) ;
#335 = EDGE_CURVE ( 'NONE', #1808, #5511, #3430, .T. ) ;
#336 = ORIENTED_EDGE ( 'NONE', *, *, #3400, .F. ) ;
#337 = VECTOR ( 'NONE', #2234, 1000.000000000000000 ) ;
#338 = CARTESIAN_POINT ( 'NONE',  ( 16.10000000000000100, 16.30000000000000100, -4.450000000000002000 ) ) ;
#339 = ORIENTED_EDGE ( 'NONE', *, *, #3633, .T. ) ;
#340 = DIRECTION ( 'NONE',  ( -0.0000000000000000000, 1.000000000000000000, -0.0000000000000000000 ) ) ;
#341 = DIRECTION ( 'NONE',  ( 0.0000000000000000000, 0.0000000000000000000, 1.000000000000000000 ) ) ;
#342 = DIRECTION ( 'NONE',  ( 0.0000000000000000000, 0.0000000000000000000, -1.000000000000000000 ) ) ;
#344 = CARTESIAN_POINT ( 'NONE',  ( -6.249999999999998200, 12.09999999999999800, 9.200000000000001100 ) ) ;
#343 = VECTOR ( 'NONE', #6884, 1000.000000000000000 ) ;
#345 = CARTESIAN_POINT ( 'NONE',  ( -20.19999999999999600, 0.0000000000000000000, 9.000000000000001800 ) ) ;
#346 = EDGE_CURVE ( 'NONE', #5084, #1011, #1363, .T. ) ;
#347 = PLANE ( 'NONE',  #1330 ) ;
#348 = CARTESIAN_POINT ( 'NONE',  ( 18.61435935394489900, 15.80000000000000100, 2.599999999999997000 ) ) ;
#349 = VERTEX_POINT ( 'NONE', #959 ) ;
#350 = LINE ( 'NONE', #5516, #3349 ) ;
#351 = DIRECTION ( 'NONE',  ( 1.000000000000000000, 0.0000000000000000000, 0.0000000000000000000 ) ) ;
#352 = PLANE ( 'NONE',  #3869 ) ;
#353 = LINE ( 'NONE', #1366, #6759 ) ;
#354 = DIRECTION ( 'NONE',  ( 0.0000000000000000000, 1.000000000000000000, 0.0000000000000000000 ) ) ;
#355 = EDGE_LOOP ( 'NONE', ( #2853, #3395, #1391, #1013, #6819, #6856 ) ) ;
#356 = CARTESIAN_POINT ( 'NONE',  ( -19.92140193614727300, 17.26299250235554100, 3.173308008570456800 ) ) ;
#357 = LINE ( 'NONE', #2858, #6192 ) ;
#358 = DIRECTION ( 'NONE',  ( -1.000000000000000000, 0.0000000000000000000, 0.0000000000000000000 ) ) ;
#359 = LINE ( 'NONE', #4591, #4865 ) ;
#360 = VECTOR ( 'NONE', #2828, 1000.000000000000000 ) ;
#361 = CARTESIAN_POINT ( 'NONE',  ( -18.60000000000001200, 15.80000000000288700, -1.066047179698442100 ) ) ;
#362 = AXIS2_PLACEMENT_3D ( 'NONE', #1146, #5869, #4866 ) ;
#363 =( NAMED_UNIT ( * ) PLANE_ANGLE_UNIT ( ) SI_UNIT ( $, .RADIAN. ) );
#364 = ORIENTED_EDGE ( 'NONE', *, *, #5440, .T. ) ;
#365 = ORIENTED_EDGE ( 'NONE', *, *, #5071, .F. ) ;
#366 = CARTESIAN_POINT ( 'NONE',  ( -22.69999999999999900, 17.47321452147779700, -5.271892336110997900 ) ) ;
#367 = PLANE ( 'NONE',  #2601 ) ;
#368 = EDGE_LOOP ( 'NONE', ( #4604, #4456, #3333, #3850 ) ) ;
#369 = CARTESIAN_POINT ( 'NONE',  ( -1.814213562373119900, 14.30000000000000200, -1.814213562373127700 ) ) ;
#370 = DIRECTION ( 'NONE',  ( -0.0000000000000000000, 1.000000000000000000, 0.0000000000000000000 ) ) ;
#371 = LINE ( 'NONE', #2125, #637 ) ;
#372 = AXIS2_PLACEMENT_3D ( 'NONE', #607, #6475, #3722 ) ;
#373 = DIRECTION ( 'NONE',  ( 0.6823182503600109200, 0.7310552682428692600, -1.578177982649242000E-016 ) ) ;
#374 = EDGE_CURVE ( 'NONE', #482, #4165, #4951, .T. ) ;
#375 = DIRECTION ( 'NONE',  ( 0.0000000000000000000, 0.0000000000000000000, -1.000000000000000000 ) ) ;
#376 = EDGE_LOOP ( 'NONE', ( #1802, #4922, #1523, #4543, #3334 ) ) ;
#377 = CARTESIAN_POINT ( 'NONE',  ( -18.45000000000000300, 12.09999999999999800, 4.350000000000001400 ) ) ;
#378 = VERTEX_POINT ( 'NONE', #4686 ) ;
#379 =( GEOMETRIC_REPRESENTATION_CONTEXT ( 3 ) GLOBAL_UNCERTAINTY_ASSIGNED_CONTEXT ( ( #3491 ) ) GLOBAL_UNIT_ASSIGNED_CONTEXT ( ( #3728, #562, #5363 ) ) REPRESENTATION_CONTEXT ( 'NONE', 'WORKASPACE' ) );
#380 = EDGE_CURVE ( 'NONE', #4676, #4227, #4008, .T. ) ;
#381 = ORIENTED_EDGE ( 'NONE', *, *, #1693, .T. ) ;
#382 = EDGE_CURVE ( 'NONE', #4156, #4282, #3507, .T. ) ;
#383 = CARTESIAN_POINT ( 'NONE',  ( 7.800000000000001600, 16.30000000000000100, -4.150000000000002100 ) ) ;
#384 = DIRECTION ( 'NONE',  ( -1.000000000000000000, 0.0000000000000000000, 0.0000000000000000000 ) ) ;
#385 = VECTOR ( 'NONE', #976, 1000.000000000000000 ) ;
#386 = DIRECTION ( 'NONE',  ( -0.0000000000000000000, 1.000000000000000000, -0.0000000000000000000 ) ) ;
#387 = ADVANCED_FACE ( 'NONE', ( #10 ), #5355, .F. ) ;
#388 = LINE ( 'NONE', #605, #725 ) ;
#389 = ORIENTED_EDGE ( 'NONE', *, *, #5196, .F. ) ;
#390 = ORIENTED_EDGE ( 'NONE', *, *, #4343, .T. ) ;
#391 = DIRECTION ( 'NONE',  ( 0.0000000000000000000, 0.0000000000000000000, 1.000000000000000000 ) ) ;
#392 = AXIS2_PLACEMENT_3D ( 'NONE', #6791, #4605, #4631 ) ;
#393 = FACE_OUTER_BOUND ( 'NONE', #5169, .T. ) ;
#394 = PLANE ( 'NONE',  #6771 ) ;
#395 = EDGE_LOOP ( 'NONE', ( #6709, #264 ) ) ;
#396 =( NAMED_UNIT ( * ) SI_UNIT ( $, .STERADIAN. ) SOLID_ANGLE_UNIT ( ) );
#397 = DIRECTION ( 'NONE',  ( -0.0000000000000000000, -1.000000000000000000, -0.0000000000000000000 ) ) ;
#398 = CARTESIAN_POINT ( 'NONE',  ( -19.92140193614727700, 17.26299250235553700, -5.173308008570456800 ) ) ;
#399 = ORIENTED_EDGE ( 'NONE', *, *, #5310, .F. ) ;
#400 = SURFACE_SIDE_STYLE ('',( #3296 ) ) ;
#401 = EDGE_LOOP ( 'NONE', ( #6094, #649, #3456, #1474, #626 ) ) ;
#402 = B_SPLINE_CURVE_WITH_KNOTS ( 'NONE', 3,
 ( #1977, #3606, #2487, #985, #6234, #5774 ),
 .UNSPECIFIED., .F., .F.,
 ( 4, 2, 4 ),
 ( 0.006669247038319649200, 0.006869626649130353000, 0.007070006259941056700 ),
 .UNSPECIFIED. ) ;
#403 = AXIS2_PLACEMENT_3D ( 'NONE', #1549, #4808, #5375 ) ;
#404 = ORIENTED_EDGE ( 'NONE', *, *, #2391, .T. ) ;
#405 = VERTEX_POINT ( 'NONE', #1139 ) ;
#406 = CARTESIAN_POINT ( 'NONE',  ( 18.60000000000000100, 15.00000000000000200, 2.999999999999996900 ) ) ;
#407 = PLANE ( 'NONE',  #3990 ) ;
#408 = DIRECTION ( 'NONE',  ( -0.0000000000000000000, -1.000000000000000000, -0.0000000000000000000 ) ) ;
#409 = VERTEX_POINT ( 'NONE', #628 ) ;
#410 = ORIENTED_EDGE ( 'NONE', *, *, #2077, .T. ) ;
#411 = AXIS2_PLACEMENT_3D ( 'NONE', #6444, #3355, #3273 ) ;
#412 = CARTESIAN_POINT ( 'NONE',  ( 23.00000000000000700, 11.70000000000000300, 15.00000000000000200 ) ) ;
#413 = ORIENTED_EDGE ( 'NONE', *, *, #4373, .T. ) ;
#414 = EDGE_CURVE ( 'NONE', #324, #1987, #6588, .T. ) ;
#415 = DIRECTION ( 'NONE',  ( 1.000000000000000000, 0.0000000000000000000, 0.0000000000000000000 ) ) ;
#416 = ORIENTED_EDGE ( 'NONE', *, *, #4492, .F. ) ;
#417 = CARTESIAN_POINT ( 'NONE',  ( 1.897537218556380400E-015, 17.30000000000000100, 7.110062261462917200 ) ) ;
#418 = ORIENTED_EDGE ( 'NONE', *, *, #5884, .T. ) ;
#419 = ORIENTED_EDGE ( 'NONE', *, *, #1185, .T. ) ;
#420 = CYLINDRICAL_SURFACE ( 'NONE', #3127, 0.2999999999999999300 ) ;
#421 = ADVANCED_FACE ( 'NONE', ( #3353 ), #583, .F. ) ;
#422 = CARTESIAN_POINT ( 'NONE',  ( 14.50000000000000000, 16.30000000000000100, -4.150000000000002100 ) ) ;
#423 = FILL_AREA_STYLE_COLOUR ( '', #2958 ) ;
#424 = PRESENTATION_LAYER_ASSIGNMENT (  '', '', ( #6482 ) ) ;
#425 = CARTESIAN_POINT ( 'NONE',  ( 2.999999999999999100, 13.50000000000000200, 8.000000000000000000 ) ) ;
#426 = EDGE_CURVE ( 'NONE', #5837, #4477, #5456, .T. ) ;
#427 = ORIENTED_EDGE ( 'NONE', *, *, #655, .F. ) ;
#428 = EDGE_CURVE ( 'NONE', #6089, #6215, #860, .T. ) ;
#429 = CARTESIAN_POINT ( 'NONE',  ( -20.20000000000000600, 15.00000000000000200, 0.3999999999999990800 ) ) ;
#430 = VECTOR ( 'NONE', #2810, 1000.000000000000000 ) ;
#431 = UNCERTAINTY_MEASURE_WITH_UNIT (LENGTH_MEASURE( 1.000000000000000100E-005 ), #3849, 'distance_accuracy_value', 'NONE');
#432 = CARTESIAN_POINT ( 'NONE',  ( 0.0000000000000000000, 14.47573593128807400, 14.70000000000000100 ) ) ;
#433 = CARTESIAN_POINT ( 'NONE',  ( 20.19999999999999900, 15.79997192002099200, 4.192822688999285700 ) ) ;
#434 = DIRECTION ( 'NONE',  ( 0.0000000000000000000, 0.0000000000000000000, -1.000000000000000000 ) ) ;
#435 = CIRCLE ( 'NONE', #4396, 2.000000000000000000 ) ;
#436 = DIRECTION ( 'NONE',  ( 0.0000000000000000000, 0.0000000000000000000, 1.000000000000000000 ) ) ;
#437 = VECTOR ( 'NONE', #4739, 1000.000000000000000 ) ;
#438 = ORIENTED_EDGE ( 'NONE', *, *, #2708, .F. ) ;
#439 = CIRCLE ( 'NONE', #5954, 2.000000000000003100 ) ;
#440 = EDGE_CURVE ( 'NONE', #1472, #2570, #2438, .T. ) ;
#441 = MECHANICAL_DESIGN_GEOMETRIC_PRESENTATION_REPRESENTATION (  '', ( #2932 ), #3280 ) ;
#442 = LINE ( 'NONE', #5025, #2698 ) ;
#443 = CARTESIAN_POINT ( 'NONE',  ( -20.20000000000001400, 15.80000000000000100, -1.200000000000001100 ) ) ;
#444 = CARTESIAN_POINT ( 'NONE',  ( -19.99999999999998900, 17.60000000000000100, 3.000000000000001300 ) ) ;
#445 = AXIS2_PLACEMENT_3D ( 'NONE', #2756, #1731, #1209 ) ;
#446 = VECTOR ( 'NONE', #3163, 1000.000000000000000 ) ;
#447 = DIRECTION ( 'NONE',  ( 1.000000000000000000, 0.0000000000000000000, 0.0000000000000000000 ) ) ;
#448 = CARTESIAN_POINT ( 'NONE',  ( -8.199999999999999300, 17.60000000000000100, -1.250000000000000000 ) ) ;
#449 = VECTOR ( 'NONE', #2597, 1000.000000000000000 ) ;
#450 = CARTESIAN_POINT ( 'NONE',  ( -18.45000000000000300, 17.60000000000000100, 5.600000000000002300 ) ) ;
#451 = B_SPLINE_CURVE_WITH_KNOTS ( 'NONE', 3,
 ( #1692, #1640, #3276, #5970, #3210 ),
 .UNSPECIFIED., .F., .F.,
 ( 4, 1, 4 ),
 ( 0.0001742311766444694800, 0.0001813524542937546000, 0.0001884737319430396900 ),
 .UNSPECIFIED. ) ;
#452 = DIRECTION ( 'NONE',  ( 1.000000000000000000, -7.324388009679841800E-015, 0.0000000000000000000 ) ) ;
#453 = ORIENTED_EDGE ( 'NONE', *, *, #4117, .F. ) ;
#454 = VECTOR ( 'NONE', #1687, 1000.000000000000100 ) ;
#455 = EDGE_CURVE ( 'NONE', #6394, #3911, #3017, .T. ) ;
#456 = CARTESIAN_POINT ( 'NONE',  ( -9.799999999999998900, 17.30000000000000100, -3.550000000000001200 ) ) ;
#457 = CARTESIAN_POINT ( 'NONE',  ( 0.0000000000000000000, 2.000000000000000000, 17.00000000000000000 ) ) ;
#458 = ADVANCED_FACE ( 'NONE', ( #1283 ), #1936, .F. ) ;
#459 = DIRECTION ( 'NONE',  ( 0.0000000000000000000, 0.0000000000000000000, 1.000000000000000000 ) ) ;
#460 = ORIENTED_EDGE ( 'NONE', *, *, #3372, .F. ) ;
#461 = CIRCLE ( 'NONE', #3551, 0.5999999999999998700 ) ;
#462 = ORIENTED_EDGE ( 'NONE', *, *, #5529, .T. ) ;
#463 =( LENGTH_UNIT ( ) NAMED_UNIT ( * ) SI_UNIT ( .MILLI., .METRE. ) );
#464 = DIRECTION ( 'NONE',  ( 1.000000000000000000, 0.0000000000000000000, 0.0000000000000000000 ) ) ;
#465 = PRESENTATION_LAYER_ASSIGNMENT (  '', '', ( #2166 ) ) ;
#466 = ORIENTED_EDGE ( 'NONE', *, *, #1644, .T. ) ;
#467 = LINE ( 'NONE', #4155, #1809 ) ;
#468 = EDGE_CURVE ( 'NONE', #4484, #114, #5021, .T. ) ;
#469 = EDGE_CURVE ( 'NONE', #3651, #732, #1036, .T. ) ;
#470 = ORIENTED_EDGE ( 'NONE', *, *, #4241, .T. ) ;
#471 = VECTOR ( 'NONE', #4607, 1000.000000000000000 ) ;
#472 = CARTESIAN_POINT ( 'NONE',  ( -20.00000000000000400, 17.30000000000000100, -1.000000000000000900 ) ) ;
#473 = CARTESIAN_POINT ( 'NONE',  ( -2.999999999999999100, 2.000000000000000000, -15.00000000000000200 ) ) ;
#474 = ORIENTED_EDGE ( 'NONE', *, *, #2796, .F. ) ;
#475 = PLANE ( 'NONE',  #282 ) ;
#476 = VERTEX_POINT ( 'NONE', #4438 ) ;
#477 = LINE ( 'NONE', #1944, #2556 ) ;
#478 = PRESENTATION_LAYER_ASSIGNMENT (  '', '', ( #6029 ) ) ;
#479 = VECTOR ( 'NONE', #1890, 1000.000000000000000 ) ;
#480 = EDGE_CURVE ( 'NONE', #2309, #6648, #353, .T. ) ;
#481 = DIRECTION ( 'NONE',  ( 0.0000000000000000000, 0.0000000000000000000, 1.000000000000000000 ) ) ;
#482 = VERTEX_POINT ( 'NONE', #5652 ) ;
#483 = DIRECTION ( 'NONE',  ( 0.0000000000000000000, 1.000000000000000000, -0.0000000000000000000 ) ) ;
#484 = VERTEX_POINT ( 'NONE', #3928 ) ;
#485 = CARTESIAN_POINT ( 'NONE',  ( -21.40000000000000600, 15.79983162191124200, -1.200000000000001100 ) ) ;
#486 = CARTESIAN_POINT ( 'NONE',  ( 4.251471862576130100, 13.80000000000000100, -8.304163056034278500 ) ) ;
#487 = ORIENTED_EDGE ( 'NONE', *, *, #4562, .T. ) ;
#488 = CIRCLE ( 'NONE', #4291, 1.250000000000000200 ) ;
#489 = ORIENTED_EDGE ( 'NONE', *, *, #6622, .F. ) ;
#490 = VECTOR ( 'NONE', #5959, 1000.000000000000000 ) ;
#491 = AXIS2_PLACEMENT_3D ( 'NONE', #3309, #2830, #5470 ) ;
#492 = DIRECTION ( 'NONE',  ( -0.0000000000000000000, -0.0000000000000000000, 1.000000000000000000 ) ) ;
#493 = CARTESIAN_POINT ( 'NONE',  ( -22.69999999999999900, 90.11812087098393000, -15.00000000000000200 ) ) ;
#494 = ORIENTED_EDGE ( 'NONE', *, *, #5519, .F. ) ;
#495 = COLOUR_RGB ( '',1.000000000000000000, 0.8117647058823529400, 0.5019607843137254800 ) ;
#496 = ORIENTED_EDGE ( 'NONE', *, *, #4940, .T. ) ;
#497 = ADVANCED_FACE ( 'NONE', ( #5107 ), #5559, .T. ) ;
#498 = DIRECTION ( 'NONE',  ( -8.988204538739933000E-017, 0.0000000000000000000, -1.000000000000000000 ) ) ;
#499 = DIRECTION ( 'NONE',  ( -0.0000000000000000000, 0.0000000000000000000, 1.000000000000000000 ) ) ;
#500 = DIRECTION ( 'NONE',  ( -0.6823182503600109200, 0.7310552682428692600, -0.0000000000000000000 ) ) ;
#501 = CARTESIAN_POINT ( 'NONE',  ( 12.60000000000000100, 16.30000000000000100, -4.450000000000002000 ) ) ;
#502 = CARTESIAN_POINT ( 'NONE',  ( -19.99999999999999600, 13.60000000000000300, -5.799999999999990900 ) ) ;
#503 = ORIENTED_EDGE ( 'NONE', *, *, #5477, .F. ) ;
#504 = ORIENTED_EDGE ( 'NONE', *, *, #210, .F. ) ;
#505 = SURFACE_STYLE_FILL_AREA ( #5801 ) ;
#506 = AXIS2_PLACEMENT_3D ( 'NONE', #1254, #4840, #2299 ) ;
#507 = ORIENTED_EDGE ( 'NONE', *, *, #5213, .F. ) ;
#508 = DIRECTION ( 'NONE',  ( -1.000000000000000000, 0.0000000000000000000, 0.0000000000000000000 ) ) ;
#509 = ORIENTED_EDGE ( 'NONE', *, *, #3633, .F. ) ;
#510 = CARTESIAN_POINT ( 'NONE',  ( 20.00000000000000400, 15.80000000000000100, 4.800000000000000700 ) ) ;
#511 = VERTEX_POINT ( 'NONE', #3970 ) ;
#512 = AXIS2_PLACEMENT_3D ( 'NONE', #1590, #6860, #499 ) ;
#513 = ORIENTED_EDGE ( 'NONE', *, *, #210, .T. ) ;
#514 = EDGE_CURVE ( 'NONE', #2915, #272, #4856, .T. ) ;
#515 = VECTOR ( 'NONE', #1965, 1000.000000000000000 ) ;
#516 = DIRECTION ( 'NONE',  ( 0.0000000000000000000, 0.0000000000000000000, 1.000000000000000000 ) ) ;
#517 = CARTESIAN_POINT ( 'NONE',  ( 5.700000000000002000, 14.30000000000000200, -5.700000000000002000 ) ) ;
#518 = LINE ( 'NONE', #5148, #2429 ) ;
#519 = VECTOR ( 'NONE', #5035, 1000.000000000000000 ) ;
#520 = CARTESIAN_POINT ( 'NONE',  ( 23.00000000000000700, 2.000000000000000000, 15.00000000000000200 ) ) ;
#521 = CIRCLE ( 'NONE', #3302, 1.400000000000003200 ) ;
#522 =( LENGTH_UNIT ( ) NAMED_UNIT ( * ) SI_UNIT ( .MILLI., .METRE. ) );
#523 = UNCERTAINTY_MEASURE_WITH_UNIT (LENGTH_MEASURE( 1.000000000000000100E-005 ), #4624, 'distance_accuracy_value', 'NONE');
#524 = STYLED_ITEM ( 'NONE', ( #4992 ), #6196 ) ;
#525 =( NAMED_UNIT ( * ) PLANE_ANGLE_UNIT ( ) SI_UNIT ( $, .RADIAN. ) );
#526 = DIRECTION ( 'NONE',  ( 0.0000000000000000000, 1.000000000000000000, -0.0000000000000000000 ) ) ;
#527 = EDGE_CURVE ( 'NONE', #1482, #2525, #4079, .T. ) ;
#528 = EDGE_CURVE ( 'NONE', #5881, #1482, #2023, .T. ) ;
#529 = LINE ( 'NONE', #6247, #2608 ) ;
#530 = CARTESIAN_POINT ( 'NONE',  ( 22.50000000000000700, 14.30000000000000200, 14.50000000000000000 ) ) ;
#531 = LINE ( 'NONE', #4673, #3508 ) ;
#532 = ORIENTED_EDGE ( 'NONE', *, *, #5780, .T. ) ;
#533 = LINE ( 'NONE', #3406, #2119 ) ;
#534 = ADVANCED_FACE ( 'NONE', ( #185 ), #920, .F. ) ;
#535 = VECTOR ( 'NONE', #340, 1000.000000000000000 ) ;
#536 =( LENGTH_UNIT ( ) NAMED_UNIT ( * ) SI_UNIT ( .MILLI., .METRE. ) );
#537 = VECTOR ( 'NONE', #4018, 1000.000000000000000 ) ;
#538 = EDGE_CURVE ( 'NONE', #163, #6159, #4782, .T. ) ;
#539 = AXIS2_PLACEMENT_3D ( 'NONE', #5787, #5182, #6271 ) ;
#540 = SURFACE_STYLE_USAGE ( .BOTH. , #6415 ) ;
#541 = EDGE_LOOP ( 'NONE', ( #1240, #5475, #5750, #6405 ) ) ;
#542 = CARTESIAN_POINT ( 'NONE',  ( 0.0000000000000000000, 17.60000000000000100, 0.0000000000000000000 ) ) ;
#543 = DIRECTION ( 'NONE',  ( 1.000000000000000000, 0.0000000000000000000, -2.668805347656626700E-016 ) ) ;
#544 = CIRCLE ( 'NONE', #6504, 0.5999999999999998700 ) ;
#545 = DIRECTION ( 'NONE',  ( 0.0000000000000000000, 0.0000000000000000000, 1.000000000000000000 ) ) ;
#546 = ORIENTED_EDGE ( 'NONE', *, *, #4139, .T. ) ;
#547 = AXIS2_PLACEMENT_3D ( 'NONE', #2495, #4601, #6219 ) ;
#548 = CARTESIAN_POINT ( 'NONE',  ( 20.00000000000000400, 15.80000000000000100, 1.399999999999996800 ) ) ;
#549 = DIRECTION ( 'NONE',  ( -0.0000000000000000000, -0.0000000000000000000, 1.000000000000000000 ) ) ;
#550 = EDGE_LOOP ( 'NONE', ( #365, #2879, #4843, #711, #3570 ) ) ;
#551 = CIRCLE ( 'NONE', #1869, 0.2999999999999999300 ) ;
#552 = B_SPLINE_CURVE_WITH_KNOTS ( 'NONE', 3,
 ( #1070, #5405, #4787, #1701, #1171, #5867 ),
 .UNSPECIFIED., .F., .F.,
 ( 4, 2, 4 ),
 ( 0.006669247038319677000, 0.006869626649130381600, 0.007070006259941087100 ),
 .UNSPECIFIED. ) ;
#553 = ORIENTED_EDGE ( 'NONE', *, *, #6622, .T. ) ;
#554 = DIRECTION ( 'NONE',  ( -0.0000000000000000000, -0.0000000000000000000, 1.000000000000000000 ) ) ;
#555 = LINE ( 'NONE', #235, #2720 ) ;
#556 = AXIS2_PLACEMENT_3D ( 'NONE', #4083, #447, #5181 ) ;
#557 = CARTESIAN_POINT ( 'NONE',  ( -21.40000000000000600, 15.80005446952545400, -1.133500342485835200 ) ) ;
#558 = VERTEX_POINT ( 'NONE', #6727 ) ;
#559 = DIRECTION ( 'NONE',  ( -0.0000000000000000000, 1.000000000000000000, -0.0000000000000000000 ) ) ;
#560 = ORIENTED_EDGE ( 'NONE', *, *, #1538, .F. ) ;
#561 = LINE ( 'NONE', #924, #4283 ) ;
#562 =( NAMED_UNIT ( * ) PLANE_ANGLE_UNIT ( ) SI_UNIT ( $, .RADIAN. ) );
#563 = LINE ( 'NONE', #5380, #2965 ) ;
#564 = DIRECTION ( 'NONE',  ( 1.000000000000000000, 0.0000000000000000000, 0.0000000000000000000 ) ) ;
#565 = SURFACE_STYLE_USAGE ( .BOTH. , #1105 ) ;
#566 = AXIS2_PLACEMENT_3D ( 'NONE', #5766, #3096, #3071 ) ;
#567 = ORIENTED_EDGE ( 'NONE', *, *, #835, .F. ) ;
#568 = CARTESIAN_POINT ( 'NONE',  ( 17.30000000000000100, 17.69999999999999900, -1.700000000000002000 ) ) ;
#569 = EDGE_CURVE ( 'NONE', #6376, #2292, #2481, .T. ) ;
#570 = VERTEX_POINT ( 'NONE', #3641 ) ;
#571 = EDGE_CURVE ( 'NONE', #4876, #5155, #529, .T. ) ;
#572 = ADVANCED_FACE ( 'NONE', ( #5188 ), #2688, .F. ) ;
#573 = CARTESIAN_POINT ( 'NONE',  ( -20.00000000000000400, 15.80000000000000100, -1.000000000000000900 ) ) ;
#574 = DIRECTION ( 'NONE',  ( 0.0000000000000000000, 0.0000000000000000000, -1.000000000000000000 ) ) ;
#575 = LINE ( 'NONE', #907, #4461 ) ;
#576 = CARTESIAN_POINT ( 'NONE',  ( -20.00000000000000400, 17.18963430942632400, -5.139656711530179200 ) ) ;
#577 = COLOUR_RGB ( '',1.000000000000000000, 0.8117647058823529400, 0.5019607843137254800 ) ;
#578 = VERTEX_POINT ( 'NONE', #5320 ) ;
#579 = EDGE_CURVE ( 'NONE', #88, #3339, #3754, .T. ) ;
#580 = CARTESIAN_POINT ( 'NONE',  ( 0.0000000000000000000, 14.60000000000000100, -5.500000000000004400 ) ) ;
#581 = LINE ( 'NONE', #700, #6806 ) ;
#582 = VERTEX_POINT ( 'NONE', #6336 ) ;
#583 = PLANE ( 'NONE',  #1957 ) ;
#584 = CARTESIAN_POINT ( 'NONE',  ( -1.300000000000014700, 14.60000000000000100, -1.503427012513252100E-015 ) ) ;
#585 = DIRECTION ( 'NONE',  ( -0.0000000000000000000, 1.000000000000000000, 0.0000000000000000000 ) ) ;
#586 = DIRECTION ( 'NONE',  ( 0.0000000000000000000, 0.0000000000000000000, 1.000000000000000000 ) ) ;
#587 = ORIENTED_EDGE ( 'NONE', *, *, #5011, .T. ) ;
#588 = EDGE_LOOP ( 'NONE', ( #6757, #5876, #675, #2838, #1974 ) ) ;
#589 = LINE ( 'NONE', #2751, #2497 ) ;
#590 = CARTESIAN_POINT ( 'NONE',  ( -0.9999999999999974500, 14.30000000000000200, -14.70000000000000100 ) ) ;
#591 = ORIENTED_EDGE ( 'NONE', *, *, #3448, .F. ) ;
#592 = VERTEX_POINT ( 'NONE', #6859 ) ;
#593 = VERTEX_POINT ( 'NONE', #1082 ) ;
#594 = VECTOR ( 'NONE', #3591, 1000.000000000000100 ) ;
#595 = DIRECTION ( 'NONE',  ( 0.0000000000000000000, 0.0000000000000000000, 1.000000000000000000 ) ) ;
#596 = DIRECTION ( 'NONE',  ( -1.000000000000000000, 0.0000000000000000000, 8.988204538739931800E-017 ) ) ;
#597 = CARTESIAN_POINT ( 'NONE',  ( -0.1999999999999947700, 1.499999999999999600, -5.200000000000001100 ) ) ;
#598 = DIRECTION ( 'NONE',  ( -1.000000000000000000, 0.0000000000000000000, 0.0000000000000000000 ) ) ;
#599 = EDGE_LOOP ( 'NONE', ( #3125, #3574 ) ) ;
#600 = EDGE_CURVE ( 'NONE', #4830, #681, #4770, .T. ) ;
#601 = EDGE_LOOP ( 'NONE', ( #6442, #653, #1388 ) ) ;
#602 = AXIS2_PLACEMENT_3D ( 'NONE', #4181, #1559, #4348 ) ;
#603 = DIRECTION ( 'NONE',  ( 0.0000000000000000000, 1.000000000000000000, 0.0000000000000000000 ) ) ;
#604 = PLANE ( 'NONE',  #818 ) ;
#605 = CARTESIAN_POINT ( 'NONE',  ( 6.300000000000001600, 14.90000000000000200, -5.700000000000002000 ) ) ;
#606 = ORIENTED_EDGE ( 'NONE', *, *, #3938, .F. ) ;
#607 = CARTESIAN_POINT ( 'NONE',  ( 0.0000000000000000000, 13.60000000000000300, 0.0000000000000000000 ) ) ;
#608 = ADVANCED_FACE ( 'NONE', ( #3173 ), #1020, .T. ) ;
#609 = DIRECTION ( 'NONE',  ( 1.000000000000000000, -0.0000000000000000000, 0.0000000000000000000 ) ) ;
#610 = VERTEX_POINT ( 'NONE', #4777 ) ;
#611 = AXIS2_PLACEMENT_3D ( 'NONE', #1578, #5306, #5847 ) ;
#612 = EDGE_CURVE ( 'NONE', #1038, #2747, #4593, .T. ) ;
#613 =( LENGTH_UNIT ( ) NAMED_UNIT ( * ) SI_UNIT ( .MILLI., .METRE. ) );
#614 = LINE ( 'NONE', #6716, #6671 ) ;
#615 = DIRECTION ( 'NONE',  ( -1.000000000000000000, 0.0000000000000000000, 1.236370898448382100E-016 ) ) ;
#616 = ORIENTED_EDGE ( 'NONE', *, *, #5885, .F. ) ;
#618 = CARTESIAN_POINT ( 'NONE',  ( 5.700000000000002800, 32.18483977907960300, -0.7000000000000027300 ) ) ;
#617 = LINE ( 'NONE', #129, #5948 ) ;
#619 = DIRECTION ( 'NONE',  ( 0.0000000000000000000, 0.0000000000000000000, 1.000000000000000000 ) ) ;
#620 = CARTESIAN_POINT ( 'NONE',  ( -6.249999999999998200, 12.09999999999999800, 9.200000000000001100 ) ) ;
#621 = AXIS2_PLACEMENT_3D ( 'NONE', #6398, #41, #5346 ) ;
#622 = PLANE ( 'NONE',  #4076 ) ;
#623 = CARTESIAN_POINT ( 'NONE',  ( -23.00000000000000000, 78.31812087098393200, 15.00000000000000200 ) ) ;
#624 = EDGE_CURVE ( 'NONE', #114, #3658, #4831, .T. ) ;
#625 = DIRECTION ( 'NONE',  ( 0.0000000000000000000, 1.000000000000000000, 0.0000000000000000000 ) ) ;
#626 = ORIENTED_EDGE ( 'NONE', *, *, #1246, .T. ) ;
#627 = LINE ( 'NONE', #3648, #6113 ) ;
#628 = CARTESIAN_POINT ( 'NONE',  ( -0.9999999999999993300, 2.000000000000000000, -17.00000000000000000 ) ) ;
#629 = DIRECTION ( 'NONE',  ( -0.0000000000000000000, 1.000000000000000000, -0.0000000000000000000 ) ) ;
#630 = CARTESIAN_POINT ( 'NONE',  ( 20.99999999999999600, 2.000000000000000000, -15.00000000000000400 ) ) ;
#631 = AXIS2_PLACEMENT_3D ( 'NONE', #3140, #6846, #2037 ) ;
#632 = ORIENTED_EDGE ( 'NONE', *, *, #6613, .T. ) ;
#633 = LINE ( 'NONE', #338, #33 ) ;
#634 = CARTESIAN_POINT ( 'NONE',  ( -22.50000000000000000, 14.30000000000000200, -14.50000000000000000 ) ) ;
#635 = CARTESIAN_POINT ( 'NONE',  ( 5.100000000000000500, 14.30000000000000200, 0.0000000000000000000 ) ) ;
#636 = VERTEX_POINT ( 'NONE', #520 ) ;
#637 = VECTOR ( 'NONE', #4744, 1000.000000000000000 ) ;
#638 = ORIENTED_EDGE ( 'NONE', *, *, #2716, .T. ) ;
#639 = ADVANCED_FACE ( 'NONE', ( #5862 ), #6906, .T. ) ;
#640 = AXIS2_PLACEMENT_3D ( 'NONE', #3791, #1195, #586 ) ;
#641 = PLANE ( 'NONE',  #5295 ) ;
#642 = DIRECTION ( 'NONE',  ( 0.0000000000000000000, -0.7071067811865487900, -0.7071067811865463500 ) ) ;
#643 = CARTESIAN_POINT ( 'NONE',  ( 0.0000000000000000000, 14.30000000000000200, 0.0000000000000000000 ) ) ;
#644 = VERTEX_POINT ( 'NONE', #5293 ) ;
#645 = LINE ( 'NONE', #4359, #3288 ) ;
#646 = CARTESIAN_POINT ( 'NONE',  ( 4.800000000000000700, 14.60000000000000100, 1.099999999999995400 ) ) ;
#647 = ORIENTED_EDGE ( 'NONE', *, *, #22, .F. ) ;
#648 = VECTOR ( 'NONE', #1568, 1000.000000000000000 ) ;
#649 = ORIENTED_EDGE ( 'NONE', *, *, #1379, .T. ) ;
#650 = DIRECTION ( 'NONE',  ( 0.0000000000000000000, 1.000000000000000000, 0.0000000000000000000 ) ) ;
#651 = CARTESIAN_POINT ( 'NONE',  ( 5.100000000000000500, 14.60000000000000100, 0.7999999999999956000 ) ) ;
#652 = AXIS2_PLACEMENT_3D ( 'NONE', #6264, #4721, #2611 ) ;
#653 = ORIENTED_EDGE ( 'NONE', *, *, #2956, .T. ) ;
#654 = DIRECTION ( 'NONE',  ( -0.0000000000000000000, 1.000000000000000000, -0.0000000000000000000 ) ) ;
#655 = EDGE_CURVE ( 'NONE', #5089, #716, #1208, .T. ) ;
#656 = UNCERTAINTY_MEASURE_WITH_UNIT (LENGTH_MEASURE( 1.000000000000000100E-005 ), #5829, 'distance_accuracy_value', 'NONE');
#657 = VECTOR ( 'NONE', #6451, 1000.000000000000100 ) ;
#658 = ORIENTED_EDGE ( 'NONE', *, *, #334, .F. ) ;
#659 = DIRECTION ( 'NONE',  ( 0.0000000000000000000, 0.0000000000000000000, -1.000000000000000000 ) ) ;
#660 = CARTESIAN_POINT ( 'NONE',  ( 9.400000000000002100, 16.30000000000000100, -4.450000000000002000 ) ) ;
#661 = EDGE_LOOP ( 'NONE', ( #4198, #546, #3275, #5501 ) ) ;
#662 = CIRCLE ( 'NONE', #6708, 0.2999999999999999300 ) ;
#663 = DIRECTION ( 'NONE',  ( -0.0000000000000000000, -1.000000000000000000, -0.0000000000000000000 ) ) ;
#664 = EDGE_LOOP ( 'NONE', ( #3942, #5581, #680, #1346, #389, #6356, #1728, #4638, #4578, #3788, #2596, #4885 ) ) ;
#665 = FACE_OUTER_BOUND ( 'NONE', #3211, .T. ) ;
#666 = EDGE_CURVE ( 'NONE', #2292, #3092, #2116, .T. ) ;
#667 = EDGE_CURVE ( 'NONE', #2124, #4484, #2857, .T. ) ;
#668 = DIRECTION ( 'NONE',  ( -1.224646799147353200E-016, 1.000000000000000000, 0.0000000000000000000 ) ) ;
#669 = CARTESIAN_POINT ( 'NONE',  ( -20.20000000000000600, 15.80000000000000100, 0.3856406460551037300 ) ) ;
#670 = VERTEX_POINT ( 'NONE', #4154 ) ;
#671 = CIRCLE ( 'NONE', #5747, 1.400000000000003200 ) ;
#672 = ORIENTED_EDGE ( 'NONE', *, *, #6891, .F. ) ;
#673 = EDGE_CURVE ( 'NONE', #211, #4458, #6032, .T. ) ;
#674 = AXIS2_PLACEMENT_3D ( 'NONE', #3078, #6209, #931 ) ;
#675 = ORIENTED_EDGE ( 'NONE', *, *, #428, .F. ) ;
#676 = ORIENTED_EDGE ( 'NONE', *, *, #1101, .F. ) ;
#677 = ADVANCED_FACE ( 'NONE', ( #4248 ), #2521, .F. ) ;
#678 = CARTESIAN_POINT ( 'NONE',  ( 0.0000000000000000000, 12.09999999999999800, 0.0000000000000000000 ) ) ;
#679 = ORIENTED_EDGE ( 'NONE', *, *, #4284, .T. ) ;
#680 = ORIENTED_EDGE ( 'NONE', *, *, #2709, .F. ) ;
#681 = VERTEX_POINT ( 'NONE', #5392 ) ;
#682 = COLOUR_RGB ( '',1.000000000000000000, 0.8117647058823529400, 0.5019607843137254800 ) ;
#683 = FILL_AREA_STYLE ('',( #2297 ) ) ;
#684 = DIRECTION ( 'NONE',  ( 0.0000000000000000000, 0.0000000000000000000, 1.000000000000000000 ) ) ;
#685 = ORIENTED_EDGE ( 'NONE', *, *, #600, .F. ) ;
#686 = CARTESIAN_POINT ( 'NONE',  ( -9.799999999999998900, 17.60000000000000100, -3.550000000000001200 ) ) ;
#687 = FACE_OUTER_BOUND ( 'NONE', #2087, .T. ) ;
#688 = DIRECTION ( 'NONE',  ( 0.0000000000000000000, 1.000000000000000000, -0.0000000000000000000 ) ) ;
#689 = DIRECTION ( 'NONE',  ( 0.7071067811865491300, 0.0000000000000000000, 0.7071067811865459100 ) ) ;
#690 = DIRECTION ( 'NONE',  ( 1.000000000000000000, 0.0000000000000000000, -0.0000000000000000000 ) ) ;
#691 = AXIS2_PLACEMENT_3D ( 'NONE', #4345, #4908, #3835 ) ;
#692 = COLOUR_RGB ( '',1.000000000000000000, 0.8117647058823529400, 0.5019607843137254800 ) ;
#693 = CARTESIAN_POINT ( 'NONE',  ( -7.699999999999998400, 17.30000000000000100, 4.300000000000002500 ) ) ;
#694 = VECTOR ( 'NONE', #3500, 1000.000000000000000 ) ;
#695 = DIRECTION ( 'NONE',  ( 0.0000000000000000000, 1.000000000000000000, 0.0000000000000000000 ) ) ;
#696 = DIRECTION ( 'NONE',  ( 0.0000000000000000000, 1.000000000000000000, 0.0000000000000000000 ) ) ;
#697 = DIRECTION ( 'NONE',  ( 0.0000000000000000000, 0.0000000000000000000, 1.000000000000000000 ) ) ;
#698 = EDGE_CURVE ( 'NONE', #3279, #1179, #771, .T. ) ;
#699 = EDGE_CURVE ( 'NONE', #5681, #3412, #3922, .T. ) ;
#700 = CARTESIAN_POINT ( 'NONE',  ( 18.50000000000000400, 12.09999999999999800, -5.500000000000004400 ) ) ;
#701 = COLOUR_RGB ( '',0.7921568627450980000, 0.8196078431372548800, 0.9333333333333333500 ) ;
#702 = CARTESIAN_POINT ( 'NONE',  ( -20.20000000000000600, 15.00000000000000200, 0.3999999999999990800 ) ) ;
#703 = VECTOR ( 'NONE', #5762, 1000.000000000000000 ) ;
#704 = ADVANCED_FACE ( 'NONE', ( #943 ), #5878, .F. ) ;
#705 = DIRECTION ( 'NONE',  ( 7.860966973165335300E-016, -0.4226182617407002700, 0.9063077870366496000 ) ) ;
#706 = DIRECTION ( 'NONE',  ( -0.0000000000000000000, -0.0000000000000000000, 1.000000000000000000 ) ) ;
#707 = ORIENTED_EDGE ( 'NONE', *, *, #5246, .F. ) ;
#708 = DIRECTION ( 'NONE',  ( 0.0000000000000000000, 0.0000000000000000000, 1.000000000000000000 ) ) ;
#709 = FACE_OUTER_BOUND ( 'NONE', #6464, .T. ) ;
#710 = EDGE_CURVE ( 'NONE', #2961, #293, #4329, .T. ) ;
#711 = ORIENTED_EDGE ( 'NONE', *, *, #5310, .T. ) ;
#712 = DIRECTION ( 'NONE',  ( 0.0000000000000000000, -0.0000000000000000000, 1.000000000000000000 ) ) ;
#713 = ORIENTED_EDGE ( 'NONE', *, *, #1729, .T. ) ;
#714 = PLANE ( 'NONE',  #3748 ) ;
#715 = FACE_OUTER_BOUND ( 'NONE', #932, .T. ) ;
#716 = VERTEX_POINT ( 'NONE', #2233 ) ;
#717 = VECTOR ( 'NONE', #2244, 1000.000000000000000 ) ;
#718 = ORIENTED_EDGE ( 'NONE', *, *, #1068, .T. ) ;
#719 = DIRECTION ( 'NONE',  ( 1.000000000000000000, 0.0000000000000000000, 0.0000000000000000000 ) ) ;
#720 = VERTEX_POINT ( 'NONE', #2173 ) ;
#721 = EDGE_CURVE ( 'NONE', #278, #2237, #3498, .T. ) ;
#722 = LINE ( 'NONE', #1043, #4807 ) ;
#723 = PRESENTATION_LAYER_ASSIGNMENT (  '', '', ( #1354 ) ) ;
#724 =( NAMED_UNIT ( * ) PLANE_ANGLE_UNIT ( ) SI_UNIT ( $, .RADIAN. ) );
#725 = VECTOR ( 'NONE', #2183, 1000.000000000000000 ) ;
#726 = CARTESIAN_POINT ( 'NONE',  ( 19.80000000000000100, 15.00000000000000200, 1.399999999999996800 ) ) ;
#727 = VERTEX_POINT ( 'NONE', #121 ) ;
#728 = ORIENTED_EDGE ( 'NONE', *, *, #2391, .F. ) ;
#729 = DIRECTION ( 'NONE',  ( 0.0000000000000000000, 1.000000000000000000, 0.0000000000000000000 ) ) ;
#730 = UNCERTAINTY_MEASURE_WITH_UNIT (LENGTH_MEASURE( 1.000000000000000100E-005 ), #4779, 'distance_accuracy_value', 'NONE');
#731 = FACE_OUTER_BOUND ( 'NONE', #4189, .T. ) ;
#732 = VERTEX_POINT ( 'NONE', #100 ) ;
#733 = VECTOR ( 'NONE', #6564, 1000.000000000000000 ) ;
#734 = DIRECTION ( 'NONE',  ( -1.000000000000000000, 0.0000000000000000000, -1.156482317317873100E-015 ) ) ;
#735 = AXIS2_PLACEMENT_3D ( 'NONE', #630, #5428, #6387 ) ;
#736 = DIRECTION ( 'NONE',  ( -0.0000000000000000000, 1.000000000000000000, -0.0000000000000000000 ) ) ;
#737 = ADVANCED_FACE ( 'NONE', ( #1928 ), #2602, .F. ) ;
#738 = CARTESIAN_POINT ( 'NONE',  ( 19.89999718138965400, 15.80000723708626300, 1.399999999999996800 ) ) ;
#739 = EDGE_CURVE ( 'NONE', #2582, #4553, #4085, .T. ) ;
#740 = ORIENTED_EDGE ( 'NONE', *, *, #1035, .F. ) ;
#741 = COLOUR_RGB ( '',1.000000000000000000, 0.8117647058823529400, 0.5019607843137254800 ) ;
#742 = VERTEX_POINT ( 'NONE', #2395 ) ;
#743 = CYLINDRICAL_SURFACE ( 'NONE', #6785, 1.249999999999999300 ) ;
#744 = DIRECTION ( 'NONE',  ( 0.0000000000000000000, 0.0000000000000000000, 1.000000000000000000 ) ) ;
#745 = DIRECTION ( 'NONE',  ( 7.910804958453289400E-017, 0.9396926207859068700, 0.3420201433256727100 ) ) ;
#746 = CARTESIAN_POINT ( 'NONE',  ( -4.799999999999997200, 14.30000000000000200, 12.00000000000000700 ) ) ;
#747 = AXIS2_PLACEMENT_3D ( 'NONE', #6011, #1269, #659 ) ;
#748 = ORIENTED_EDGE ( 'NONE', *, *, #5161, .T. ) ;
#749 = EDGE_CURVE ( 'NONE', #2124, #2826, #1359, .T. ) ;
#750 = EDGE_CURVE ( 'NONE', #2284, #6655, #3256, .T. ) ;
#751 = EDGE_LOOP ( 'NONE', ( #6546, #2466, #1153, #1638 ) ) ;
#752 = CARTESIAN_POINT ( 'NONE',  ( -19.80000000000001100, 15.80000000000000100, -0.8000000000000008200 ) ) ;
#753 = CARTESIAN_POINT ( 'NONE',  ( -0.1999999999999947700, 14.30000000000003400, -5.200000000000007300 ) ) ;
#754 = CARTESIAN_POINT ( 'NONE',  ( 12.60000000000000100, 16.30000000000000100, -4.150000000000002100 ) ) ;
#755 = VERTEX_POINT ( 'NONE', #1885 ) ;
#756 = CLOSED_SHELL ( 'NONE', ( #2697, #737, #2172, #1396, #3518, #572, #6258, #770, #4243, #6872, #3931, #1032, #2033, #6355, #6182, #4312, #2730, #2200, #2835, #1437, #3135, #6552, #2071, #2658, #3723, #1311, #6455, #803, #4172, #6741, #6110, #5283, #1097, #2953, #639, #1304, #6117, #2305, #5913, #2367, #5359, #5430, #3512, #6803, #206, #3900, #6770, #3790, #4558, #72, #6520, #919, #3959, #2406, #1460, #3935, #2799, #4450, #677, #5031, #458, #4823 ) ) ;
#757 = CARTESIAN_POINT ( 'NONE',  ( 0.1000000000000029100, 13.80000000000000100, -13.50000000000000000 ) ) ;
#758 = ORIENTED_EDGE ( 'NONE', *, *, #1501, .F. ) ;
#759 = CIRCLE ( 'NONE', #5912, 0.2999999999999981600 ) ;
#760 = DIRECTION ( 'NONE',  ( 1.000000000000000000, 0.0000000000000000000, 0.0000000000000000000 ) ) ;
#761 = ORIENTED_EDGE ( 'NONE', *, *, #960, .T. ) ;
#762 =( LENGTH_UNIT ( ) NAMED_UNIT ( * ) SI_UNIT ( .MILLI., .METRE. ) );
#763 = ORIENTED_EDGE ( 'NONE', *, *, #1636, .T. ) ;
#764 = LINE ( 'NONE', #5834, #1768 ) ;
#765 = ORIENTED_EDGE ( 'NONE', *, *, #2921, .F. ) ;
#766 = CARTESIAN_POINT ( 'NONE',  ( -20.00000000000000400, 15.20000000000000100, -3.000000000000004000 ) ) ;
#767 = ORIENTED_EDGE ( 'NONE', *, *, #2001, .F. ) ;
#769 = CARTESIAN_POINT ( 'NONE',  ( 7.800000000000001600, 16.30000000000000100, -1.700000000000002000 ) ) ;
#768 = FACE_OUTER_BOUND ( 'NONE', #5441, .T. ) ;
#770 = ADVANCED_FACE ( 'NONE', ( #4942 ), #6184, .F. ) ;
#771 = CIRCLE ( 'NONE', #1219, 0.2999999999999999300 ) ;
#772 = PLANE ( 'NONE',  #6563 ) ;
#773 = VECTOR ( 'NONE', #408, 1000.000000000000000 ) ;
#774 = CARTESIAN_POINT ( 'NONE',  ( 0.0000000000000000000, 17.60000000000000100, -12.00000000000001200 ) ) ;
#775 = ORIENTED_EDGE ( 'NONE', *, *, #779, .T. ) ;
#776 = CIRCLE ( 'NONE', #2412, 1.250000000000000200 ) ;
#777 = STYLED_ITEM ( 'NONE', ( #239 ), #4142 ) ;
#778 = DIRECTION ( 'NONE',  ( 3.893042978237944500E-017, 0.0000000000000000000, -1.000000000000000000 ) ) ;
#779 = EDGE_CURVE ( 'NONE', #5745, #5681, #2768, .T. ) ;
#780 = CIRCLE ( 'NONE', #1, 4.000000000000000000 ) ;
#781 = PLANE ( 'NONE',  #250 ) ;
#782 = DIRECTION ( 'NONE',  ( 0.0000000000000000000, -0.0000000000000000000, 1.000000000000000000 ) ) ;
#783 = DIRECTION ( 'NONE',  ( 1.000000000000000000, 0.0000000000000000000, 0.0000000000000000000 ) ) ;
#784 = CARTESIAN_POINT ( 'NONE',  ( 9.400000000000002100, 16.30000000000000100, -1.700000000000002000 ) ) ;
#785 = DIRECTION ( 'NONE',  ( 0.0000000000000000000, 0.0000000000000000000, 1.000000000000000000 ) ) ;
#786 = CIRCLE ( 'NONE', #5807, 4.000000000000000900 ) ;
#787 = EDGE_CURVE ( 'NONE', #4526, #1156, #1521, .T. ) ;
#788 = EDGE_CURVE ( 'NONE', #484, #1317, #3344, .T. ) ;
#789 =( LENGTH_UNIT ( ) NAMED_UNIT ( * ) SI_UNIT ( .MILLI., .METRE. ) );
#790 = DIRECTION ( 'NONE',  ( 0.0000000000000000000, 0.0000000000000000000, -1.000000000000000000 ) ) ;
#791 = EDGE_LOOP ( 'NONE', ( #6085, #5420, #3404, #5398 ) ) ;
#792 = VECTOR ( 'NONE', #2468, 1000.000000000000000 ) ;
#793 = DIRECTION ( 'NONE',  ( -3.469446951953614200E-016, 0.0000000000000000000, -1.000000000000000000 ) ) ;
#794 = CARTESIAN_POINT ( 'NONE',  ( -7.699999999999998400, 12.09999999999999800, 3.050000000000002500 ) ) ;
#795 = EDGE_CURVE ( 'NONE', #3918, #245, #179, .T. ) ;
#796 = VERTEX_POINT ( 'NONE', #6150 ) ;
#797 = AXIS2_PLACEMENT_3D ( 'NONE', #3100, #483, #3629 ) ;
#798 = FACE_BOUND ( 'NONE', #3519, .T. ) ;
#799 = ORIENTED_EDGE ( 'NONE', *, *, #2919, .T. ) ;
#800 = DIRECTION ( 'NONE',  ( 0.0000000000000000000, 0.0000000000000000000, 1.000000000000000000 ) ) ;
#801 = ORIENTED_EDGE ( 'NONE', *, *, #4715, .F. ) ;
#802 = FILL_AREA_STYLE_COLOUR ( '', #1392 ) ;
#803 = ADVANCED_FACE ( 'NONE', ( #104 ), #2279, .F. ) ;
#804 = LINE ( 'NONE', #1662, #6298 ) ;
#805 = VERTEX_POINT ( 'NONE', #5996 ) ;
#806 = AXIS2_PLACEMENT_3D ( 'NONE', #542, #4187, #5337 ) ;
#807 = FACE_OUTER_BOUND ( 'NONE', #3950, .T. ) ;
#808 = CARTESIAN_POINT ( 'NONE',  ( 0.0000000000000000000, 11.69999999999999900, 0.0000000000000000000 ) ) ;
#809 = ORIENTED_EDGE ( 'NONE', *, *, #3411, .F. ) ;
#810 = ORIENTED_EDGE ( 'NONE', *, *, #5071, .T. ) ;
#811 =( NAMED_UNIT ( * ) SI_UNIT ( $, .STERADIAN. ) SOLID_ANGLE_UNIT ( ) );
#812 =( NAMED_UNIT ( * ) SI_UNIT ( $, .STERADIAN. ) SOLID_ANGLE_UNIT ( ) );
#813 = COLOUR_RGB ( '',1.000000000000000000, 0.8117647058823529400, 0.5019607843137254800 ) ;
#814 = DIRECTION ( 'NONE',  ( 1.000000000000000000, 0.0000000000000000000, 0.0000000000000000000 ) ) ;
#815 = LINE ( 'NONE', #3972, #3703 ) ;
#816 = CARTESIAN_POINT ( 'NONE',  ( -4.799999999999997200, 14.30000000000000200, -5.799999999999992700 ) ) ;
#817 = EDGE_CURVE ( 'NONE', #1011, #4676, #4766, .T. ) ;
#818 = AXIS2_PLACEMENT_3D ( 'NONE', #2182, #4835, #2219 ) ;
#819 = CARTESIAN_POINT ( 'NONE',  ( 19.99999999999999300, 17.60000000000000100, 6.899999999999995000 ) ) ;
#820 = DIRECTION ( 'NONE',  ( -1.000000000000000000, -0.0000000000000000000, -0.0000000000000000000 ) ) ;
#821 = DIRECTION ( 'NONE',  ( 2.312964634635743000E-016, 0.0000000000000000000, 1.000000000000000000 ) ) ;
#822 = ORIENTED_EDGE ( 'NONE', *, *, #2614, .F. ) ;
#823 = PRESENTATION_STYLE_ASSIGNMENT (( #6547 ) ) ;
#824 = CARTESIAN_POINT ( 'NONE',  ( -1.000000000000014700, 14.60000000000000100, -1.156482317317890300E-015 ) ) ;
#825 = VERTEX_POINT ( 'NONE', #2973 ) ;
#826 = LINE ( 'NONE', #5890, #4044 ) ;
#827 = DIRECTION ( 'NONE',  ( -0.7071067811865589000, 0.0000000000000000000, 0.7071067811865361400 ) ) ;
#828 = CARTESIAN_POINT ( 'NONE',  ( 11.00000000000000200, 16.30000000000000100, -4.450000000000002000 ) ) ;
#829 = ORIENTED_EDGE ( 'NONE', *, *, #1068, .F. ) ;
#830 =( GEOMETRIC_REPRESENTATION_CONTEXT ( 3 ) GLOBAL_UNCERTAINTY_ASSIGNED_CONTEXT ( ( #3416 ) ) GLOBAL_UNIT_ASSIGNED_CONTEXT ( ( #4871, #1683, #3870 ) ) REPRESENTATION_CONTEXT ( 'NONE', 'WORKASPACE' ) );
#831 = VECTOR ( 'NONE', #4571, 1000.000000000000000 ) ;
#832 = ORIENTED_EDGE ( 'NONE', *, *, #5213, .T. ) ;
#833 = LINE ( 'NONE', #635, #3229 ) ;
#834 = EDGE_CURVE ( 'NONE', #2456, #237, #6839, .T. ) ;
#835 = EDGE_CURVE ( 'NONE', #6411, #2275, #3664, .T. ) ;
#836 = DIRECTION ( 'NONE',  ( 0.0000000000000000000, 1.000000000000000000, -0.0000000000000000000 ) ) ;
#837 = EDGE_LOOP ( 'NONE', ( #2793, #6699, #1722, #4487 ) ) ;
#838 = ORIENTED_EDGE ( 'NONE', *, *, #6275, .T. ) ;
#839 = CIRCLE ( 'NONE', #1845, 0.2999999999999999300 ) ;
#840 = SURFACE_SIDE_STYLE ('',( #4728 ) ) ;
#841 = MECHANICAL_DESIGN_GEOMETRIC_PRESENTATION_REPRESENTATION (  '', ( #6029 ), #4913 ) ;
#842 = EDGE_CURVE ( 'NONE', #2292, #3636, #5607, .T. ) ;
#843 = EDGE_LOOP ( 'NONE', ( #5317, #1419, #1833, #2343 ) ) ;
#844 = ADVANCED_FACE ( 'NONE', ( #5446 ), #5081, .F. ) ;
#845 = ORIENTED_EDGE ( 'NONE', *, *, #297, .T. ) ;
#846 = DIRECTION ( 'NONE',  ( 1.000000000000000000, -0.0000000000000000000, 0.0000000000000000000 ) ) ;
#847 = VECTOR ( 'NONE', #5597, 1000.000000000000000 ) ;
#848 = ORIENTED_EDGE ( 'NONE', *, *, #6297, .T. ) ;
#849 = PLANE ( 'NONE',  #2817 ) ;
#850 = FACE_OUTER_BOUND ( 'NONE', #1678, .T. ) ;
#851 = ADVANCED_FACE ( 'NONE', ( #262 ), #6172, .T. ) ;
#852 = DIRECTION ( 'NONE',  ( 0.0000000000000000000, 0.0000000000000000000, 1.000000000000000000 ) ) ;
#853 = CARTESIAN_POINT ( 'NONE',  ( 2.999999999999999600, 12.09999999999999800, 6.800000000000000700 ) ) ;
#854 = CARTESIAN_POINT ( 'NONE',  ( -4.799999999999997200, 13.60000000000000300, -5.799999999999992700 ) ) ;
#855 = VECTOR ( 'NONE', #5644, 1000.000000000000100 ) ;
#856 = DIRECTION ( 'NONE',  ( -0.0000000000000000000, 0.0000000000000000000, 1.000000000000000000 ) ) ;
#857 = LINE ( 'NONE', #5424, #5024 ) ;
#858 = DIRECTION ( 'NONE',  ( 0.0000000000000000000, 1.000000000000000000, 0.0000000000000000000 ) ) ;
#859 = STYLED_ITEM ( 'NONE', ( #3178 ), #2629 ) ;
#860 = LINE ( 'NONE', #1763, #4418 ) ;
#861 = LINE ( 'NONE', #5921, #1608 ) ;
#862 = UNCERTAINTY_MEASURE_WITH_UNIT (LENGTH_MEASURE( 1.000000000000000100E-005 ), #2149, 'distance_accuracy_value', 'NONE');
#863 = CARTESIAN_POINT ( 'NONE',  ( 18.50000000000000400, 12.09999999999999800, 0.0000000000000000000 ) ) ;
#864 = LINE ( 'NONE', #1294, #5865 ) ;
#865 = CARTESIAN_POINT ( 'NONE',  ( -19.99999999999998600, 17.47321452147779300, 3.271892336110995300 ) ) ;
#866 = LINE ( 'NONE', #6748, #6517 ) ;
#867 = DIRECTION ( 'NONE',  ( 0.0000000000000000000, 0.0000000000000000000, 1.000000000000000000 ) ) ;
#868 = DIRECTION ( 'NONE',  ( 0.0000000000000000000, 0.0000000000000000000, -1.000000000000000000 ) ) ;
#869 =( GEOMETRIC_REPRESENTATION_CONTEXT ( 3 ) GLOBAL_UNCERTAINTY_ASSIGNED_CONTEXT ( ( #1544 ) ) GLOBAL_UNIT_ASSIGNED_CONTEXT ( ( #5826, #6372, #3705 ) ) REPRESENTATION_CONTEXT ( 'NONE', 'WORKASPACE' ) );
#870 = DIRECTION ( 'NONE',  ( 0.0000000000000000000, 0.0000000000000000000, 1.000000000000000000 ) ) ;
#871 = EDGE_CURVE ( 'NONE', #4812, #4477, #518, .T. ) ;
#872 = VERTEX_POINT ( 'NONE', #4672 ) ;
#873 = DIRECTION ( 'NONE',  ( 1.000000000000000000, 0.0000000000000000000, 0.0000000000000000000 ) ) ;
#874 = CARTESIAN_POINT ( 'NONE',  ( -22.50000000000000000, 12.09999999999999800, -14.50000000000000000 ) ) ;
#875 = DIRECTION ( 'NONE',  ( 2.846030702774451600E-016, 0.0000000000000000000, 1.000000000000000000 ) ) ;
#876 = VECTOR ( 'NONE', #3235, 1000.000000000000000 ) ;
#877 = DIRECTION ( 'NONE',  ( 0.0000000000000000000, 0.0000000000000000000, 1.000000000000000000 ) ) ;
#878 = PRESENTATION_LAYER_ASSIGNMENT (  '', '', ( #524 ) ) ;
#879 = ORIENTED_EDGE ( 'NONE', *, *, #3701, .F. ) ;
#880 = FACE_BOUND ( 'NONE', #6820, .T. ) ;
#881 = EDGE_CURVE ( 'NONE', #3118, #184, #5269, .T. ) ;
#882 = EDGE_CURVE ( 'NONE', #5094, #39, #5856, .T. ) ;
#883 = CARTESIAN_POINT ( 'NONE',  ( 23.00000000000000700, 14.79999999999999400, 5.880883344054617500 ) ) ;
#884 = SURFACE_SIDE_STYLE ('',( #2162 ) ) ;
#885 = DIRECTION ( 'NONE',  ( 1.000000000000000000, 0.0000000000000000000, 0.0000000000000000000 ) ) ;
#886 = ORIENTED_EDGE ( 'NONE', *, *, #5790, .F. ) ;
#887 = VECTOR ( 'NONE', #3876, 1000.000000000000000 ) ;
#888 = CARTESIAN_POINT ( 'NONE',  ( 12.70664505672606600, 24.40713128038899500, 5.192868719611043500 ) ) ;
#889 = ORIENTED_EDGE ( 'NONE', *, *, #5923, .T. ) ;
#890 = EDGE_CURVE ( 'NONE', #3623, #1038, #4410, .T. ) ;
#891 = STYLED_ITEM ( 'NONE', ( #4116 ), #6823 ) ;
#892 = ORIENTED_EDGE ( 'NONE', *, *, #1157, .F. ) ;
#893 = CARTESIAN_POINT ( 'NONE',  ( 5.100000000000000500, 14.60000000000000100, 0.0000000000000000000 ) ) ;
#894 = FACE_OUTER_BOUND ( 'NONE', #2491, .T. ) ;
#895 = FACE_OUTER_BOUND ( 'NONE', #3991, .T. ) ;
#896 = CARTESIAN_POINT ( 'NONE',  ( -13.65000000000000000, 17.30000000000000100, -4.450000000000001100 ) ) ;
#897 = CARTESIAN_POINT ( 'NONE',  ( -4.799999999999997200, 13.60000000000000300, -5.799999999999992700 ) ) ;
#898 = SURFACE_STYLE_FILL_AREA ( #2174 ) ;
#899 = EDGE_LOOP ( 'NONE', ( #5892, #5012, #2239, #1005 ) ) ;
#900 = DIRECTION ( 'NONE',  ( 0.0000000000000000000, 0.0000000000000000000, 1.000000000000000000 ) ) ;
#901 = ORIENTED_EDGE ( 'NONE', *, *, #4109, .F. ) ;
#902 = AXIS2_PLACEMENT_3D ( 'NONE', #5720, #2933, #1887 ) ;
#903 = LINE ( 'NONE', #4089, #3546 ) ;
#904 = LINE ( 'NONE', #2628, #2650 ) ;
#905 = SURFACE_STYLE_USAGE ( .BOTH. , #3559 ) ;
#906 = DIRECTION ( 'NONE',  ( 0.0000000000000000000, -0.0000000000000000000, 1.000000000000000000 ) ) ;
#907 = CARTESIAN_POINT ( 'NONE',  ( 19.80000000000000400, 0.2000000000000000100, 14.50000000000000000 ) ) ;
#908 =( NAMED_UNIT ( * ) SI_UNIT ( $, .STERADIAN. ) SOLID_ANGLE_UNIT ( ) );
#909 = CARTESIAN_POINT ( 'NONE',  ( 0.1000000000000026100, 14.05000000000000200, -14.50000000000000000 ) ) ;
#910 = ORIENTED_EDGE ( 'NONE', *, *, #1798, .F. ) ;
#911 = VERTEX_POINT ( 'NONE', #3612 ) ;
#912 = VECTOR ( 'NONE', #6573, 1000.000000000000000 ) ;
#913 = CARTESIAN_POINT ( 'NONE',  ( -4.799999999999997200, -9.806836608136517700, 12.00000000000000700 ) ) ;
#914 = DIRECTION ( 'NONE',  ( 0.7071067811865490200, 0.0000000000000000000, -0.7071067811865460200 ) ) ;
#915 = ORIENTED_EDGE ( 'NONE', *, *, #4804, .F. ) ;
#916 = DIRECTION ( 'NONE',  ( 0.0000000000000000000, 0.0000000000000000000, 1.000000000000000000 ) ) ;
#917 = EDGE_LOOP ( 'NONE', ( #740, #4971, #6420 ) ) ;
#918 = COLOUR_RGB ( '',1.000000000000000000, 0.8117647058823529400, 0.5019607843137254800 ) ;
#919 = ADVANCED_FACE ( 'NONE', ( #6023 ), #394, .F. ) ;
#920 = PLANE ( 'NONE',  #392 ) ;
#921 =( LENGTH_UNIT ( ) NAMED_UNIT ( * ) SI_UNIT ( .MILLI., .METRE. ) );
#922 = AXIS2_PLACEMENT_3D ( 'NONE', #2212, #1134, #598 ) ;
#923 = ORIENTED_EDGE ( 'NONE', *, *, #4467, .T. ) ;
#924 = CARTESIAN_POINT ( 'NONE',  ( -19.99999999999999600, 13.60000000000000300, 12.00000000000000700 ) ) ;
#925 = ORIENTED_EDGE ( 'NONE', *, *, #6275, .F. ) ;
#926 = EDGE_CURVE ( 'NONE', #716, #349, #1031, .T. ) ;
#927 = EDGE_CURVE ( 'NONE', #5388, #4128, #4494, .T. ) ;
#928 = ORIENTED_EDGE ( 'NONE', *, *, #251, .T. ) ;
#929 = VERTEX_POINT ( 'NONE', #3025 ) ;
#930 = CARTESIAN_POINT ( 'NONE',  ( -19.88175104581392100, 17.30000000000000100, -11.87573593128808700 ) ) ;
#931 = DIRECTION ( 'NONE',  ( 0.0000000000000000000, 0.0000000000000000000, 1.000000000000000000 ) ) ;
#932 = EDGE_LOOP ( 'NONE', ( #3785, #5799, #1386, #6807, #6163, #6610, #1184, #1220, #2508, #6162, #3459 ) ) ;
#933 = DIRECTION ( 'NONE',  ( 1.345632960768743800E-016, 0.0000000000000000000, 1.000000000000000000 ) ) ;
#934 = DIRECTION ( 'NONE',  ( -1.000000000000000000, 0.0000000000000000000, -0.0000000000000000000 ) ) ;
#936 = CARTESIAN_POINT ( 'NONE',  ( 5.700000000000002000, 18.30000000000000100, -5.700000000000002000 ) ) ;
#935 = LINE ( 'NONE', #2035, #4667 ) ;
#937 = DIRECTION ( 'NONE',  ( 0.0000000000000000000, 1.000000000000000000, -0.0000000000000000000 ) ) ;
#938 = EDGE_CURVE ( 'NONE', #1921, #872, #3169, .T. ) ;
#939 = CARTESIAN_POINT ( 'NONE',  ( 20.00000000000000400, 15.20000000000000100, 2.799999999999997200 ) ) ;
#940 = EDGE_LOOP ( 'NONE', ( #1749, #6774, #2026, #6590 ) ) ;
#941 = VECTOR ( 'NONE', #1786, 1000.000000000000000 ) ;
#942 = CARTESIAN_POINT ( 'NONE',  ( -4.799999999999997200, 14.30000000000000200, 12.00000000000000700 ) ) ;
#943 = FACE_OUTER_BOUND ( 'NONE', #5237, .T. ) ;
#944 = FACE_OUTER_BOUND ( 'NONE', #3489, .T. ) ;
#945 = MECHANICAL_DESIGN_GEOMETRIC_PRESENTATION_REPRESENTATION (  '', ( #3200 ), #3343 ) ;
#946 = CARTESIAN_POINT ( 'NONE',  ( 20.16666924498838800, 15.79994331691107100, 4.199999999999998400 ) ) ;
#947 = VERTEX_POINT ( 'NONE', #2467 ) ;
#948 = DIRECTION ( 'NONE',  ( -0.0000000000000000000, 1.000000000000000000, -0.0000000000000000000 ) ) ;
#949 = VECTOR ( 'NONE', #2693, 1000.000000000000000 ) ;
#950 = DIRECTION ( 'NONE',  ( -1.000000000000000000, 0.0000000000000000000, -0.0000000000000000000 ) ) ;
#951 = CARTESIAN_POINT ( 'NONE',  ( 17.30000000000000100, 17.69999999999999900, -1.700000000000002000 ) ) ;
#952 = CARTESIAN_POINT ( 'NONE',  ( -23.00000000000000000, 12.09999999999999800, 15.00000000000000200 ) ) ;
#953 = DIRECTION ( 'NONE',  ( 0.0000000000000000000, 0.0000000000000000000, -1.000000000000000000 ) ) ;
#954 = B_SPLINE_CURVE_WITH_KNOTS ( 'NONE', 3,
 ( #4287, #4797, #3202, #5855, #2655 ),
 .UNSPECIFIED., .F., .F.,
 ( 4, 1, 4 ),
 ( 0.0008251932643149337600, 0.0008323080342449454500, 0.0008394228041749571400 ),
 .UNSPECIFIED. ) ;
#955 = LINE ( 'NONE', #266, #5027 ) ;
#956 = LINE ( 'NONE', #4340, #2862 ) ;
#957 = UNCERTAINTY_MEASURE_WITH_UNIT (LENGTH_MEASURE( 1.000000000000000100E-005 ), #5267, 'distance_accuracy_value', 'NONE');
#958 =( LENGTH_UNIT ( ) NAMED_UNIT ( * ) SI_UNIT ( .MILLI., .METRE. ) );
#959 = CARTESIAN_POINT ( 'NONE',  ( -4.799999999999997200, 14.30000000000000200, 12.00000000000000700 ) ) ;
#960 = EDGE_CURVE ( 'NONE', #4422, #2970, #5944, .T. ) ;
#961 = DIRECTION ( 'NONE',  ( 0.0000000000000000000, 1.000000000000000000, -0.0000000000000000000 ) ) ;
#962 = AXIS2_PLACEMENT_3D ( 'NONE', #1106, #3227, #1634 ) ;
#963 = PLANE ( 'NONE',  #372 ) ;
#964 = DIRECTION ( 'NONE',  ( -0.6823182503600109200, 0.7310552682428692600, -0.0000000000000000000 ) ) ;
#965 = ADVANCED_FACE ( 'NONE', ( #5 ), #6344, .T. ) ;
#966 = DIRECTION ( 'NONE',  ( 1.000000000000000000, -0.0000000000000000000, 0.0000000000000000000 ) ) ;
#967 = VECTOR ( 'NONE', #785, 1000.000000000000000 ) ;
#968 = VERTEX_POINT ( 'NONE', #3061 ) ;
#969 = ORIENTED_EDGE ( 'NONE', *, *, #161, .F. ) ;
#970 = DIRECTION ( 'NONE',  ( 0.0000000000000000000, 0.0000000000000000000, 1.000000000000000000 ) ) ;
#971 = ORIENTED_EDGE ( 'NONE', *, *, #2378, .T. ) ;
#972 = EDGE_CURVE ( 'NONE', #5534, #2960, #5522, .T. ) ;
#973 = DIRECTION ( 'NONE',  ( 0.0000000000000000000, 0.0000000000000000000, 1.000000000000000000 ) ) ;
#974 = ORIENTED_EDGE ( 'NONE', *, *, #4850, .F. ) ;
#975 = DIRECTION ( 'NONE',  ( 0.0000000000000000000, 0.0000000000000000000, 1.000000000000000000 ) ) ;
#976 = DIRECTION ( 'NONE',  ( 1.000000000000000000, 0.0000000000000000000, -1.807003620809185000E-016 ) ) ;
#977 = FACE_BOUND ( 'NONE', #5873, .T. ) ;
#978 = ORIENTED_EDGE ( 'NONE', *, *, #4613, .T. ) ;
#979 = AXIS2_PLACEMENT_3D ( 'NONE', #2554, #1653, #4846 ) ;
#980 = EDGE_CURVE ( 'NONE', #3339, #5681, #435, .T. ) ;
#981 = ORIENTED_EDGE ( 'NONE', *, *, #2356, .T. ) ;
#982 = DIRECTION ( 'NONE',  ( -0.0000000000000000000, 1.000000000000000000, -0.0000000000000000000 ) ) ;
#983 = LINE ( 'NONE', #21, #2214 ) ;
#984 = ORIENTED_EDGE ( 'NONE', *, *, #4981, .F. ) ;
#985 = CARTESIAN_POINT ( 'NONE',  ( 18.60000000000000100, 15.80000000000288600, 2.866047179698438800 ) ) ;
#986 = VECTOR ( 'NONE', #4060, 1000.000000000000000 ) ;
#987 = CARTESIAN_POINT ( 'NONE',  ( -0.1999999999999987900, 17.60000000000000100, 3.299999999999998900 ) ) ;
#988 = ORIENTED_EDGE ( 'NONE', *, *, #2568, .F. ) ;
#989 = VERTEX_POINT ( 'NONE', #3042 ) ;
#990 = VECTOR ( 'NONE', #3579, 1000.000000000000000 ) ;
#991 =( GEOMETRIC_REPRESENTATION_CONTEXT ( 3 ) GLOBAL_UNCERTAINTY_ASSIGNED_CONTEXT ( ( #1875 ) ) GLOBAL_UNIT_ASSIGNED_CONTEXT ( ( #2733, #525, #5372 ) ) REPRESENTATION_CONTEXT ( 'NONE', 'WORKASPACE' ) );
#992 = LINE ( 'NONE', #5304, #6886 ) ;
#993 = DIRECTION ( 'NONE',  ( 0.7071067811865490200, 0.0000000000000000000, -0.7071067811865460200 ) ) ;
#994 = CARTESIAN_POINT ( 'NONE',  ( -0.1999999999999953200, -5.700000000000012600, -0.7000000000000008400 ) ) ;
#995 = ADVANCED_FACE ( 'NONE', ( #2108 ), #2045, .T. ) ;
#996 = CARTESIAN_POINT ( 'NONE',  ( 23.00000000000000000, 78.31812087098393200, -15.00000000000000200 ) ) ;
#997 = CARTESIAN_POINT ( 'NONE',  ( -1.299999999999999200, 90.11812087098393000, -14.70000000000000100 ) ) ;
#998 = PLANE ( 'NONE',  #6153 ) ;
#999 = ORIENTED_EDGE ( 'NONE', *, *, #1026, .T. ) ;
#1000 = EDGE_LOOP ( 'NONE', ( #1736, #4734 ) ) ;
#1001 = VECTOR ( 'NONE', #3652, 1000.000000000000000 ) ;
#1002 = B_SPLINE_CURVE_WITH_KNOTS ( 'NONE', 3,
 ( #4629, #4550, #1491, #946, #3640 ),
 .UNSPECIFIED., .F., .F.,
 ( 4, 1, 4 ),
 ( 6.938893903907227600E-018, 9.995510559795765200E-005, 0.0001999102111959083700 ),
 .UNSPECIFIED. ) ;
#1003 = AXIS2_PLACEMENT_3D ( 'NONE', #754, #1779, #6041 ) ;
#1004 = DIRECTION ( 'NONE',  ( 0.0000000000000000000, 0.0000000000000000000, 1.000000000000000000 ) ) ;
#1005 = ORIENTED_EDGE ( 'NONE', *, *, #1595, .F. ) ;
#1006 = LINE ( 'NONE', #3199, #5076 ) ;
#1007 = ORIENTED_EDGE ( 'NONE', *, *, #5872, .T. ) ;
#1008 = COLOUR_RGB ( '',1.000000000000000000, 0.8117647058823529400, 0.5019607843137254800 ) ;
#1009 = CARTESIAN_POINT ( 'NONE',  ( 15.80000000000000100, 16.30000000000000100, -4.150000000000002100 ) ) ;
#1010 = VERTEX_POINT ( 'NONE', #1464 ) ;
#1011 = VERTEX_POINT ( 'NONE', #6329 ) ;
#1012 = MECHANICAL_DESIGN_GEOMETRIC_PRESENTATION_REPRESENTATION (  '', ( #2076 ), #4324 ) ;
#1013 = ORIENTED_EDGE ( 'NONE', *, *, #710, .F. ) ;
#1014 = FACE_OUTER_BOUND ( 'NONE', #1174, .T. ) ;
#1015 = EDGE_CURVE ( 'NONE', #511, #4817, #4355, .T. ) ;
#1016 = ORIENTED_EDGE ( 'NONE', *, *, #1810, .T. ) ;
#1017 = ORIENTED_EDGE ( 'NONE', *, *, #2099, .F. ) ;
#1018 = EDGE_LOOP ( 'NONE', ( #3744, #3079, #4403, #1534 ) ) ;
#1019 = LINE ( 'NONE', #271, #172 ) ;
#1020 = PLANE ( 'NONE',  #31 ) ;
#1021 = SURFACE_STYLE_USAGE ( .BOTH. , #5764 ) ;
#1022 = CARTESIAN_POINT ( 'NONE',  ( -19.99999999999998900, 17.60000000000000100, 0.0000000000000000000 ) ) ;
#1023 = DIRECTION ( 'NONE',  ( -1.156482317317873100E-015, 0.0000000000000000000, 1.000000000000000000 ) ) ;
#1024 = EDGE_CURVE ( 'NONE', #6135, #1545, #6864, .T. ) ;
#1025 = ORIENTED_EDGE ( 'NONE', *, *, #882, .T. ) ;
#1026 = EDGE_CURVE ( 'NONE', #511, #4812, #4183, .T. ) ;
#1027 = CARTESIAN_POINT ( 'NONE',  ( -20.00000000000000400, 14.60000000000000100, -1.000000000000000900 ) ) ;
#1028 = LINE ( 'NONE', #5202, #2181 ) ;
#1029 = CARTESIAN_POINT ( 'NONE',  ( 19.80000000000000100, 15.00000000000000200, 4.199999999999997500 ) ) ;
#1030 = CARTESIAN_POINT ( 'NONE',  ( 0.0000000000000000000, 14.60000000000000100, 0.0000000000000000000 ) ) ;
#1031 = LINE ( 'NONE', #942, #1600 ) ;
#1032 = ADVANCED_FACE ( 'NONE', ( #3776, #4884, #3450, #1382, #6696, #5471, #2207, #2370, #715 ), #3175, .T. ) ;
#1033 = ORIENTED_EDGE ( 'NONE', *, *, #2578, .T. ) ;
#1034 = VECTOR ( 'NONE', #6720, 1000.000000000000000 ) ;
#1035 = EDGE_CURVE ( 'NONE', #3580, #15, #551, .T. ) ;
#1036 = CIRCLE ( 'NONE', #260, 1.249999999999999300 ) ;
#1037 = CARTESIAN_POINT ( 'NONE',  ( 15.80000000000000100, 16.30000000000000100, -4.150000000000002100 ) ) ;
#1038 = VERTEX_POINT ( 'NONE', #2679 ) ;
#1039 = COLOUR_RGB ( '',1.000000000000000000, 0.8117647058823529400, 0.5019607843137254800 ) ;
#1040 = CARTESIAN_POINT ( 'NONE',  ( 22.99999999999999600, 2.000000000000000000, -15.00000000000000400 ) ) ;
#1041 = FACE_OUTER_BOUND ( 'NONE', #1452, .T. ) ;
#1042 = CARTESIAN_POINT ( 'NONE',  ( 20.13333921066600900, 15.79997527452285200, 1.399999999999996800 ) ) ;
#1043 = CARTESIAN_POINT ( 'NONE',  ( -4.799999999999997200, 13.60000000000000300, 12.00000000000000700 ) ) ;
#1044 = FACE_OUTER_BOUND ( 'NONE', #2896, .T. ) ;
#1045 = UNCERTAINTY_MEASURE_WITH_UNIT (LENGTH_MEASURE( 1.000000000000000100E-005 ), #5095, 'distance_accuracy_value', 'NONE');
#1046 = DIRECTION ( 'NONE',  ( 0.0000000000000000000, 1.000000000000000000, -0.0000000000000000000 ) ) ;
#1047 = ORIENTED_EDGE ( 'NONE', *, *, #4375, .T. ) ;
#1048 = VECTOR ( 'NONE', #6302, 1000.000000000000000 ) ;
#1049 = ORIENTED_EDGE ( 'NONE', *, *, #1512, .T. ) ;
#1050 = STYLED_ITEM ( 'NONE', ( #3919 ), #3329 ) ;
#1051 = VERTEX_POINT ( 'NONE', #5266 ) ;
#1052 = SPHERICAL_SURFACE ( 'NONE', #2225, 20.50000000000001400 ) ;
#1053 = ORIENTED_EDGE ( 'NONE', *, *, #4473, .F. ) ;
#1054 = DIRECTION ( 'NONE',  ( 0.0000000000000000000, 0.0000000000000000000, 1.000000000000000000 ) ) ;
#1055 = SURFACE_STYLE_USAGE ( .BOTH. , #6898 ) ;
#1056 = AXIS2_PLACEMENT_3D ( 'NONE', #1860, #3917, #814 ) ;
#1057 = ORIENTED_EDGE ( 'NONE', *, *, #3542, .T. ) ;
#1058 = CYLINDRICAL_SURFACE ( 'NONE', #2474, 2.000000000000000000 ) ;
#1059 = EDGE_CURVE ( 'NONE', #582, #4659, #4026, .T. ) ;
#1060 = EDGE_CURVE ( 'NONE', #3064, #6568, #371, .T. ) ;
#1061 = ORIENTED_EDGE ( 'NONE', *, *, #2931, .F. ) ;
#1062 = ADVANCED_FACE ( 'NONE', ( #284 ), #4261, .F. ) ;
#1063 = VERTEX_POINT ( 'NONE', #2584 ) ;
#1064 = CARTESIAN_POINT ( 'NONE',  ( -19.99999999999999600, 14.30000000000000200, -5.799999999999990900 ) ) ;
#1065 = ORIENTED_EDGE ( 'NONE', *, *, #3674, .T. ) ;
#1066 = CYLINDRICAL_SURFACE ( 'NONE', #5565, 1.250000000000001100 ) ;
#1067 = LINE ( 'NONE', #6630, #479 ) ;
#1068 = EDGE_CURVE ( 'NONE', #5846, #636, #6125, .T. ) ;
#1069 = ORIENTED_EDGE ( 'NONE', *, *, #4511, .F. ) ;
#1070 = CARTESIAN_POINT ( 'NONE',  ( 21.39999999999999900, 15.79983162191122800, 2.999999999999996900 ) ) ;
#1071 = SURFACE_SIDE_STYLE ('',( #3666 ) ) ;
#1072 = LINE ( 'NONE', #2021, #6548 ) ;
#1073 = CYLINDRICAL_SURFACE ( 'NONE', #2031, 2.000000000000000000 ) ;
#1074 = DIRECTION ( 'NONE',  ( 0.0000000000000000000, 0.9063077870366494900, -0.4226182617407002200 ) ) ;
#1075 = DIRECTION ( 'NONE',  ( -1.000000000000000000, 0.0000000000000000000, 0.0000000000000000000 ) ) ;
#1076 = ORIENTED_EDGE ( 'NONE', *, *, #4328, .F. ) ;
#1077 = CYLINDRICAL_SURFACE ( 'NONE', #2175, 0.2999999999999999300 ) ;
#1078 = DIRECTION ( 'NONE',  ( -0.0000000000000000000, -0.0000000000000000000, 1.000000000000000000 ) ) ;
#1079 = ORIENTED_EDGE ( 'NONE', *, *, #4661, .F. ) ;
#1080 = VECTOR ( 'NONE', #386, 1000.000000000000000 ) ;
#1081 = DIRECTION ( 'NONE',  ( -1.000000000000000000, 0.0000000000000000000, -0.0000000000000000000 ) ) ;
#1082 = CARTESIAN_POINT ( 'NONE',  ( 10.70000000000000100, 16.30000000000000100, -1.700000000000002000 ) ) ;
#1083 = DIRECTION ( 'NONE',  ( -0.0000000000000000000, -1.000000000000000000, -0.0000000000000000000 ) ) ;
#1084 = DIRECTION ( 'NONE',  ( -0.0000000000000000000, -1.000000000000000000, -0.0000000000000000000 ) ) ;
#1085 = CARTESIAN_POINT ( 'NONE',  ( -22.50000000000000000, 14.30000000000000200, 14.50000000000000000 ) ) ;
#1086 = ORIENTED_EDGE ( 'NONE', *, *, #6148, .T. ) ;
#1087 = ORIENTED_EDGE ( 'NONE', *, *, #2089, .F. ) ;
#1088 = EDGE_CURVE ( 'NONE', #2331, #5077, #2631, .T. ) ;
#1089 = AXIS2_PLACEMENT_3D ( 'NONE', #1511, #2605, #2577 ) ;
#1090 = DIRECTION ( 'NONE',  ( -0.0000000000000000000, 1.000000000000000000, -0.0000000000000000000 ) ) ;
#1091 = ORIENTED_EDGE ( 'NONE', *, *, #3223, .T. ) ;
#1092 = DIRECTION ( 'NONE',  ( -2.891205793294678600E-015, 0.0000000000000000000, -1.000000000000000000 ) ) ;
#1093 = CARTESIAN_POINT ( 'NONE',  ( 18.60718222525759200, 15.79997197761761500, 2.599999999999997000 ) ) ;
#1094 = ORIENTED_EDGE ( 'NONE', *, *, #6644, .F. ) ;
#1095 = ORIENTED_EDGE ( 'NONE', *, *, #5576, .T. ) ;
#1096 = VECTOR ( 'NONE', #4148, 1000.000000000000000 ) ;
#1097 = ADVANCED_FACE ( 'NONE', ( #977, #6207, #3608, #2289, #798, #6049, #880, #3527, #6528 ), #6352, .F. ) ;
#1098 = DIRECTION ( 'NONE',  ( -0.7071067811865459100, 0.0000000000000000000, 0.7071067811865491300 ) ) ;
#1099 = AXIS2_PLACEMENT_3D ( 'NONE', #4416, #2833, #1261 ) ;
#1100 = CLOSED_SHELL ( 'NONE', ( #1540, #2629, #177, #3550, #4142 ) ) ;
#1101 = EDGE_CURVE ( 'NONE', #476, #1680, #6452, .T. ) ;
#1102 = ORIENTED_EDGE ( 'NONE', *, *, #374, .T. ) ;
#1103 = LINE ( 'NONE', #4699, #4761 ) ;
#1104 = FILL_AREA_STYLE ('',( #5216 ) ) ;
#1105 = SURFACE_SIDE_STYLE ('',( #1583 ) ) ;
#1106 = CARTESIAN_POINT ( 'NONE',  ( 9.400000000000002100, 16.30000000000000100, -4.150000000000002100 ) ) ;
#1107 = ORIENTED_EDGE ( 'NONE', *, *, #750, .F. ) ;
#1108 = CARTESIAN_POINT ( 'NONE',  ( -23.00000000000000000, 14.60000000000000100, -15.00000000000000200 ) ) ;
#1109 = DIRECTION ( 'NONE',  ( 0.0000000000000000000, 0.0000000000000000000, 1.000000000000000000 ) ) ;
#1110 = CARTESIAN_POINT ( 'NONE',  ( 19.80000000000000400, 0.0000000000000000000, 9.000000000000001800 ) ) ;
#1111 = FILL_AREA_STYLE_COLOUR ( '', #2551 ) ;
#1112 = AXIS2_PLACEMENT_3D ( 'NONE', #4258, #4234, #3772 ) ;
#1113 = EDGE_CURVE ( 'NONE', #558, #3152, #5326, .T. ) ;
#1114 = EDGE_CURVE ( 'NONE', #5906, #1010, #461, .T. ) ;
#1115 = VECTOR ( 'NONE', #4413, 1000.000000000000100 ) ;
#1116 = VECTOR ( 'NONE', #5637, 1000.000000000000000 ) ;
#1117 = ORIENTED_EDGE ( 'NONE', *, *, #1059, .T. ) ;
#1118 = SURFACE_STYLE_FILL_AREA ( #5379 ) ;
#1119 = FILL_AREA_STYLE_COLOUR ( '', #5367 ) ;
#1120 = CARTESIAN_POINT ( 'NONE',  ( -20.00000000000000400, 17.47321452147779300, -1.000000000000000900 ) ) ;
#1121 = DIRECTION ( 'NONE',  ( 0.0000000000000000000, 1.000000000000000000, 0.0000000000000000000 ) ) ;
#1122 = LINE ( 'NONE', #1783, #4427 ) ;
#1123 = PRESENTATION_LAYER_ASSIGNMENT (  '', '', ( #2312 ) ) ;
#1124 =( GEOMETRIC_REPRESENTATION_CONTEXT ( 3 ) GLOBAL_UNCERTAINTY_ASSIGNED_CONTEXT ( ( #5602 ) ) GLOBAL_UNIT_ASSIGNED_CONTEXT ( ( #6885, #18, #3739 ) ) REPRESENTATION_CONTEXT ( 'NONE', 'WORKASPACE' ) );
#1125 = CARTESIAN_POINT ( 'NONE',  ( -20.00000000000000400, 15.80000000000000100, -1.000000000000000900 ) ) ;
#1126 = ORIENTED_EDGE ( 'NONE', *, *, #2863, .T. ) ;
#1127 = FILL_AREA_STYLE_COLOUR ( '', #3075 ) ;
#1128 = VERTEX_POINT ( 'NONE', #4090 ) ;
#1129 = ADVANCED_FACE ( 'NONE', ( #4440 ), #2695, .F. ) ;
#1130 = AXIS2_PLACEMENT_3D ( 'NONE', #3854, #5955, #2737 ) ;
#1131 = CARTESIAN_POINT ( 'NONE',  ( 18.50000000000000400, 12.09999999999999800, 0.7999999999999933800 ) ) ;
#1132 = DIRECTION ( 'NONE',  ( 0.0000000000000000000, 0.0000000000000000000, 1.000000000000000000 ) ) ;
#1133 = ORIENTED_EDGE ( 'NONE', *, *, #4066, .T. ) ;
#1134 = DIRECTION ( 'NONE',  ( 0.0000000000000000000, 0.0000000000000000000, -1.000000000000000000 ) ) ;
#1135 = VECTOR ( 'NONE', #1351, 1000.000000000000000 ) ;
#1136 = ORIENTED_EDGE ( 'NONE', *, *, #4459, .F. ) ;
#1137 = CARTESIAN_POINT ( 'NONE',  ( 12.60000000000000100, 16.30000000000000100, -4.150000000000002100 ) ) ;
#1138 = ORIENTED_EDGE ( 'NONE', *, *, #4197, .F. ) ;
#1139 = CARTESIAN_POINT ( 'NONE',  ( 0.1000000000000028600, 14.30000000000000200, -12.45563491861041100 ) ) ;
#1140 = SURFACE_STYLE_USAGE ( .BOTH. , #84 ) ;
#1141 = CARTESIAN_POINT ( 'NONE',  ( 20.00000000000000400, 15.80000000000000100, 2.799999999999997200 ) ) ;
#1142 = LINE ( 'NONE', #3552, #6053 ) ;
#1143 = AXIS2_PLACEMENT_3D ( 'NONE', #794, #6121, #4453 ) ;
#1144 = CARTESIAN_POINT ( 'NONE',  ( -6.249999999999998200, 17.60000000000000100, 9.200000000000001100 ) ) ;
#1145 = ORIENTED_EDGE ( 'NONE', *, *, #5152, .F. ) ;
#1146 = CARTESIAN_POINT ( 'NONE',  ( 14.20000000000000100, 16.30000000000000100, -4.450000000000002000 ) ) ;
#1147 = EDGE_CURVE ( 'NONE', #3807, #1648, #4518, .T. ) ;
#1148 = ORIENTED_EDGE ( 'NONE', *, *, #4328, .T. ) ;
#1149 = FACE_OUTER_BOUND ( 'NONE', #1252, .T. ) ;
#1150 = FACE_OUTER_BOUND ( 'NONE', #4443, .T. ) ;
#1151 = CARTESIAN_POINT ( 'NONE',  ( 13.90000000000000000, 16.30000000000000100, -4.450000000000002000 ) ) ;
#1152 = AXIS2_PLACEMENT_3D ( 'NONE', #5396, #4878, #2803 ) ;
#1153 = ORIENTED_EDGE ( 'NONE', *, *, #4208, .T. ) ;
#1154 = SURFACE_SIDE_STYLE ('',( #2859 ) ) ;
#1155 = EDGE_CURVE ( 'NONE', #2257, #5837, #2795, .T. ) ;
#1156 = VERTEX_POINT ( 'NONE', #1381 ) ;
#1157 = EDGE_CURVE ( 'NONE', #4621, #4553, #4967, .T. ) ;
#1158 = DIRECTION ( 'NONE',  ( 0.0000000000000000000, 1.000000000000000000, -0.0000000000000000000 ) ) ;
#1159 = CIRCLE ( 'NONE', #674, 1.250000000000000200 ) ;
#1160 = DIRECTION ( 'NONE',  ( 0.7071067811865505700, 0.0000000000000000000, -0.7071067811865444600 ) ) ;
#1161 = DIRECTION ( 'NONE',  ( 0.0000000000000000000, -0.0000000000000000000, -1.000000000000000000 ) ) ;
#1162 = ORIENTED_EDGE ( 'NONE', *, *, #6102, .F. ) ;
#1163 = EDGE_CURVE ( 'NONE', #2009, #4437, #3688, .T. ) ;
#1164 = FACE_OUTER_BOUND ( 'NONE', #3284, .T. ) ;
#1165 = ORIENTED_EDGE ( 'NONE', *, *, #6576, .F. ) ;
#1166 = VECTOR ( 'NONE', #5334, 1000.000000000000000 ) ;
#1167 = CARTESIAN_POINT ( 'NONE',  ( 0.0000000000000000000, 1.500000000000000000, 0.0000000000000000000 ) ) ;
#1168 = AXIS2_PLACEMENT_3D ( 'NONE', #4503, #5132, #1849 ) ;
#1169 = CARTESIAN_POINT ( 'NONE',  ( 18.60000000000000100, 15.79983162191124200, 2.599999999999997000 ) ) ;
#1170 = CARTESIAN_POINT ( 'NONE',  ( 20.00000000000000400, 15.80000000000000100, 4.199999999999997500 ) ) ;
#1171 = CARTESIAN_POINT ( 'NONE',  ( 21.39999999999999900, 15.80005553644226900, 2.666818034729694800 ) ) ;
#1172 = ADVANCED_FACE ( 'NONE', ( #130 ), #5633, .T. ) ;
#1173 = UNCERTAINTY_MEASURE_WITH_UNIT (LENGTH_MEASURE( 1.000000000000000100E-005 ), #5958, 'distance_accuracy_value', 'NONE');
#1174 = EDGE_LOOP ( 'NONE', ( #2770, #1641 ) ) ;
#1175 = LINE ( 'NONE', #4669, #3316 ) ;
#1176 = ORIENTED_EDGE ( 'NONE', *, *, #579, .F. ) ;
#1177 = CARTESIAN_POINT ( 'NONE',  ( -21.40000000000000600, 15.00000000000000200, -0.8000000000000008200 ) ) ;
#1178 = AXIS2_PLACEMENT_3D ( 'NONE', #686, #1910, #4575 ) ;
#1179 = VERTEX_POINT ( 'NONE', #4099 ) ;
#1180 = ORIENTED_EDGE ( 'NONE', *, *, #4991, .T. ) ;
#1181 = ORIENTED_EDGE ( 'NONE', *, *, #4548, .T. ) ;
#1182 = LINE ( 'NONE', #4432, #4311 ) ;
#1183 = CARTESIAN_POINT ( 'NONE',  ( 19.40000000000000600, 14.05000000000000200, 0.0000000000000000000 ) ) ;
#1184 = ORIENTED_EDGE ( 'NONE', *, *, #1024, .T. ) ;
#1185 = EDGE_CURVE ( 'NONE', #1588, #578, #5798, .T. ) ;
#1186 = ORIENTED_EDGE ( 'NONE', *, *, #2850, .F. ) ;
#1187 = FILL_AREA_STYLE ('',( #1598 ) ) ;
#1188 = ORIENTED_EDGE ( 'NONE', *, *, #3212, .F. ) ;
#1189 = LINE ( 'NONE', #6337, #1922 ) ;
#1190 = DIRECTION ( 'NONE',  ( 0.0000000000000000000, 1.000000000000000000, -0.0000000000000000000 ) ) ;
#1191 = CARTESIAN_POINT ( 'NONE',  ( -4.799999999999997200, 13.60000000000000300, 12.00000000000000700 ) ) ;
#1192 = CARTESIAN_POINT ( 'NONE',  ( 19.86666078933399900, 15.79997527452285200, 4.199999999999997500 ) ) ;
#1193 = EDGE_LOOP ( 'NONE', ( #3620, #3767, #6817, #1061 ) ) ;
#1194 = CARTESIAN_POINT ( 'NONE',  ( -20.00000000000000400, 15.80000000000000100, -3.000000000000004000 ) ) ;
#1195 = DIRECTION ( 'NONE',  ( -0.0000000000000000000, 1.000000000000000000, -0.0000000000000000000 ) ) ;
#1196 = VECTOR ( 'NONE', #3047, 1000.000000000000000 ) ;
#1197 = PLANE ( 'NONE',  #3431 ) ;
#1198 = MECHANICAL_DESIGN_GEOMETRIC_PRESENTATION_REPRESENTATION (  '', ( #2166 ), #830 ) ;
#1199 = EDGE_CURVE ( 'NONE', #3301, #2396, #6292, .T. ) ;
#1200 = VECTOR ( 'NONE', #1688, 1000.000000000000000 ) ;
#1201 = EDGE_CURVE ( 'NONE', #4659, #2547, #1547, .T. ) ;
#1202 = DIRECTION ( 'NONE',  ( 5.782411586589356500E-015, -0.0000000000000000000, 1.000000000000000000 ) ) ;
#1203 = PRESENTATION_STYLE_ASSIGNMENT (( #5263 ) ) ;
#1204 = ORIENTED_EDGE ( 'NONE', *, *, #624, .F. ) ;
#1205 = FACE_OUTER_BOUND ( 'NONE', #4215, .T. ) ;
#1206 = DIRECTION ( 'NONE',  ( 2.891205793294678200E-015, 0.0000000000000000000, -1.000000000000000000 ) ) ;
#1207 = ADVANCED_FACE ( 'NONE', ( #5298 ), #1052, .T. ) ;
#1208 = LINE ( 'NONE', #4244, #2352 ) ;
#1209 = DIRECTION ( 'NONE',  ( 0.0000000000000000000, 0.0000000000000000000, 1.000000000000000000 ) ) ;
#1210 = VECTOR ( 'NONE', #1206, 1000.000000000000000 ) ;
#1211 = AXIS2_PLACEMENT_3D ( 'NONE', #6778, #5753, #2991 ) ;
#1212 = LINE ( 'NONE', #4989, #3841 ) ;
#1213 = EDGE_CURVE ( 'NONE', #6782, #911, #2455, .T. ) ;
#1214 = CARTESIAN_POINT ( 'NONE',  ( 11.00000000000000200, 16.30000000000000100, -4.150000000000002100 ) ) ;
#1215 = ORIENTED_EDGE ( 'NONE', *, *, #4763, .T. ) ;
#1216 = VECTOR ( 'NONE', #276, 1000.000000000000000 ) ;
#1217 = CARTESIAN_POINT ( 'NONE',  ( -6.249999999999998200, 17.30000000000000100, 9.200000000000001100 ) ) ;
#1218 = CARTESIAN_POINT ( 'NONE',  ( 19.99999999999998900, 17.60000000000000100, -12.00000000000001200 ) ) ;
#1219 = AXIS2_PLACEMENT_3D ( 'NONE', #5968, #3737, #4357 ) ;
#1220 = ORIENTED_EDGE ( 'NONE', *, *, #6486, .T. ) ;
#1221 = FACE_OUTER_BOUND ( 'NONE', #2872, .T. ) ;
#1222 = ORIENTED_EDGE ( 'NONE', *, *, #4880, .T. ) ;
#1223 = DIRECTION ( 'NONE',  ( -0.0000000000000000000, 1.000000000000000000, -0.0000000000000000000 ) ) ;
#1224 = DIRECTION ( 'NONE',  ( 1.000000000000000000, 0.0000000000000000000, -8.673617379884048300E-016 ) ) ;
#1225 = ORIENTED_EDGE ( 'NONE', *, *, #5703, .T. ) ;
#1226 = VECTOR ( 'NONE', #3797, 1000.000000000000000 ) ;
#1227 = ORIENTED_EDGE ( 'NONE', *, *, #4467, .F. ) ;
#1228 = CARTESIAN_POINT ( 'NONE',  ( 5.500000000000005300, 14.30000000000000200, -5.500000000000032900 ) ) ;
#1229 = DIRECTION ( 'NONE',  ( -0.0000000000000000000, -1.000000000000000000, -0.0000000000000000000 ) ) ;
#1230 = ORIENTED_EDGE ( 'NONE', *, *, #6764, .F. ) ;
#1231 = VECTOR ( 'NONE', #689, 1000.000000000000100 ) ;
#1232 = ORIENTED_EDGE ( 'NONE', *, *, #6028, .F. ) ;
#1233 = LINE ( 'NONE', #6861, #648 ) ;
#1234 = ORIENTED_EDGE ( 'NONE', *, *, #721, .F. ) ;
#1235 = CARTESIAN_POINT ( 'NONE',  ( -23.00000000000000000, 0.0000000000000000000, 15.00000000000000200 ) ) ;
#1236 = MECHANICAL_DESIGN_GEOMETRIC_PRESENTATION_REPRESENTATION (  '', ( #6260 ), #6474 ) ;
#1237 = ORIENTED_EDGE ( 'NONE', *, *, #2479, .T. ) ;
#1238 = ADVANCED_FACE ( 'NONE', ( #4791 ), #3063, .T. ) ;
#1239 = EDGE_CURVE ( 'NONE', #6763, #3147, #3687, .T. ) ;
#1240 = ORIENTED_EDGE ( 'NONE', *, *, #2841, .T. ) ;
#1241 = DIRECTION ( 'NONE',  ( 1.000000000000000000, 0.0000000000000000000, 2.891205793294678200E-015 ) ) ;
#1242 = DIRECTION ( 'NONE',  ( 0.0000000000000000000, 0.9063077870366494900, -0.4226182617407002200 ) ) ;
#1243 = MECHANICAL_DESIGN_GEOMETRIC_PRESENTATION_REPRESENTATION (  '', ( #524 ), #4660 ) ;
#1244 = FACE_OUTER_BOUND ( 'NONE', #2974, .T. ) ;
#1245 = EDGE_CURVE ( 'NONE', #3708, #3486, #1714, .T. ) ;
#1246 = EDGE_CURVE ( 'NONE', #5264, #558, #3198, .T. ) ;
#1247 = DIRECTION ( 'NONE',  ( -1.000000000000000000, 0.0000000000000000000, 0.0000000000000000000 ) ) ;
#1248 = CARTESIAN_POINT ( 'NONE',  ( -20.20000000000000600, 15.79997184908131100, 0.3928287298993503600 ) ) ;
#1249 = CARTESIAN_POINT ( 'NONE',  ( 20.19999999999999600, 15.80000000000000100, 2.599999999999997000 ) ) ;
#1250 = ORIENTED_EDGE ( 'NONE', *, *, #749, .T. ) ;
#1251 = FACE_OUTER_BOUND ( 'NONE', #5761, .T. ) ;
#1252 = EDGE_LOOP ( 'NONE', ( #901, #2190, #5638, #4223 ) ) ;
#1253 = LINE ( 'NONE', #6099, #4387 ) ;
#1254 = CARTESIAN_POINT ( 'NONE',  ( -8.199999999999999300, 12.09999999999999800, 0.0000000000000000000 ) ) ;
#1255 = UNCERTAINTY_MEASURE_WITH_UNIT (LENGTH_MEASURE( 1.000000000000000100E-005 ), #6456, 'distance_accuracy_value', 'NONE');
#1256 = CARTESIAN_POINT ( 'NONE',  ( 19.79999999999999400, 15.00000000000000200, 2.599999999999997000 ) ) ;
#1257 =( GEOMETRIC_REPRESENTATION_CONTEXT ( 3 ) GLOBAL_UNCERTAINTY_ASSIGNED_CONTEXT ( ( #1762 ) ) GLOBAL_UNIT_ASSIGNED_CONTEXT ( ( #3095, #5154, #1986 ) ) REPRESENTATION_CONTEXT ( 'NONE', 'WORKASPACE' ) );
#1258 = CARTESIAN_POINT ( 'NONE',  ( -20.20000000000000600, 15.00000000000000200, 0.3999999999999990800 ) ) ;
#1259 = CARTESIAN_POINT ( 'NONE',  ( 19.80000000000000100, 15.80000000000000100, 1.414359353944892000 ) ) ;
#1260 = ORIENTED_EDGE ( 'NONE', *, *, #5061, .T. ) ;
#1261 = DIRECTION ( 'NONE',  ( 0.0000000000000000000, 0.0000000000000000000, 1.000000000000000000 ) ) ;
#1262 = ORIENTED_EDGE ( 'NONE', *, *, #4751, .T. ) ;
#1263 = COLOUR_RGB ( '',1.000000000000000000, 0.8117647058823529400, 0.5019607843137254800 ) ;
#1264 = CARTESIAN_POINT ( 'NONE',  ( 21.39761097165555300, 15.79988766317532600, 2.999999999999997300 ) ) ;
#1265 = ORIENTED_EDGE ( 'NONE', *, *, #6721, .T. ) ;
#1266 = VERTEX_POINT ( 'NONE', #6724 ) ;
#1267 = EDGE_LOOP ( 'NONE', ( #3726, #2382, #2010, #6636, #999, #2916 ) ) ;
#1268 = FACE_OUTER_BOUND ( 'NONE', #3535, .T. ) ;
#1269 = DIRECTION ( 'NONE',  ( 1.000000000000000000, -0.0000000000000000000, 0.0000000000000000000 ) ) ;
#1270 = PRESENTATION_LAYER_ASSIGNMENT (  '', '', ( #6734 ) ) ;
#1271 = DIRECTION ( 'NONE',  ( 0.0000000000000000000, 0.0000000000000000000, 1.000000000000000000 ) ) ;
#1272 = CARTESIAN_POINT ( 'NONE',  ( 9.932096892371117000, 26.99670956712028100, 10.32012258247628200 ) ) ;
#1273 = VERTEX_POINT ( 'NONE', #6173 ) ;
#1274 = ADVANCED_FACE ( 'NONE', ( #2040 ), #2446, .F. ) ;
#1275 = VECTOR ( 'NONE', #397, 1000.000000000000000 ) ;
#1276 = PLANE ( 'NONE',  #1855 ) ;
#1277 = DIRECTION ( 'NONE',  ( 1.000000000000000000, 0.0000000000000000000, 0.0000000000000000000 ) ) ;
#1278 = DIRECTION ( 'NONE',  ( -1.000000000000000000, 0.0000000000000000000, 0.0000000000000000000 ) ) ;
#1279 = ORIENTED_EDGE ( 'NONE', *, *, #2522, .T. ) ;
#1280 = DIRECTION ( 'NONE',  ( 1.345632960768743800E-016, 0.0000000000000000000, 1.000000000000000000 ) ) ;
#1281 = DIRECTION ( 'NONE',  ( 0.0000000000000000000, -0.0000000000000000000, 1.000000000000000000 ) ) ;
#1282 = CARTESIAN_POINT ( 'NONE',  ( 2.999999999999999100, 13.50000000000000200, 9.000000000000001800 ) ) ;
#1283 = FACE_OUTER_BOUND ( 'NONE', #1829, .T. ) ;
#1284 = CIRCLE ( 'NONE', #4176, 0.2999999999999999300 ) ;
#1285 = ORIENTED_EDGE ( 'NONE', *, *, #3379, .T. ) ;
#1286 = CYLINDRICAL_SURFACE ( 'NONE', #6168, 2.000000000000003100 ) ;
#1287 = EDGE_CURVE ( 'NONE', #4936, #1273, #2875, .T. ) ;
#1288 = EDGE_CURVE ( 'NONE', #3483, #135, #6120, .T. ) ;
#1289 = CARTESIAN_POINT ( 'NONE',  ( -20.20000000000000600, 15.79983162191123800, -2.400000000000001200 ) ) ;
#1290 = LINE ( 'NONE', #5400, #4257 ) ;
#1291 = CARTESIAN_POINT ( 'NONE',  ( 0.0000000000000000000, 12.09999999999999800, -5.500000000000004400 ) ) ;
#1292 = CARTESIAN_POINT ( 'NONE',  ( 20.19999999999999900, 15.79997202473769300, 1.407186252338176200 ) ) ;
#1293 = EDGE_LOOP ( 'NONE', ( #2273, #6706, #1587, #1225 ) ) ;
#1294 = CARTESIAN_POINT ( 'NONE',  ( 10.70000000000000100, 16.30000000000000100, -4.450000000000002000 ) ) ;
#1295 = LINE ( 'NONE', #3469, #4608 ) ;
#1296 = EDGE_CURVE ( 'NONE', #2826, #1823, #5044, .T. ) ;
#1297 = ORIENTED_EDGE ( 'NONE', *, *, #3622, .F. ) ;
#1298 = CARTESIAN_POINT ( 'NONE',  ( -20.00000000000000400, 15.20000000000000100, 1.000000000000002200 ) ) ;
#1299 = VERTEX_POINT ( 'NONE', #3179 ) ;
#1300 = DIRECTION ( 'NONE',  ( 0.0000000000000000000, 1.000000000000000000, 0.0000000000000000000 ) ) ;
#1301 =( NAMED_UNIT ( * ) PLANE_ANGLE_UNIT ( ) SI_UNIT ( $, .RADIAN. ) );
#1302 = FACE_OUTER_BOUND ( 'NONE', #6043, .T. ) ;
#1303 = DIRECTION ( 'NONE',  ( -0.0000000000000000000, -0.0000000000000000000, 1.000000000000000000 ) ) ;
#1304 = ADVANCED_FACE ( 'NONE', ( #6287 ), #1519, .T. ) ;
#1305 = ORIENTED_EDGE ( 'NONE', *, *, #5617, .T. ) ;
#1306 = FACE_OUTER_BOUND ( 'NONE', #2341, .T. ) ;
#1307 = ORIENTED_EDGE ( 'NONE', *, *, #2345, .F. ) ;
#1308 = DIRECTION ( 'NONE',  ( -0.0000000000000000000, 0.0000000000000000000, 1.000000000000000000 ) ) ;
#1309 = DIRECTION ( 'NONE',  ( 0.0000000000000000000, 0.0000000000000000000, 1.000000000000000000 ) ) ;
#1310 = DIRECTION ( 'NONE',  ( -1.000000000000000000, -0.0000000000000000000, -0.0000000000000000000 ) ) ;
#1311 = ADVANCED_FACE ( 'NONE', ( #1221 ), #4746, .T. ) ;
#1312 = ORIENTED_EDGE ( 'NONE', *, *, #3182, .F. ) ;
#1313 = FACE_BOUND ( 'NONE', #6625, .T. ) ;
#1314 = CARTESIAN_POINT ( 'NONE',  ( -23.00000000000000000, 2.000000000000000000, -15.00000000000000200 ) ) ;
#1315 = VECTOR ( 'NONE', #4103, 1000.000000000000000 ) ;
#1316 = CARTESIAN_POINT ( 'NONE',  ( 23.00000000000000000, 14.60000000000000100, -15.00000000000000200 ) ) ;
#1317 = VERTEX_POINT ( 'NONE', #3526 ) ;
#1318 = ORIENTED_EDGE ( 'NONE', *, *, #3611, .F. ) ;
#1319 = CARTESIAN_POINT ( 'NONE',  ( 11.00000000000000200, 16.30000000000000100, -4.150000000000002100 ) ) ;
#1320 = VECTOR ( 'NONE', #1531, 1000.000000000000000 ) ;
#1321 = FILL_AREA_STYLE ('',( #3337 ) ) ;
#1322 = SURFACE_STYLE_USAGE ( .BOTH. , #4479 ) ;
#1323 = STYLED_ITEM ( 'NONE', ( #5909 ), #4460 ) ;
#1324 = CARTESIAN_POINT ( 'NONE',  ( 22.50000000000000700, 12.09999999999999800, 14.50000000000000000 ) ) ;
#1325 = EDGE_CURVE ( 'NONE', #872, #4061, #5122, .T. ) ;
#1326 = EDGE_LOOP ( 'NONE', ( #4822, #2815 ) ) ;
#1327 = VERTEX_POINT ( 'NONE', #444 ) ;
#1328 = FACE_OUTER_BOUND ( 'NONE', #2820, .T. ) ;
#1329 = CARTESIAN_POINT ( 'NONE',  ( 7.800000000000001600, 16.30000000000000100, -4.150000000000002100 ) ) ;
#1330 = AXIS2_PLACEMENT_3D ( 'NONE', #913, #846, #6261 ) ;
#1331 = ORIENTED_EDGE ( 'NONE', *, *, #1454, .F. ) ;
#1332 = EDGE_CURVE ( 'NONE', #184, #4645, #6689, .T. ) ;
#1333 = EDGE_LOOP ( 'NONE', ( #169, #3692, #427, #5419 ) ) ;
#1334 = VECTOR ( 'NONE', #5289, 1000.000000000000000 ) ;
#1335 = ADVANCED_FACE ( 'NONE', ( #6775 ), #6440, .F. ) ;
#1336 = DIRECTION ( 'NONE',  ( -0.0000000000000000000, -0.0000000000000000000, 1.000000000000000000 ) ) ;
#1337 = DIRECTION ( 'NONE',  ( 0.0000000000000000000, 0.0000000000000000000, 1.000000000000000000 ) ) ;
#1338 = ORIENTED_EDGE ( 'NONE', *, *, #4271, .F. ) ;
#1339 = ORIENTED_EDGE ( 'NONE', *, *, #3003, .F. ) ;
#1340 = CARTESIAN_POINT ( 'NONE',  ( -20.20000000000000600, 15.80000000000000100, 0.3856406460551037300 ) ) ;
#1341 = ORIENTED_EDGE ( 'NONE', *, *, #2347, .T. ) ;
#1342 = AXIS2_PLACEMENT_3D ( 'NONE', #2979, #6202, #873 ) ;
#1343 = DIRECTION ( 'NONE',  ( 0.0000000000000000000, 1.000000000000000000, -0.0000000000000000000 ) ) ;
#1344 = DIRECTION ( 'NONE',  ( 0.0000000000000000000, -1.000000000000000000, 0.0000000000000000000 ) ) ;
#1345 = DIRECTION ( 'NONE',  ( -0.0000000000000000000, -0.0000000000000000000, 1.000000000000000000 ) ) ;
#1346 = ORIENTED_EDGE ( 'NONE', *, *, #5299, .F. ) ;
#1347 = SURFACE_STYLE_USAGE ( .BOTH. , #306 ) ;
#1348 = CLOSED_SHELL ( 'NONE', ( #1789, #3863, #4938, #2269, #2524 ) ) ;
#1349 = ORIENTED_EDGE ( 'NONE', *, *, #4293, .F. ) ;
#1350 = FACE_OUTER_BOUND ( 'NONE', #4760, .T. ) ;
#1351 = DIRECTION ( 'NONE',  ( -0.0000000000000000000, 1.000000000000000000, -0.0000000000000000000 ) ) ;
#1352 = ORIENTED_EDGE ( 'NONE', *, *, #6710, .T. ) ;
#1353 = FILL_AREA_STYLE_COLOUR ( '', #701 ) ;
#1354 = STYLED_ITEM ( 'NONE', ( #1852 ), #2609 ) ;
#1355 = CARTESIAN_POINT ( 'NONE',  ( -20.20000000000000600, 15.79983162191122800, 0.3999999999999990800 ) ) ;
#1356 = LINE ( 'NONE', #174, #941 ) ;
#1357 = DIRECTION ( 'NONE',  ( -0.6823182503600109200, 0.7310552682428692600, -0.0000000000000000000 ) ) ;
#1358 =( NAMED_UNIT ( * ) SI_UNIT ( $, .STERADIAN. ) SOLID_ANGLE_UNIT ( ) );
#1359 = LINE ( 'NONE', #4853, #3009 ) ;
#1360 = ORIENTED_EDGE ( 'NONE', *, *, #6602, .T. ) ;
#1361 = LINE ( 'NONE', #4861, #949 ) ;
#1362 = FILL_AREA_STYLE_COLOUR ( '', #113 ) ;
#1363 = LINE ( 'NONE', #406, #6267 ) ;
#1364 = EDGE_CURVE ( 'NONE', #15, #4185, #4510, .T. ) ;
#1365 = VECTOR ( 'NONE', #4948, 1000.000000000000100 ) ;
#1366 = CARTESIAN_POINT ( 'NONE',  ( 0.0000000000000000000, 14.30000000000000200, -14.70000000000000100 ) ) ;
#1367 = ADVANCED_FACE ( 'NONE', ( #280 ), #6574, .F. ) ;
#1368 = LINE ( 'NONE', #2662, #4870 ) ;
#1369 = CARTESIAN_POINT ( 'NONE',  ( -21.40000000000000600, 15.79983162191123800, -0.8000000000000008200 ) ) ;
#1370 = AXIS2_PLACEMENT_3D ( 'NONE', #6705, #1303, #6090 ) ;
#1371 = EDGE_CURVE ( 'NONE', #6871, #6167, #1711, .T. ) ;
#1372 = EDGE_CURVE ( 'NONE', #4916, #238, #2715, .T. ) ;
#1373 = DIRECTION ( 'NONE',  ( 0.0000000000000000000, 0.0000000000000000000, 1.000000000000000000 ) ) ;
#1374 = CARTESIAN_POINT ( 'NONE',  ( 18.60000000000000100, 15.80000000000000100, 2.999999999999996900 ) ) ;
#1375 = UNCERTAINTY_MEASURE_WITH_UNIT (LENGTH_MEASURE( 1.000000000000000100E-005 ), #231, 'distance_accuracy_value', 'NONE');
#1376 = EDGE_LOOP ( 'NONE', ( #3228, #6026 ) ) ;
#1377 = LINE ( 'NONE', #6707, #2541 ) ;
#1378 = CARTESIAN_POINT ( 'NONE',  ( 19.40000000000000600, 14.05000000000000200, -6.800000000000004300 ) ) ;
#1379 = EDGE_CURVE ( 'NONE', #3152, #93, #3110, .T. ) ;
#1380 = ORIENTED_EDGE ( 'NONE', *, *, #2252, .T. ) ;
#1381 = CARTESIAN_POINT ( 'NONE',  ( -0.9999999999999974500, 14.60000000000000100, -14.70000000000000100 ) ) ;
#1382 = FACE_BOUND ( 'NONE', #599, .T. ) ;
#1383 = CARTESIAN_POINT ( 'NONE',  ( -4.799999999999997200, 13.60000000000000300, -5.799999999999992700 ) ) ;
#1384 = ORIENTED_EDGE ( 'NONE', *, *, #3269, .F. ) ;
#1385 = CARTESIAN_POINT ( 'NONE',  ( 9.768345179552200700, 26.73917880851093900, 10.54564238367726000 ) ) ;
#1386 = ORIENTED_EDGE ( 'NONE', *, *, #103, .T. ) ;
#1387 = CARTESIAN_POINT ( 'NONE',  ( 7.500000000000000900, 16.30000000000000100, -1.700000000000002000 ) ) ;
#1388 = ORIENTED_EDGE ( 'NONE', *, *, #2910, .F. ) ;
#1389 =( GEOMETRIC_REPRESENTATION_CONTEXT ( 3 ) GLOBAL_UNCERTAINTY_ASSIGNED_CONTEXT ( ( #4549 ) ) GLOBAL_UNIT_ASSIGNED_CONTEXT ( ( #6426, #6493, #2285 ) ) REPRESENTATION_CONTEXT ( 'NONE', 'WORKASPACE' ) );
#1390 = ORIENTED_EDGE ( 'NONE', *, *, #1201, .T. ) ;
#1391 = ORIENTED_EDGE ( 'NONE', *, *, #2919, .F. ) ;
#1392 = COLOUR_RGB ( '',0.2509803921568627400, 0.2509803921568627400, 0.2509803921568627400 ) ;
#1393 = FACE_OUTER_BOUND ( 'NONE', #6911, .T. ) ;
#1394 = DIRECTION ( 'NONE',  ( 0.0000000000000000000, 0.0000000000000000000, 1.000000000000000000 ) ) ;
#1395 = ORIENTED_EDGE ( 'NONE', *, *, #5152, .T. ) ;
#1396 = ADVANCED_FACE ( 'NONE', ( #1302 ), #4100, .F. ) ;
#1397 = AXIS2_PLACEMENT_3D ( 'NONE', #896, #3997, #261 ) ;
#1398 = ORIENTED_EDGE ( 'NONE', *, *, #2749, .T. ) ;
#1399 = CARTESIAN_POINT ( 'NONE',  ( -19.88175104581392100, 17.30000000000000100, -5.189452598767572600 ) ) ;
#1400 = FACE_OUTER_BOUND ( 'NONE', #5666, .T. ) ;
#1401 = CARTESIAN_POINT ( 'NONE',  ( -22.69999999999999900, 90.11812087098393000, -14.70000000000000100 ) ) ;
#1402 = FACE_OUTER_BOUND ( 'NONE', #2666, .T. ) ;
#1403 = CARTESIAN_POINT ( 'NONE',  ( 19.80000000000000400, 0.0000000000000000000, 14.50000000000000000 ) ) ;
#1404 = DIRECTION ( 'NONE',  ( 0.0000000000000000000, 0.0000000000000000000, 1.000000000000000000 ) ) ;
#1405 = CARTESIAN_POINT ( 'NONE',  ( 18.60239257643829800, 15.79988774640566400, 2.999999999999996400 ) ) ;
#1406 = ORIENTED_EDGE ( 'NONE', *, *, #81, .T. ) ;
#1407 = AXIS2_PLACEMENT_3D ( 'NONE', #1850, #2450, #2428 ) ;
#1408 = TOROIDAL_SURFACE ( 'NONE', #3098, 1.400000000000003200, 0.5999999999999999800 ) ;
#1409 = ORIENTED_EDGE ( 'NONE', *, *, #655, .T. ) ;
#1410 = LINE ( 'NONE', #4594, #1080 ) ;
#1411 = EDGE_CURVE ( 'NONE', #3241, #163, #402, .T. ) ;
#1412 = EDGE_CURVE ( 'NONE', #4128, #1156, #3852, .T. ) ;
#1413 = DIRECTION ( 'NONE',  ( 0.0000000000000000000, 0.0000000000000000000, 1.000000000000000000 ) ) ;
#1414 = ORIENTED_EDGE ( 'NONE', *, *, #1484, .F. ) ;
#1415 = ORIENTED_EDGE ( 'NONE', *, *, #6102, .T. ) ;
#1416 = LINE ( 'NONE', #1151, #1490 ) ;
#1417 = DIRECTION ( 'NONE',  ( -2.312964634635743000E-016, 0.0000000000000000000, -1.000000000000000000 ) ) ;
#1418 = EDGE_CURVE ( 'NONE', #727, #2635, #3937, .T. ) ;
#1419 = ORIENTED_EDGE ( 'NONE', *, *, #2665, .T. ) ;
#1420 = VERTEX_POINT ( 'NONE', #1457 ) ;
#1421 = ORIENTED_EDGE ( 'NONE', *, *, #428, .T. ) ;
#1422 = DIRECTION ( 'NONE',  ( 0.0000000000000000000, 1.000000000000000000, -0.0000000000000000000 ) ) ;
#1423 = EDGE_LOOP ( 'NONE', ( #4959, #928, #2003 ) ) ;
#1424 = DIRECTION ( 'NONE',  ( 1.000000000000000000, 0.0000000000000000000, 0.0000000000000000000 ) ) ;
#1425 = VECTOR ( 'NONE', #3208, 1000.000000000000000 ) ;
#1426 = AXIS2_PLACEMENT_3D ( 'NONE', #3848, #2421, #3327 ) ;
#1427 = CARTESIAN_POINT ( 'NONE',  ( 18.60718555080176600, 15.79997202703584800, 2.999999999999996900 ) ) ;
#1428 = CARTESIAN_POINT ( 'NONE',  ( 17.59191070279861800, 14.60000000000000100, 5.808089297201380700 ) ) ;
#1429 = DIRECTION ( 'NONE',  ( 0.0000000000000000000, -0.0000000000000000000, 1.000000000000000000 ) ) ;
#1430 = PRESENTATION_STYLE_ASSIGNMENT (( #2539 ) ) ;
#1431 = VECTOR ( 'NONE', #112, 1000.000000000000000 ) ;
#1432 = VERTEX_POINT ( 'NONE', #4689 ) ;
#1433 = DIRECTION ( 'NONE',  ( 0.0000000000000000000, 0.0000000000000000000, -1.000000000000000000 ) ) ;
#1434 = MECHANICAL_DESIGN_GEOMETRIC_PRESENTATION_REPRESENTATION (  '', ( #1354 ), #2510 ) ;
#1435 = CARTESIAN_POINT ( 'NONE',  ( -13.65000000000000000, 12.09999999999999800, -4.450000000000001100 ) ) ;
#1436 = PRESENTATION_STYLE_ASSIGNMENT (( #4873 ) ) ;
#1437 = ADVANCED_FACE ( 'NONE', ( #5794 ), #3102, .T. ) ;
#1438 = CARTESIAN_POINT ( 'NONE',  ( -18.45000000000000300, 17.60000000000000100, 3.100000000000000500 ) ) ;
#1439 = EDGE_LOOP ( 'NONE', ( #189, #5220, #1747, #6009 ) ) ;
#1440 = LINE ( 'NONE', #3244, #3673 ) ;
#1441 = CYLINDRICAL_SURFACE ( 'NONE', #5538, 0.2999999999999999300 ) ;
#1442 = PLANE ( 'NONE',  #4095 ) ;
#1443 = FACE_OUTER_BOUND ( 'NONE', #253, .T. ) ;
#1444 = DIRECTION ( 'NONE',  ( 0.0000000000000000000, 0.0000000000000000000, 1.000000000000000000 ) ) ;
#1445 = CARTESIAN_POINT ( 'NONE',  ( -18.60717127010065400, 15.79997184908131100, -0.8000000000000008200 ) ) ;
#1446 = CARTESIAN_POINT ( 'NONE',  ( -19.80000000000000800, 15.79983162191124500, -2.400000000000001200 ) ) ;
#1447 = EDGE_CURVE ( 'NONE', #4645, #6492, #2943, .T. ) ;
#1448 = LINE ( 'NONE', #6338, #4015 ) ;
#1449 =( LENGTH_UNIT ( ) NAMED_UNIT ( * ) SI_UNIT ( .MILLI., .METRE. ) );
#1450 = ORIENTED_EDGE ( 'NONE', *, *, #1597, .F. ) ;
#1451 = AXIS2_PLACEMENT_3D ( 'NONE', #4376, #3842, #2816 ) ;
#1452 = EDGE_LOOP ( 'NONE', ( #6580, #892, #1480, #3975, #1095 ) ) ;
#1453 = LINE ( 'NONE', #2480, #1135 ) ;
#1454 = EDGE_CURVE ( 'NONE', #636, #5206, #5290, .T. ) ;
#1455 = FILL_AREA_STYLE_COLOUR ( '', #4597 ) ;
#1456 = CARTESIAN_POINT ( 'NONE',  ( -18.60000000000000900, 15.80005553644227200, -1.133181965270303700 ) ) ;
#1457 = CARTESIAN_POINT ( 'NONE',  ( 20.19999999999999900, 15.79983162191123800, 4.199999999999997500 ) ) ;
#1458 = DIRECTION ( 'NONE',  ( 1.000000000000000000, 0.0000000000000000000, 0.0000000000000000000 ) ) ;
#1459 = ORIENTED_EDGE ( 'NONE', *, *, #4562, .F. ) ;
#1460 = ADVANCED_FACE ( 'NONE', ( #4179 ), #6523, .F. ) ;
#1461 = LINE ( 'NONE', #432, #5305 ) ;
#1462 = ORIENTED_EDGE ( 'NONE', *, *, #2077, .F. ) ;
#1463 = MECHANICAL_DESIGN_GEOMETRIC_PRESENTATION_REPRESENTATION (  '', ( #6677 ), #5983 ) ;
#1464 = CARTESIAN_POINT ( 'NONE',  ( 20.00000000000000400, 15.80000000000000100, 4.199999999999997500 ) ) ;
#1465 = FILL_AREA_STYLE ('',( #6857 ) ) ;
#1466 = DIRECTION ( 'NONE',  ( -0.0000000000000000000, 1.000000000000000000, -0.0000000000000000000 ) ) ;
#1467 = ORIENTED_EDGE ( 'NONE', *, *, #6834, .T. ) ;
#1468 = LINE ( 'NONE', #3644, #221 ) ;
#1469 = ADVANCED_FACE ( 'NONE', ( #5719 ), #3793, .T. ) ;
#1470 = CARTESIAN_POINT ( 'NONE',  ( -22.69999999999999900, 14.66963430942633000, -14.50610162186174700 ) ) ;
#1471 = CARTESIAN_POINT ( 'NONE',  ( -12.57170480451952700, 24.12270982520809800, -5.053026106080011500 ) ) ;
#1472 = VERTEX_POINT ( 'NONE', #2097 ) ;
#1473 = DIRECTION ( 'NONE',  ( -0.0000000000000000000, -0.0000000000000000000, 1.000000000000000000 ) ) ;
#1474 = ORIENTED_EDGE ( 'NONE', *, *, #2878, .F. ) ;
#1475 = CIRCLE ( 'NONE', #3887, 1.250000000000001100 ) ;
#1476 = AXIS2_PLACEMENT_3D ( 'NONE', #5059, #4476, #2891 ) ;
#1477 = LINE ( 'NONE', #5772, #1320 ) ;
#1478 = CARTESIAN_POINT ( 'NONE',  ( -9.799999999999998900, 12.09999999999999800, -4.800000000000000700 ) ) ;
#1479 = PLANE ( 'NONE',  #4640 ) ;
#1480 = ORIENTED_EDGE ( 'NONE', *, *, #3278, .F. ) ;
#1481 = VECTOR ( 'NONE', #1202, 1000.000000000000000 ) ;
#1482 = VERTEX_POINT ( 'NONE', #4867 ) ;
#1483 = CARTESIAN_POINT ( 'NONE',  ( -19.99999999999999300, 17.47321452147779700, -5.271892336110998800 ) ) ;
#1484 = EDGE_CURVE ( 'NONE', #2547, #1667, #125, .T. ) ;
#1485 = DIRECTION ( 'NONE',  ( 1.000000000000000000, 0.0000000000000000000, 0.0000000000000000000 ) ) ;
#1486 = CARTESIAN_POINT ( 'NONE',  ( 5.700000000000002000, 18.30000000000000100, -5.700000000000002000 ) ) ;
#1487 = ORIENTED_EDGE ( 'NONE', *, *, #6183, .T. ) ;
#1488 = DIRECTION ( 'NONE',  ( 1.000000000000000000, -0.0000000000000000000, 0.0000000000000000000 ) ) ;
#1489 = VERTEX_POINT ( 'NONE', #3818 ) ;
#1490 = VECTOR ( 'NONE', #96, 1000.000000000000000 ) ;
#1491 = CARTESIAN_POINT ( 'NONE',  ( 20.10000281861034900, 15.80000723708626300, 4.199999999999997500 ) ) ;
#1492 = DIRECTION ( 'NONE',  ( -0.0000000000000000000, 1.000000000000000000, -0.0000000000000000000 ) ) ;
#1493 = PLANE ( 'NONE',  #5673 ) ;
#1494 = AXIS2_PLACEMENT_3D ( 'NONE', #3300, #2236, #5953 ) ;
#1495 = ORIENTED_EDGE ( 'NONE', *, *, #426, .T. ) ;
#1496 = DIRECTION ( 'NONE',  ( -1.000000000000000000, 0.0000000000000000000, -0.0000000000000000000 ) ) ;
#1497 = CARTESIAN_POINT ( 'NONE',  ( -20.20000000000001400, 15.00000000000000200, -1.200000000000001100 ) ) ;
#1498 = ADVANCED_FACE ( 'NONE', ( #4697 ), #1197, .T. ) ;
#1499 = VERTEX_POINT ( 'NONE', #486 ) ;
#1500 = EDGE_CURVE ( 'NONE', #6642, #3041, #3680, .T. ) ;
#1501 = EDGE_CURVE ( 'NONE', #4477, #6376, #3035, .T. ) ;
#1502 = ORIENTED_EDGE ( 'NONE', *, *, #4903, .T. ) ;
#1503 = COLOUR_RGB ( '',1.000000000000000000, 0.8117647058823529400, 0.5019607843137254800 ) ;
#1504 = CLOSED_SHELL ( 'NONE', ( #1851, #4460, #2143, #4864, #3243 ) ) ;
#1505 =( LENGTH_UNIT ( ) NAMED_UNIT ( * ) SI_UNIT ( .MILLI., .METRE. ) );
#1506 = ORIENTED_EDGE ( 'NONE', *, *, #2366, .F. ) ;
#1507 = EDGE_LOOP ( 'NONE', ( #4222, #2451, #5624 ) ) ;
#1509 = DIRECTION ( 'NONE',  ( 1.000000000000000000, 0.0000000000000000000, 0.0000000000000000000 ) ) ;
#1508 = LINE ( 'NONE', #2211, #337 ) ;
#1510 = ADVANCED_FACE ( 'NONE', ( #5384 ), #4269, .F. ) ;
#1511 = CARTESIAN_POINT ( 'NONE',  ( 5.700000000000002000, 32.18483977907960300, -5.700000000000002000 ) ) ;
#1512 = EDGE_CURVE ( 'NONE', #156, #4561, #5466, .T. ) ;
#1513 = PRESENTATION_LAYER_ASSIGNMENT (  '', '', ( #891 ) ) ;
#1514 = EDGE_LOOP ( 'NONE', ( #404, #5827, #6413, #3689 ) ) ;
#1515 = ORIENTED_EDGE ( 'NONE', *, *, #834, .F. ) ;
#1516 = VECTOR ( 'NONE', #1344, 1000.000000000000000 ) ;
#1517 = CARTESIAN_POINT ( 'NONE',  ( 0.0000000000000000000, 14.30000000000000200, -14.70000000000000100 ) ) ;
#1518 = CARTESIAN_POINT ( 'NONE',  ( 21.00000000000000400, 2.000000000000000000, 17.00000000000000000 ) ) ;
#1519 = PLANE ( 'NONE',  #4259 ) ;
#1520 = DIRECTION ( 'NONE',  ( 0.0000000000000000000, 0.0000000000000000000, -1.000000000000000000 ) ) ;
#1521 = LINE ( 'NONE', #824, #5102 ) ;
#1522 = AXIS2_PLACEMENT_3D ( 'NONE', #2948, #705, #1932 ) ;
#1523 = ORIENTED_EDGE ( 'NONE', *, *, #2955, .F. ) ;
#1524 = CIRCLE ( 'NONE', #6645, 4.500000000000000000 ) ;
#1525 = CARTESIAN_POINT ( 'NONE',  ( -9.799999999999998900, 12.09999999999999800, -3.550000000000001200 ) ) ;
#1526 = CARTESIAN_POINT ( 'NONE',  ( 6.300000000000001600, 14.90000000000000200, -1.700000000000002000 ) ) ;
#1527 = CARTESIAN_POINT ( 'NONE',  ( 18.60000000000000100, 15.00000000000000200, 2.599999999999997000 ) ) ;
#1528 = LINE ( 'NONE', #6507, #2776 ) ;
#1529 = DIRECTION ( 'NONE',  ( -1.224646799147353200E-016, 9.095188333116402000E-031, -1.000000000000000000 ) ) ;
#1530 = EDGE_CURVE ( 'NONE', #5964, #6084, #1453, .T. ) ;
#1531 = DIRECTION ( 'NONE',  ( -0.0000000000000000000, -0.0000000000000000000, -1.000000000000000000 ) ) ;
#1532 = FACE_BOUND ( 'NONE', #6138, .T. ) ;
#1533 = VECTOR ( 'NONE', #4579, 1000.000000000000000 ) ;
#1534 = ORIENTED_EDGE ( 'NONE', *, *, #2158, .T. ) ;
#1535 = SURFACE_STYLE_USAGE ( .BOTH. , #5219 ) ;
#1536 = VECTOR ( 'NONE', #4641, 1000.000000000000000 ) ;
#1537 = DIRECTION ( 'NONE',  ( 0.0000000000000000000, 0.0000000000000000000, 1.000000000000000000 ) ) ;
#1538 = EDGE_CURVE ( 'NONE', #4569, #237, #633, .T. ) ;
#1539 = EDGE_CURVE ( 'NONE', #3232, #6744, #1377, .T. ) ;
#1540 = ADVANCED_FACE ( 'NONE', ( #3771 ), #3444, .T. ) ;
#1541 = DIRECTION ( 'NONE',  ( 2.891205793294678200E-015, 0.0000000000000000000, -1.000000000000000000 ) ) ;
#1542 = CARTESIAN_POINT ( 'NONE',  ( 14.20000000000000100, 16.30000000000000100, -1.700000000000002000 ) ) ;
#1543 = APPLICATION_PROTOCOL_DEFINITION ( 'draft international standard', 'automotive_design', 1998, #6358 ) ;
#1544 = UNCERTAINTY_MEASURE_WITH_UNIT (LENGTH_MEASURE( 1.000000000000000100E-005 ), #5826, 'distance_accuracy_value', 'NONE');
#1545 = VERTEX_POINT ( 'NONE', #4004 ) ;
#1546 = CARTESIAN_POINT ( 'NONE',  ( -21.39760742356170600, 15.79988774640566400, -0.8000000000000009300 ) ) ;
#1547 = LINE ( 'NONE', #3592, #4616 ) ;
#1548 = ORIENTED_EDGE ( 'NONE', *, *, #1484, .T. ) ;
#1549 = CARTESIAN_POINT ( 'NONE',  ( -4.799999999999997200, -9.806836608136517700, -5.799999999999992700 ) ) ;
#1550 = PRESENTATION_LAYER_ASSIGNMENT (  '', '', ( #1902 ) ) ;
#1551 = EDGE_CURVE ( 'NONE', #755, #1656, #198, .T. ) ;
#1552 = EDGE_LOOP ( 'NONE', ( #3116, #4966, #981, #3556 ) ) ;
#1553 = DIRECTION ( 'NONE',  ( 1.000000000000000000, 0.0000000000000000000, -1.807003620809185000E-016 ) ) ;
#1554 = DIRECTION ( 'NONE',  ( 0.0000000000000000000, 1.000000000000000000, -0.0000000000000000000 ) ) ;
#1555 = LINE ( 'NONE', #1614, #136 ) ;
#1556 = CARTESIAN_POINT ( 'NONE',  ( 20.19999999999999900, 15.00000000000000200, 1.399999999999996800 ) ) ;
#1557 = ORIENTED_EDGE ( 'NONE', *, *, #4715, .T. ) ;
#1558 = SURFACE_STYLE_FILL_AREA ( #6289 ) ;
#1559 = DIRECTION ( 'NONE',  ( 0.0000000000000000000, 1.000000000000000000, 0.0000000000000000000 ) ) ;
#1560 = ORIENTED_EDGE ( 'NONE', *, *, #6848, .T. ) ;
#1561 = EDGE_LOOP ( 'NONE', ( #925, #2210, #587, #2712 ) ) ;
#1562 = AXIS2_PLACEMENT_3D ( 'NONE', #5788, #5276, #975 ) ;
#1563 = DIRECTION ( 'NONE',  ( -1.000000000000000000, 0.0000000000000000000, 1.236370898448382100E-016 ) ) ;
#1564 = CARTESIAN_POINT ( 'NONE',  ( 9.400000000000002100, 16.30000000000000100, -4.150000000000002100 ) ) ;
#1565 = ORIENTED_EDGE ( 'NONE', *, *, #3932, .F. ) ;
#1566 = VERTEX_POINT ( 'NONE', #1853 ) ;
#1567 = CARTESIAN_POINT ( 'NONE',  ( 9.700000000000002800, 16.30000000000000100, -1.700000000000002000 ) ) ;
#1568 = DIRECTION ( 'NONE',  ( -5.782411586589356500E-015, -0.0000000000000000000, 1.000000000000000000 ) ) ;
#1569 = VECTOR ( 'NONE', #3583, 1000.000000000000000 ) ;
#1570 = DIRECTION ( 'NONE',  ( -1.000000000000000000, -0.0000000000000000000, -0.0000000000000000000 ) ) ;
#1571 = ORIENTED_EDGE ( 'NONE', *, *, #4253, .F. ) ;
#1572 = VECTOR ( 'NONE', #4141, 1000.000000000000000 ) ;
#1573 = VERTEX_POINT ( 'NONE', #4486 ) ;
#1574 = DIRECTION ( 'NONE',  ( 0.0000000000000000000, 1.000000000000000000, -0.0000000000000000000 ) ) ;
#1575 = ORIENTED_EDGE ( 'NONE', *, *, #3059, .F. ) ;
#1576 = VECTOR ( 'NONE', #6615, 1000.000000000000000 ) ;
#1577 = DIRECTION ( 'NONE',  ( -0.0000000000000000000, -1.000000000000000000, -0.0000000000000000000 ) ) ;
#1578 = CARTESIAN_POINT ( 'NONE',  ( -0.1999999999999953200, -5.700000000000012600, -0.7000000000000008400 ) ) ;
#1579 = ADVANCED_FACE ( 'NONE', ( #6441, #6042 ), #4559, .T. ) ;
#1580 = ORIENTED_EDGE ( 'NONE', *, *, #5519, .T. ) ;
#1581 = AXIS2_PLACEMENT_3D ( 'NONE', #6554, #2368, #1843 ) ;
#1582 = ORIENTED_EDGE ( 'NONE', *, *, #3145, .T. ) ;
#1583 = SURFACE_STYLE_FILL_AREA ( #2704 ) ;
#1584 = EDGE_CURVE ( 'NONE', #5464, #5422, #25, .T. ) ;
#1585 = DIRECTION ( 'NONE',  ( 1.000000000000000000, 0.0000000000000000000, 1.577021341797097600E-016 ) ) ;
#1586 = VERTEX_POINT ( 'NONE', #1369 ) ;
#1587 = ORIENTED_EDGE ( 'NONE', *, *, #6612, .T. ) ;
#1588 = VERTEX_POINT ( 'NONE', #2407 ) ;
#1589 = LINE ( 'NONE', #2280, #6010 ) ;
#1590 = CARTESIAN_POINT ( 'NONE',  ( 16.50000000000000400, 17.59999999999997700, 0.0000000000000000000 ) ) ;
#1591 = PRODUCT_CONTEXT ( 'NONE', #3670, 'mechanical' ) ;
#1592 = PRESENTATION_LAYER_ASSIGNMENT (  '', '', ( #4429 ) ) ;
#1593 = DIRECTION ( 'NONE',  ( 1.000000000000000000, 0.0000000000000000000, -8.673617379884048300E-016 ) ) ;
#1594 = DIRECTION ( 'NONE',  ( 0.0000000000000000000, 0.0000000000000000000, 1.000000000000000000 ) ) ;
#1595 = EDGE_CURVE ( 'NONE', #4027, #716, #5543, .T. ) ;
#1596 = ORIENTED_EDGE ( 'NONE', *, *, #4139, .F. ) ;
#1597 = EDGE_CURVE ( 'NONE', #5307, #1051, #1295, .T. ) ;
#1598 = FILL_AREA_STYLE_COLOUR ( '', #4342 ) ;
#1599 = CARTESIAN_POINT ( 'NONE',  ( 20.00000000000000400, 15.80000000000000100, 2.799999999999997200 ) ) ;
#1600 = VECTOR ( 'NONE', #6783, 1000.000000000000000 ) ;
#1601 = DIRECTION ( 'NONE',  ( 0.7071067811865361400, 0.0000000000000000000, 0.7071067811865589000 ) ) ;
#1602 = FACE_OUTER_BOUND ( 'NONE', #2811, .T. ) ;
#1603 = SURFACE_SIDE_STYLE ('',( #4496 ) ) ;
#1604 = LINE ( 'NONE', #3428, #4769 ) ;
#1605 = AXIS2_PLACEMENT_3D ( 'NONE', #3996, #1300, #782 ) ;
#1606 = VECTOR ( 'NONE', #1280, 1000.000000000000000 ) ;
#1607 =( NAMED_UNIT ( * ) SI_UNIT ( $, .STERADIAN. ) SOLID_ANGLE_UNIT ( ) );
#1608 = VECTOR ( 'NONE', #1684, 1000.000000000000000 ) ;
#1609 = ORIENTED_EDGE ( 'NONE', *, *, #1288, .F. ) ;
#1610 = VECTOR ( 'NONE', #1901, 1000.000000000000000 ) ;
#1611 = CARTESIAN_POINT ( 'NONE',  ( 12.30000000000000200, 16.30000000000000100, -4.450000000000002000 ) ) ;
#1612 = ADVANCED_FACE ( 'NONE', ( #4093 ), #309, .T. ) ;
#1613 = AXIS2_PLACEMENT_3D ( 'NONE', #4637, #6773, #3626 ) ;
#1614 = CARTESIAN_POINT ( 'NONE',  ( -4.799999999999997200, -9.806836608136517700, -5.799999999999992700 ) ) ;
#1615 = CARTESIAN_POINT ( 'NONE',  ( -23.00000000000000000, 0.0000000000000000000, -0.0000000000000000000 ) ) ;
#1616 =( NAMED_UNIT ( * ) PLANE_ANGLE_UNIT ( ) SI_UNIT ( $, .RADIAN. ) );
#1617 = VECTOR ( 'NONE', #6559, 1000.000000000000000 ) ;
#1618 = CARTESIAN_POINT ( 'NONE',  ( -0.7999999999999973800, 14.05000000000000200, -14.50000000000000000 ) ) ;
#1619 = CARTESIAN_POINT ( 'NONE',  ( -21.40000000000000600, 15.79983162191123800, -0.8000000000000008200 ) ) ;
#1620 = B_SPLINE_CURVE_WITH_KNOTS ( 'NONE', 3,
 ( #3902, #6039, #1292, #2848, #3941 ),
 .UNSPECIFIED., .F., .F.,
 ( 4, 1, 4 ),
 ( 0.0001742311766444697300, 0.0001813524542937547100, 0.0001884737319430396900 ),
 .UNSPECIFIED. ) ;
#1621 = DIRECTION ( 'NONE',  ( -2.392722035830079000E-016, 0.0000000000000000000, -1.000000000000000000 ) ) ;
#1622 = ORIENTED_EDGE ( 'NONE', *, *, #3575, .T. ) ;
#1623 = LINE ( 'NONE', #80, #4961 ) ;
#1624 = DIRECTION ( 'NONE',  ( 1.000000000000000000, -0.0000000000000000000, 0.0000000000000000000 ) ) ;
#1625 = DIRECTION ( 'NONE',  ( -0.0000000000000000000, -0.0000000000000000000, 1.000000000000000000 ) ) ;
#1626 = AXIS2_PLACEMENT_3D ( 'NONE', #4497, #1422, #1337 ) ;
#1627 = ORIENTED_EDGE ( 'NONE', *, *, #4620, .F. ) ;
#1628 = VECTOR ( 'NONE', #5943, 1000.000000000000100 ) ;
#1629 = CARTESIAN_POINT ( 'NONE',  ( -0.9999999999999991100, 14.60000000000000100, -12.00000000000001200 ) ) ;
#1630 = CARTESIAN_POINT ( 'NONE',  ( 23.00000000000000700, 78.31812087098393200, 15.00000000000000200 ) ) ;
#1631 = CARTESIAN_POINT ( 'NONE',  ( 4.039339828220167100, 14.30000000000000200, -8.092031021678314700 ) ) ;
#1632 = AXIS2_PLACEMENT_3D ( 'NONE', #2620, #1046, #3141 ) ;
#1633 = ORIENTED_EDGE ( 'NONE', *, *, #3051, .T. ) ;
#1634 = DIRECTION ( 'NONE',  ( -1.000000000000000000, 0.0000000000000000000, 0.0000000000000000000 ) ) ;
#1635 = CIRCLE ( 'NONE', #2433, 1.000000000000000900 ) ;
#1636 = EDGE_CURVE ( 'NONE', #293, #1840, #4872, .T. ) ;
#1637 = EDGE_CURVE ( 'NONE', #1327, #1656, #786, .T. ) ;
#1638 = ORIENTED_EDGE ( 'NONE', *, *, #4751, .F. ) ;
#1639 = CARTESIAN_POINT ( 'NONE',  ( -20.13333921066601600, 15.79997527452285200, 0.3999999999999991300 ) ) ;
#1640 = CARTESIAN_POINT ( 'NONE',  ( -19.80000000000000400, 15.80000000000000100, -2.388030589161957100 ) ) ;
#1641 = ORIENTED_EDGE ( 'NONE', *, *, #3364, .F. ) ;
#1642 = CIRCLE ( 'NONE', #922, 0.2999999999999999300 ) ;
#1643 = LINE ( 'NONE', #4583, #2471 ) ;
#1644 = EDGE_CURVE ( 'NONE', #6719, #3993, #2361, .T. ) ;
#1645 = ORIENTED_EDGE ( 'NONE', *, *, #1500, .F. ) ;
#1646 = DIRECTION ( 'NONE',  ( 0.0000000000000000000, 0.0000000000000000000, 1.000000000000000000 ) ) ;
#1647 = DIRECTION ( 'NONE',  ( 0.7071067811865491300, 0.0000000000000000000, 0.7071067811865459100 ) ) ;
#1648 = VERTEX_POINT ( 'NONE', #6735 ) ;
#1649 = ADVANCED_FACE ( 'NONE', ( #1792 ), #5792, .T. ) ;
#1650 = VECTOR ( 'NONE', #1893, 1000.000000000000000 ) ;
#1651 = VECTOR ( 'NONE', #1577, 1000.000000000000000 ) ;
#1652 = ORIENTED_EDGE ( 'NONE', *, *, #3921, .T. ) ;
#1653 = DIRECTION ( 'NONE',  ( -0.0000000000000000000, -0.0000000000000000000, 1.000000000000000000 ) ) ;
#1654 = AXIS2_PLACEMENT_3D ( 'NONE', #1324, #1787, #3467 ) ;
#1655 = CARTESIAN_POINT ( 'NONE',  ( -1.300000000000000900, 14.30000000000000200, -11.87573593128807700 ) ) ;
#1656 = VERTEX_POINT ( 'NONE', #5255 ) ;
#1657 = DIRECTION ( 'NONE',  ( 0.0000000000000000000, 0.0000000000000000000, -1.000000000000000000 ) ) ;
#1658 = VERTEX_POINT ( 'NONE', #4614 ) ;
#1659 = LINE ( 'NONE', #3037, #1990 ) ;
#1660 = CARTESIAN_POINT ( 'NONE',  ( -21.39760549914323200, 15.79988779154824900, -1.200000000000001100 ) ) ;
#1661 = DIRECTION ( 'NONE',  ( 0.0000000000000000000, 1.000000000000000000, -0.0000000000000000000 ) ) ;
#1662 = CARTESIAN_POINT ( 'NONE',  ( -20.19999999999999600, 0.2000000000000000100, 9.000000000000001800 ) ) ;
#1663 = ORIENTED_EDGE ( 'NONE', *, *, #4024, .F. ) ;
#1664 = COLOUR_RGB ( '',0.7921568627450980000, 0.8196078431372548800, 0.9333333333333333500 ) ;
#1665 = ORIENTED_EDGE ( 'NONE', *, *, #1798, .T. ) ;
#1666 = PRESENTATION_LAYER_ASSIGNMENT (  '', '', ( #3827 ) ) ;
#1667 = VERTEX_POINT ( 'NONE', #2507 ) ;
#1668 = CARTESIAN_POINT ( 'NONE',  ( 19.96650926062406100, 15.80000000000006100, 4.199999999999997500 ) ) ;
#1669 = ORIENTED_EDGE ( 'NONE', *, *, #5451, .T. ) ;
#1670 = DIRECTION ( 'NONE',  ( 0.0000000000000000000, 0.0000000000000000000, 1.000000000000000000 ) ) ;
#1671 = ORIENTED_EDGE ( 'NONE', *, *, #6754, .F. ) ;
#1672 = PRESENTATION_STYLE_ASSIGNMENT (( #1055 ) ) ;
#1673 = CARTESIAN_POINT ( 'NONE',  ( 17.89999999999999900, 14.30000000000000200, -0.7000000000000027300 ) ) ;
#1674 = UNCERTAINTY_MEASURE_WITH_UNIT (LENGTH_MEASURE( 1.000000000000000100E-005 ), #5614, 'distance_accuracy_value', 'NONE');
#1675 = DIRECTION ( 'NONE',  ( 1.000000000000000000, 0.0000000000000000000, -0.0000000000000000000 ) ) ;
#1676 = AXIS2_PLACEMENT_3D ( 'NONE', #5211, #5234, #3675 ) ;
#1677 = ORIENTED_EDGE ( 'NONE', *, *, #4504, .T. ) ;
#1678 = EDGE_LOOP ( 'NONE', ( #1575, #147 ) ) ;
#1679 = EDGE_CURVE ( 'NONE', #6157, #3886, #5377, .T. ) ;
#1680 = VERTEX_POINT ( 'NONE', #2018 ) ;
#1681 = LINE ( 'NONE', #1183, #1842 ) ;
#1682 = DIRECTION ( 'NONE',  ( -0.0000000000000000000, 1.000000000000000000, -0.0000000000000000000 ) ) ;
#1683 =( NAMED_UNIT ( * ) PLANE_ANGLE_UNIT ( ) SI_UNIT ( $, .RADIAN. ) );
#1684 = DIRECTION ( 'NONE',  ( -1.000000000000000000, 0.0000000000000000000, 0.0000000000000000000 ) ) ;
#1685 = ORIENTED_EDGE ( 'NONE', *, *, #3077, .F. ) ;
#1686 = ADVANCED_FACE ( 'NONE', ( #3366 ), #6277, .F. ) ;
#1687 = DIRECTION ( 'NONE',  ( 0.7071067811865491300, 0.0000000000000000000, 0.7071067811865459100 ) ) ;
#1688 = DIRECTION ( 'NONE',  ( -0.0000000000000000000, 1.000000000000000000, -0.0000000000000000000 ) ) ;
#1689 = DIRECTION ( 'NONE',  ( -1.236370898448382100E-016, 0.0000000000000000000, -1.000000000000000000 ) ) ;
#1690 = AXIS2_PLACEMENT_3D ( 'NONE', #6905, #3709, #1081 ) ;
#1691 = DIRECTION ( 'NONE',  ( 0.0000000000000000000, 1.000000000000000000, 0.0000000000000000000 ) ) ;
#1692 = CARTESIAN_POINT ( 'NONE',  ( -19.80000000000000800, 15.80000000000000100, -2.385640646055106700 ) ) ;
#1693 = EDGE_CURVE ( 'NONE', #3580, #4374, #627, .T. ) ;
#1694 = DIRECTION ( 'NONE',  ( -1.000000000000000000, -0.0000000000000000000, -0.0000000000000000000 ) ) ;
#1695 = LINE ( 'NONE', #6304, #263 ) ;
#1696 = ORIENTED_EDGE ( 'NONE', *, *, #6148, .F. ) ;
#1697 = LINE ( 'NONE', #4952, #6269 ) ;
#1698 = DIRECTION ( 'NONE',  ( 0.0000000000000000000, 1.000000000000000000, -0.0000000000000000000 ) ) ;
#1699 = CARTESIAN_POINT ( 'NONE',  ( 19.80000000000000100, 15.80000000000000100, 4.199999999999997500 ) ) ;
#1700 = DIRECTION ( 'NONE',  ( 0.0000000000000000000, 0.0000000000000000000, 1.000000000000000000 ) ) ;
#1701 = CARTESIAN_POINT ( 'NONE',  ( 21.40000000000000200, 15.80000000000288600, 2.733952820301555500 ) ) ;
#1702 = CARTESIAN_POINT ( 'NONE',  ( 22.70000000000000300, 14.30000000000000200, -5.250429720623137500E-015 ) ) ;
#1703 = CYLINDRICAL_SURFACE ( 'NONE', #5509, 1.250000000000001100 ) ;
#1704 = MECHANICAL_DESIGN_GEOMETRIC_PRESENTATION_REPRESENTATION (  '', ( #134 ), #4815 ) ;
#1705 = EDGE_LOOP ( 'NONE', ( #3250, #6854, #168, #1791, #886 ) ) ;
#1706 = LINE ( 'NONE', #3189, #6282 ) ;
#1707 = AXIS2_PLACEMENT_3D ( 'NONE', #2680, #4821, #3707 ) ;
#1708 = CARTESIAN_POINT ( 'NONE',  ( 0.0000000000000000000, 14.30000000000000200, 0.0000000000000000000 ) ) ;
#1709 = ORIENTED_EDGE ( 'NONE', *, *, #4046, .F. ) ;
#1710 = CARTESIAN_POINT ( 'NONE',  ( 18.60000000000000100, 15.80000000000000100, 2.599999999999997000 ) ) ;
#1711 = CIRCLE ( 'NONE', #5498, 1.250000000000000000 ) ;
#1712 = ORIENTED_EDGE ( 'NONE', *, *, #4058, .T. ) ;
#1713 = CARTESIAN_POINT ( 'NONE',  ( -0.1999999999999953200, 0.0000000000000000000, -5.200000000000001100 ) ) ;
#1714 = LINE ( 'NONE', #1403, #1961 ) ;
#1715 = PRESENTATION_LAYER_ASSIGNMENT (  '', '', ( #6260 ) ) ;
#1716 = CARTESIAN_POINT ( 'NONE',  ( -18.45000000000000300, 17.30000000000000100, 3.100000000000000500 ) ) ;
#1717 = CLOSED_SHELL ( 'NONE', ( #6146, #4205, #5980, #4032, #4071 ) ) ;
#1718 = ADVANCED_FACE ( 'NONE', ( #3597 ), #3165, .T. ) ;
#1719 = CARTESIAN_POINT ( 'NONE',  ( -19.96650926062407200, 15.80000000000006100, -2.400000000000001200 ) ) ;
#1720 = EDGE_CURVE ( 'NONE', #4363, #5137, #4263, .T. ) ;
#1721 = VERTEX_POINT ( 'NONE', #4249 ) ;
#1722 = ORIENTED_EDGE ( 'NONE', *, *, #3806, .T. ) ;
#1723 = CARTESIAN_POINT ( 'NONE',  ( 14.20000000000000100, 16.30000000000000100, -4.450000000000002000 ) ) ;
#1724 = AXIS2_PLACEMENT_3D ( 'NONE', #5277, #526, #1594 ) ;
#1725 = ORIENTED_EDGE ( 'NONE', *, *, #1937, .T. ) ;
#1726 = CARTESIAN_POINT ( 'NONE',  ( 0.0000000000000000000, 17.38786796564403800, 11.78786796564404900 ) ) ;
#1727 = EDGE_CURVE ( 'NONE', #4303, #4936, #3105, .T. ) ;
#1728 = ORIENTED_EDGE ( 'NONE', *, *, #6297, .F. ) ;
#1729 = EDGE_CURVE ( 'NONE', #4748, #5676, #3267, .T. ) ;
#1730 = SURFACE_STYLE_FILL_AREA ( #6631 ) ;
#1731 = DIRECTION ( 'NONE',  ( -0.0000000000000000000, 1.000000000000000000, -0.0000000000000000000 ) ) ;
#1732 = SURFACE_STYLE_USAGE ( .BOTH. , #3803 ) ;
#1733 = CARTESIAN_POINT ( 'NONE',  ( 6.300000000000001600, 14.90000000000000200, -1.700000000000002000 ) ) ;
#1734 = LINE ( 'NONE', #2288, #302 ) ;
#1735 = DIRECTION ( 'NONE',  ( 2.891205793294678200E-015, 0.0000000000000000000, -1.000000000000000000 ) ) ;
#1736 = ORIENTED_EDGE ( 'NONE', *, *, #5923, .F. ) ;
#1737 = ORIENTED_EDGE ( 'NONE', *, *, #6660, .T. ) ;
#1738 = VERTEX_POINT ( 'NONE', #5840 ) ;
#1739 = EDGE_CURVE ( 'NONE', #5920, #6167, #2283, .T. ) ;
#1740 = VECTOR ( 'NONE', #5480, 1000.000000000000000 ) ;
#1741 = ORIENTED_EDGE ( 'NONE', *, *, #2664, .T. ) ;
#1742 = LINE ( 'NONE', #6031, #2483 ) ;
#1743 = DIRECTION ( 'NONE',  ( -1.000000000000000000, 0.0000000000000000000, 0.0000000000000000000 ) ) ;
#1744 = CARTESIAN_POINT ( 'NONE',  ( 22.69999999999999900, 14.30000000000000200, -14.70000000000000100 ) ) ;
#1745 = DIRECTION ( 'NONE',  ( 0.0000000000000000000, 0.0000000000000000000, 1.000000000000000000 ) ) ;
#1746 = CARTESIAN_POINT ( 'NONE',  ( 21.39282872989935300, 15.79997184908131100, 2.999999999999996900 ) ) ;
#1747 = ORIENTED_EDGE ( 'NONE', *, *, #71, .T. ) ;
#1748 = LINE ( 'NONE', #1483, #319 ) ;
#1749 = ORIENTED_EDGE ( 'NONE', *, *, #3372, .T. ) ;
#1750 = DIRECTION ( 'NONE',  ( 0.0000000000000000000, 0.0000000000000000000, 1.000000000000000000 ) ) ;
#1751 = FILL_AREA_STYLE ('',( #4963 ) ) ;
#1752 = CARTESIAN_POINT ( 'NONE',  ( -19.80000000000001100, 15.80000000000000100, -1.200000000000001100 ) ) ;
#1753 = ORIENTED_EDGE ( 'NONE', *, *, #5114, .F. ) ;
#1754 = ORIENTED_EDGE ( 'NONE', *, *, #4661, .T. ) ;
#1755 = ADVANCED_FACE ( 'NONE', ( #709 ), #2705, .F. ) ;
#1756 =( NAMED_UNIT ( * ) SI_UNIT ( $, .STERADIAN. ) SOLID_ANGLE_UNIT ( ) );
#1757 = ORIENTED_EDGE ( 'NONE', *, *, #1155, .T. ) ;
#1758 = EDGE_LOOP ( 'NONE', ( #3148, #1981, #3610, #504 ) ) ;
#1759 = DIRECTION ( 'NONE',  ( -1.000000000000000000, 0.0000000000000000000, 0.0000000000000000000 ) ) ;
#1760 = EDGE_LOOP ( 'NONE', ( #2478, #5058, #4075, #6244, #3335, #638, #647 ) ) ;
#1761 = FACE_OUTER_BOUND ( 'NONE', #541, .T. ) ;
#1762 = UNCERTAINTY_MEASURE_WITH_UNIT (LENGTH_MEASURE( 1.000000000000000100E-005 ), #3095, 'distance_accuracy_value', 'NONE');
#1763 = CARTESIAN_POINT ( 'NONE',  ( -20.20000000000000600, 15.00000000000000200, -2.400000000000001200 ) ) ;
#1764 = DIRECTION ( 'NONE',  ( 0.0000000000000000000, 0.0000000000000000000, -1.000000000000000000 ) ) ;
#1765 = DIRECTION ( 'NONE',  ( -5.782411586589356500E-015, -0.0000000000000000000, 1.000000000000000000 ) ) ;
#1766 = ORIENTED_EDGE ( 'NONE', *, *, #3051, .F. ) ;
#1767 = CARTESIAN_POINT ( 'NONE',  ( 23.00000000000000000, 12.09999999999999800, -15.00000000000000200 ) ) ;
#1768 = VECTOR ( 'NONE', #3162, 1000.000000000000000 ) ;
#1769 = STYLED_ITEM ( 'NONE', ( #1817 ), #4864 ) ;
#1770 = EDGE_CURVE ( 'NONE', #6005, #2947, #5875, .T. ) ;
#1771 = SURFACE_STYLE_FILL_AREA ( #5759 ) ;
#1772 = EDGE_CURVE ( 'NONE', #3886, #5511, #5957, .T. ) ;
#1773 = FACE_OUTER_BOUND ( 'NONE', #5741, .T. ) ;
#1774 = CARTESIAN_POINT ( 'NONE',  ( -1.445602896647343600E-015, 17.60000000000000100, -5.000000000000008000 ) ) ;
#1775 = SPHERICAL_SURFACE ( 'NONE', #3168, 0.2999999999999999900 ) ;
#1776 = DIRECTION ( 'NONE',  ( 0.0000000000000000000, 0.0000000000000000000, -1.000000000000000000 ) ) ;
#1777 = VECTOR ( 'NONE', #2659, 1000.000000000000000 ) ;
#1778 = COLOUR_RGB ( '',1.000000000000000000, 0.8117647058823529400, 0.5019607843137254800 ) ;
#1779 = DIRECTION ( 'NONE',  ( -0.0000000000000000000, -1.000000000000000000, -0.0000000000000000000 ) ) ;
#1780 = ORIENTED_EDGE ( 'NONE', *, *, #960, .F. ) ;
#1781 = VECTOR ( 'NONE', #6, 1000.000000000000000 ) ;
#1782 = EDGE_CURVE ( 'NONE', #2641, #4437, #1706, .T. ) ;
#1783 = CARTESIAN_POINT ( 'NONE',  ( -18.60000000000000900, 15.00000000000000200, -0.8000000000000008200 ) ) ;
#1784 = PRESENTATION_STYLE_ASSIGNMENT (( #4566 ) ) ;
#1785 = FACE_OUTER_BOUND ( 'NONE', #5887, .T. ) ;
#1786 = DIRECTION ( 'NONE',  ( 0.7071067811865479100, 0.0000000000000000000, 0.7071067811865472400 ) ) ;
#1787 = DIRECTION ( 'NONE',  ( -1.000000000000000000, 0.0000000000000000000, 2.392722035830079000E-016 ) ) ;
#1788 = CARTESIAN_POINT ( 'NONE',  ( -4.799999999999997200, 14.30000000000000200, -5.799999999999992700 ) ) ;
#1789 = ADVANCED_FACE ( 'NONE', ( #4506 ), #6601, .T. ) ;
#1790 = AXIS2_PLACEMENT_3D ( 'NONE', #6531, #6124, #1865 ) ;
#1791 = ORIENTED_EDGE ( 'NONE', *, *, #6756, .F. ) ;
#1792 = FACE_OUTER_BOUND ( 'NONE', #3882, .T. ) ;
#1793 = EDGE_LOOP ( 'NONE', ( #175, #910, #1780, #4980, #3805, #419 ) ) ;
#1794 = DIRECTION ( 'NONE',  ( -0.6038772616713569100, 0.5636187775599327300, -0.5636187775599307300 ) ) ;
#1795 = CARTESIAN_POINT ( 'NONE',  ( -19.80000000000001100, 15.00000000000000200, -1.200000000000001100 ) ) ;
#1796 = ORIENTED_EDGE ( 'NONE', *, *, #374, .F. ) ;
#1797 = VECTOR ( 'NONE', #1563, 1000.000000000000000 ) ;
#1798 = EDGE_CURVE ( 'NONE', #2970, #3301, #3030, .T. ) ;
#1799 = AXIS2_PLACEMENT_3D ( 'NONE', #678, #4939, #4395 ) ;
#1800 = PLANE ( 'NONE',  #6832 ) ;
#1801 = PLANE ( 'NONE',  #4609 ) ;
#1802 = ORIENTED_EDGE ( 'NONE', *, *, #624, .T. ) ;
#1803 = VECTOR ( 'NONE', #3014, 1000.000000000000000 ) ;
#1804 = ORIENTED_EDGE ( 'NONE', *, *, #927, .T. ) ;
#1805 = DIRECTION ( 'NONE',  ( 0.0000000000000000000, 0.0000000000000000000, -1.000000000000000000 ) ) ;
#1806 = CARTESIAN_POINT ( 'NONE',  ( 20.19999999999999900, 15.00000000000000200, 1.399999999999996800 ) ) ;
#1807 = MECHANICAL_DESIGN_GEOMETRIC_PRESENTATION_REPRESENTATION (  '', ( #6179 ), #6654 ) ;
#1808 = VERTEX_POINT ( 'NONE', #4319 ) ;
#1809 = VECTOR ( 'NONE', #2155, 1000.000000000000000 ) ;
#1810 = EDGE_CURVE ( 'NONE', #1867, #570, #544, .T. ) ;
#1811 = EDGE_LOOP ( 'NONE', ( #2839, #6470, #4625, #3678 ) ) ;
#1812 = VERTEX_POINT ( 'NONE', #693 ) ;
#1813 = CARTESIAN_POINT ( 'NONE',  ( 0.0000000000000000000, 13.80000000000000100, 0.0000000000000000000 ) ) ;
#1814 = DIRECTION ( 'NONE',  ( 1.000000000000000000, 0.0000000000000000000, 0.0000000000000000000 ) ) ;
#1815 = CARTESIAN_POINT ( 'NONE',  ( 22.50000000000000000, 11.69999999999999900, -14.50000000000000000 ) ) ;
#1816 = AXIS2_PLACEMENT_3D ( 'NONE', #5572, #2927, #6081 ) ;
#1817 = PRESENTATION_STYLE_ASSIGNMENT (( #1347 ) ) ;
#1818 = EDGE_CURVE ( 'NONE', #2416, #1920, #4434, .T. ) ;
#1819 = ADVANCED_FACE ( 'NONE', ( #6365 ), #5933, .F. ) ;
#1820 = DIRECTION ( 'NONE',  ( 0.0000000000000000000, 0.0000000000000000000, 1.000000000000000000 ) ) ;
#1821 = CARTESIAN_POINT ( 'NONE',  ( 0.0000000000000000000, 13.80000000000000100, -12.00000000000000700 ) ) ;
#1822 = ORIENTED_EDGE ( 'NONE', *, *, #3715, .F. ) ;
#1823 = VERTEX_POINT ( 'NONE', #5447 ) ;
#1824 = PLANE ( 'NONE',  #6822 ) ;
#1825 = ADVANCED_FACE ( 'NONE', ( #3521 ), #2243, .F. ) ;
#1826 = DIRECTION ( 'NONE',  ( -0.0000000000000000000, -1.000000000000000000, -0.0000000000000000000 ) ) ;
#1827 =( NAMED_UNIT ( * ) PLANE_ANGLE_UNIT ( ) SI_UNIT ( $, .RADIAN. ) );
#1828 = DIRECTION ( 'NONE',  ( 0.0000000000000000000, 0.0000000000000000000, 1.000000000000000000 ) ) ;
#1829 = EDGE_LOOP ( 'NONE', ( #4201, #2691, #76, #2755 ) ) ;
#1830 = PLANE ( 'NONE',  #1407 ) ;
#1831 = VERTEX_POINT ( 'NONE', #50 ) ;
#1832 = DIRECTION ( 'NONE',  ( 0.0000000000000000000, 0.0000000000000000000, 1.000000000000000000 ) ) ;
#1833 = ORIENTED_EDGE ( 'NONE', *, *, #3411, .T. ) ;
#1834 = ORIENTED_EDGE ( 'NONE', *, *, #6092, .T. ) ;
#1835 = EDGE_LOOP ( 'NONE', ( #1053, #3226 ) ) ;
#1836 = DIRECTION ( 'NONE',  ( 0.0000000000000000000, 1.000000000000000000, 0.0000000000000000000 ) ) ;
#1837 = AXIS2_PLACEMENT_3D ( 'NONE', #5513, #5579, #2334 ) ;
#1838 = CARTESIAN_POINT ( 'NONE',  ( 19.40000000000000600, 13.80000000000000100, -13.50000000000000200 ) ) ;
#1839 = ORIENTED_EDGE ( 'NONE', *, *, #2614, .T. ) ;
#1840 = VERTEX_POINT ( 'NONE', #4857 ) ;
#1841 = ORIENTED_EDGE ( 'NONE', *, *, #4957, .F. ) ;
#1842 = VECTOR ( 'NONE', #5416, 1000.000000000000000 ) ;
#1843 = DIRECTION ( 'NONE',  ( -0.0000000000000000000, 0.0000000000000000000, 1.000000000000000000 ) ) ;
#1844 = PLANE ( 'NONE',  #5728 ) ;
#1845 = AXIS2_PLACEMENT_3D ( 'NONE', #3661, #2008, #5078 ) ;
#1846 = ORIENTED_EDGE ( 'NONE', *, *, #6437, .F. ) ;
#1847 = EDGE_CURVE ( 'NONE', #3741, #4433, #1623, .T. ) ;
#1848 = VECTOR ( 'NONE', #2426, 1000.000000000000000 ) ;
#1849 = DIRECTION ( 'NONE',  ( 0.0000000000000000000, 0.0000000000000000000, 1.000000000000000000 ) ) ;
#1850 = CARTESIAN_POINT ( 'NONE',  ( 11.00000000000000200, 16.30000000000000100, -1.700000000000002000 ) ) ;
#1851 = ADVANCED_FACE ( 'NONE', ( #1954 ), #2123, .T. ) ;
#1852 = PRESENTATION_STYLE_ASSIGNMENT (( #58 ) ) ;
#1853 = CARTESIAN_POINT ( 'NONE',  ( 19.80000000000000400, 0.2000000000000000100, 14.50000000000000000 ) ) ;
#1854 = VECTOR ( 'NONE', #4409, 1000.000000000000000 ) ;
#1855 = AXIS2_PLACEMENT_3D ( 'NONE', #6598, #4988, #2330 ) ;
#1856 = EDGE_CURVE ( 'NONE', #2416, #805, #6683, .T. ) ;
#1857 = EDGE_CURVE ( 'NONE', #1566, #1923, #1290, .T. ) ;
#1858 = CARTESIAN_POINT ( 'NONE',  ( 17.89999999999999900, 18.30000000000000100, -5.700000000000002000 ) ) ;
#1859 = VECTOR ( 'NONE', #1417, 1000.000000000000000 ) ;
#1860 = CARTESIAN_POINT ( 'NONE',  ( 7.800000000000001600, 16.30000000000000100, -4.150000000000002100 ) ) ;
#1861 = FACE_OUTER_BOUND ( 'NONE', #4750, .T. ) ;
#1862 = ADVANCED_FACE ( 'NONE', ( #4780 ), #4435, .T. ) ;
#1863 = DIRECTION ( 'NONE',  ( 0.0000000000000000000, 0.0000000000000000000, 1.000000000000000000 ) ) ;
#1864 = EDGE_CURVE ( 'NONE', #5262, #755, #956, .T. ) ;
#1865 = DIRECTION ( 'NONE',  ( -1.000000000000000000, 0.0000000000000000000, 0.0000000000000000000 ) ) ;
#1866 = AXIS2_PLACEMENT_3D ( 'NONE', #1120, #3238, #3721 ) ;
#1867 = VERTEX_POINT ( 'NONE', #1298 ) ;
#1868 = DIRECTION ( 'NONE',  ( 1.000000000000000000, 0.0000000000000000000, 0.0000000000000000000 ) ) ;
#1869 = AXIS2_PLACEMENT_3D ( 'NONE', #3729, #4720, #564 ) ;
#1870 = DIRECTION ( 'NONE',  ( 1.000000000000000000, 0.0000000000000000000, -1.141265444721583800E-016 ) ) ;
#1871 = ORIENTED_EDGE ( 'NONE', *, *, #3663, .T. ) ;
#1872 = VECTOR ( 'NONE', #3131, 1000.000000000000000 ) ;
#1873 = VERTEX_POINT ( 'NONE', #6469 ) ;
#1874 = CARTESIAN_POINT ( 'NONE',  ( 21.39999999999999900, 15.79983162191123800, 2.599999999999997000 ) ) ;
#1875 = UNCERTAINTY_MEASURE_WITH_UNIT (LENGTH_MEASURE( 1.000000000000000100E-005 ), #2733, 'distance_accuracy_value', 'NONE');
#1876 = ORIENTED_EDGE ( 'NONE', *, *, #1584, .T. ) ;
#1877 = EDGE_CURVE ( 'NONE', #3177, #6327, #3926, .T. ) ;
#1878 = ADVANCED_FACE ( 'NONE', ( #3677 ), #1824, .F. ) ;
#1879 = CIRCLE ( 'NONE', #2205, 1.400000000000003200 ) ;
#1880 = AXIS2_PLACEMENT_3D ( 'NONE', #1525, #4174, #4632 ) ;
#1881 = ORIENTED_EDGE ( 'NONE', *, *, #2758, .F. ) ;
#1882 = CARTESIAN_POINT ( 'NONE',  ( 4.251471862576130100, 14.30000000000000200, -8.304163056034278500 ) ) ;
#1883 = CARTESIAN_POINT ( 'NONE',  ( -0.7171572875253815500, 13.80000000000000100, -12.00000000000000900 ) ) ;
#1884 = EDGE_LOOP ( 'NONE', ( #4465, #5506, #2754 ) ) ;
#1885 = CARTESIAN_POINT ( 'NONE',  ( -19.99999999999998900, 17.60000000000000100, -12.00000000000001200 ) ) ;
#1886 = ORIENTED_EDGE ( 'NONE', *, *, #3484, .T. ) ;
#1887 = DIRECTION ( 'NONE',  ( 0.0000000000000000000, 0.0000000000000000000, 1.000000000000000000 ) ) ;
#1888 = LINE ( 'NONE', #54, #4719 ) ;
#1889 = PLANE ( 'NONE',  #4972 ) ;
#1890 = DIRECTION ( 'NONE',  ( -0.0000000000000000000, 1.000000000000000000, -0.0000000000000000000 ) ) ;
#1891 = ORIENTED_EDGE ( 'NONE', *, *, #2347, .F. ) ;
#1892 = DIRECTION ( 'NONE',  ( 0.0000000000000000000, 0.0000000000000000000, 1.000000000000000000 ) ) ;
#1893 = DIRECTION ( 'NONE',  ( -0.0000000000000000000, -0.0000000000000000000, 1.000000000000000000 ) ) ;
#1894 = EDGE_CURVE ( 'NONE', #2641, #5264, #1122, .T. ) ;
#1895 = EDGE_CURVE ( 'NONE', #3239, #968, #193, .T. ) ;
#1896 = VERTEX_POINT ( 'NONE', #1340 ) ;
#1897 = ORIENTED_EDGE ( 'NONE', *, *, #1847, .F. ) ;
#1898 = FACE_OUTER_BOUND ( 'NONE', #5960, .T. ) ;
#1899 =( NAMED_UNIT ( * ) PLANE_ANGLE_UNIT ( ) SI_UNIT ( $, .RADIAN. ) );
#1900 = FILL_AREA_STYLE_COLOUR ( '', #741 ) ;
#1901 = DIRECTION ( 'NONE',  ( -1.000000000000000000, 0.0000000000000000000, 0.0000000000000000000 ) ) ;
#1902 = STYLED_ITEM ( 'NONE', ( #6800 ), #6419 ) ;
#1903 = PLANE ( 'NONE',  #4272 ) ;
#1904 = ORIENTED_EDGE ( 'NONE', *, *, #2020, .T. ) ;
#1905 = EDGE_CURVE ( 'NONE', #3580, #4185, #4956, .T. ) ;
#1906 = LINE ( 'NONE', #5101, #831 ) ;
#1907 = ORIENTED_EDGE ( 'NONE', *, *, #3493, .F. ) ;
#1908 = VECTOR ( 'NONE', #6116, 1000.000000000000000 ) ;
#1909 = CARTESIAN_POINT ( 'NONE',  ( 2.680936281055066400E-015, 2.000000000000000000, -17.00000000000000000 ) ) ;
#1910 = DIRECTION ( 'NONE',  ( 0.0000000000000000000, 1.000000000000000000, -0.0000000000000000000 ) ) ;
#1911 = VERTEX_POINT ( 'NONE', #213 ) ;
#1912 = DIRECTION ( 'NONE',  ( 1.000000000000000000, 0.0000000000000000000, 0.0000000000000000000 ) ) ;
#1913 = ORIENTED_EDGE ( 'NONE', *, *, #5608, .T. ) ;
#1914 = LINE ( 'NONE', #443, #1096 ) ;
#1915 = AXIS2_PLACEMENT_3D ( 'NONE', #4192, #6883, #3111 ) ;
#1916 = CARTESIAN_POINT ( 'NONE',  ( -20.00000000000000400, 14.30000000000000200, -1.000000000000000900 ) ) ;
#1917 = ORIENTED_EDGE ( 'NONE', *, *, #6880, .F. ) ;
#1918 = PLANE ( 'NONE',  #2085 ) ;
#1919 = ADVANCED_FACE ( 'NONE', ( #6434 ), #6536, .T. ) ;
#1920 = VERTEX_POINT ( 'NONE', #2371 ) ;
#1921 = VERTEX_POINT ( 'NONE', #3943 ) ;
#1922 = VECTOR ( 'NONE', #3136, 1000.000000000000000 ) ;
#1923 = VERTEX_POINT ( 'NONE', #6066 ) ;
#1924 = DIRECTION ( 'NONE',  ( 0.0000000000000000000, 0.0000000000000000000, 1.000000000000000000 ) ) ;
#1925 = AXIS2_PLACEMENT_3D ( 'NONE', #3294, #2753, #97 ) ;
#1926 = LINE ( 'NONE', #3112, #515 ) ;
#1927 = CARTESIAN_POINT ( 'NONE',  ( 17.30000000000000100, 17.69999999999999900, -1.700000000000002000 ) ) ;
#1928 = FACE_OUTER_BOUND ( 'NONE', #837, .T. ) ;
#1929 = LINE ( 'NONE', #5914, #3171 ) ;
#1930 = ORIENTED_EDGE ( 'NONE', *, *, #2168, .T. ) ;
#1931 = LINE ( 'NONE', #1385, #6027 ) ;
#1932 = DIRECTION ( 'NONE',  ( 0.0000000000000000000, -0.9063077870366494900, -0.4226182617407002200 ) ) ;
#1933 = CARTESIAN_POINT ( 'NONE',  ( -18.60000000000000900, 15.00000000000000200, -1.200000000000001100 ) ) ;
#1934 = AXIS2_PLACEMENT_3D ( 'NONE', #3421, #6620, #3438 ) ;
#1935 = CARTESIAN_POINT ( 'NONE',  ( 16.97023217036340600, 15.43090640997649900, 6.429767829636593200 ) ) ;
#1936 = CYLINDRICAL_SURFACE ( 'NONE', #491, 2.200000000000000600 ) ;
#1937 = EDGE_CURVE ( 'NONE', #929, #1588, #6766, .T. ) ;
#1938 = CIRCLE ( 'NONE', #5547, 0.2999999999999999300 ) ;
#1939 = DIRECTION ( 'NONE',  ( 1.000000000000000000, 0.0000000000000000000, 0.0000000000000000000 ) ) ;
#1940 = ORIENTED_EDGE ( 'NONE', *, *, #5196, .T. ) ;
#1941 = CYLINDRICAL_SURFACE ( 'NONE', #506, 1.250000000000000000 ) ;
#1942 = CARTESIAN_POINT ( 'NONE',  ( 17.30000000000000100, 17.69999999999999900, -1.700000000000002000 ) ) ;
#1943 = FILL_AREA_STYLE_COLOUR ( '', #3046 ) ;
#1944 = CARTESIAN_POINT ( 'NONE',  ( 17.30000000000000100, 14.90000000000000200, -5.700000000000002000 ) ) ;
#1945 = DIRECTION ( 'NONE',  ( 0.0000000000000000000, -0.0000000000000000000, -1.000000000000000000 ) ) ;
#1946 = LINE ( 'NONE', #2852, #1617 ) ;
#1947 = MECHANICAL_DESIGN_GEOMETRIC_PRESENTATION_REPRESENTATION (  '', ( #2661 ), #2300 ) ;
#1948 = EDGE_CURVE ( 'NONE', #2635, #3326, #1946, .T. ) ;
#1949 = EDGE_CURVE ( 'NONE', #5512, #4718, #5705, .T. ) ;
#1950 = DIRECTION ( 'NONE',  ( -1.224646799147353200E-016, 1.000000000000000000, 0.0000000000000000000 ) ) ;
#1951 = DIRECTION ( 'NONE',  ( -0.0000000000000000000, 1.000000000000000000, -0.0000000000000000000 ) ) ;
#1952 = ORIENTED_EDGE ( 'NONE', *, *, #6801, .T. ) ;
#1953 = CARTESIAN_POINT ( 'NONE',  ( 4.800000000000000700, 14.30000000000000200, 1.099999999999995400 ) ) ;
#1954 = FACE_OUTER_BOUND ( 'NONE', #2150, .T. ) ;
#1955 = EDGE_LOOP ( 'NONE', ( #765, #2842, #1487, #6813 ) ) ;
#1956 = CARTESIAN_POINT ( 'NONE',  ( -0.1999999999999953200, 0.0000000000000000000, -0.7000000000000008400 ) ) ;
#1957 = AXIS2_PLACEMENT_3D ( 'NONE', #1167, #1698, #3693 ) ;
#1958 = ORIENTED_EDGE ( 'NONE', *, *, #6128, .F. ) ;
#1959 = FILL_AREA_STYLE_COLOUR ( '', #692 ) ;
#1960 = CARTESIAN_POINT ( 'NONE',  ( 20.19999999999999600, 15.80000000000000100, 2.599999999999997000 ) ) ;
#1961 = VECTOR ( 'NONE', #5672, 1000.000000000000000 ) ;
#1962 = CARTESIAN_POINT ( 'NONE',  ( 19.99999999999999300, 17.60000000000000100, -4.625929269271484500E-015 ) ) ;
#1963 = ADVANCED_FACE ( 'NONE', ( #1443 ), #192, .F. ) ;
#1964 = DIRECTION ( 'NONE',  ( 0.0000000000000000000, -0.0000000000000000000, -1.000000000000000000 ) ) ;
#1965 = DIRECTION ( 'NONE',  ( 1.000000000000000000, 0.0000000000000000000, 0.0000000000000000000 ) ) ;
#1966 = CARTESIAN_POINT ( 'NONE',  ( 20.99999999999999600, 2.000000000000000000, -16.99999999999999600 ) ) ;
#1967 = ORIENTED_EDGE ( 'NONE', *, *, #1501, .T. ) ;
#1968 = VECTOR ( 'NONE', #3927, 1000.000000000000000 ) ;
#1969 = B_SPLINE_CURVE_WITH_KNOTS ( 'NONE', 3,
 ( #73, #6021, #6532, #2801, #2823 ),
 .UNSPECIFIED., .F., .F.,
 ( 4, 1, 4 ),
 ( 0.003586025163544137100, 0.003593180841678782700, 0.003600336519813428800 ),
 .UNSPECIFIED. ) ;
#1970 = EDGE_LOOP ( 'NONE', ( #4406, #2942, #6550, #6056, #3138, #418 ) ) ;
#1971 = AXIS2_PLACEMENT_3D ( 'NONE', #4133, #5230, #452 ) ;
#1972 = UNCERTAINTY_MEASURE_WITH_UNIT (LENGTH_MEASURE( 1.000000000000000100E-005 ), #522, 'distance_accuracy_value', 'NONE');
#1973 =( NAMED_UNIT ( * ) SI_UNIT ( $, .STERADIAN. ) SOLID_ANGLE_UNIT ( ) );
#1974 = ORIENTED_EDGE ( 'NONE', *, *, #5528, .T. ) ;
#1975 = DIRECTION ( 'NONE',  ( 0.0000000000000000000, 0.0000000000000000000, -1.000000000000000000 ) ) ;
#1976 = DIRECTION ( 'NONE',  ( 0.0000000000000000000, 0.0000000000000000000, 1.000000000000000000 ) ) ;
#1977 = CARTESIAN_POINT ( 'NONE',  ( 18.60000000000000100, 15.79983162191124200, 2.599999999999997000 ) ) ;
#1978 = FACE_OUTER_BOUND ( 'NONE', #6747, .T. ) ;
#1979 = DIRECTION ( 'NONE',  ( 0.0000000000000000000, 1.000000000000000000, 0.0000000000000000000 ) ) ;
#1980 = AXIS2_PLACEMENT_3D ( 'NONE', #1217, #5454, #3218 ) ;
#1981 = ORIENTED_EDGE ( 'NONE', *, *, #161, .T. ) ;
#1982 = CARTESIAN_POINT ( 'NONE',  ( 0.0000000000000000000, 0.0000000000000000000, -1.700000000000002000 ) ) ;
#1983 = FACE_OUTER_BOUND ( 'NONE', #214, .T. ) ;
#1984 = DIRECTION ( 'NONE',  ( 0.0000000000000000000, 1.000000000000000000, 0.0000000000000000000 ) ) ;
#1985 = DIRECTION ( 'NONE',  ( 2.312964634635743000E-016, 0.0000000000000000000, 1.000000000000000000 ) ) ;
#1986 =( NAMED_UNIT ( * ) SI_UNIT ( $, .STERADIAN. ) SOLID_ANGLE_UNIT ( ) );
#1987 = VERTEX_POINT ( 'NONE', #6584 ) ;
#1988 = LINE ( 'NONE', #138, #4542 ) ;
#1989 = ORIENTED_EDGE ( 'NONE', *, *, #3191, .T. ) ;
#1990 = VECTOR ( 'NONE', #1951, 1000.000000000000000 ) ;
#1991 = EDGE_CURVE ( 'NONE', #3471, #1588, #4175, .T. ) ;
#1992 = EDGE_CURVE ( 'NONE', #409, #1873, #2780, .T. ) ;
#1993 = VERTEX_POINT ( 'NONE', #2311 ) ;
#1994 = ORIENTED_EDGE ( 'NONE', *, *, #1551, .F. ) ;
#1995 = VECTOR ( 'NONE', #63, 1000.000000000000000 ) ;
#1996 = DIRECTION ( 'NONE',  ( 0.0000000000000000000, 0.0000000000000000000, -1.000000000000000000 ) ) ;
#1997 = DIRECTION ( 'NONE',  ( 0.0000000000000000000, 0.0000000000000000000, 1.000000000000000000 ) ) ;
#1998 = CARTESIAN_POINT ( 'NONE',  ( -9.799999999999998900, 12.09999999999999800, -3.550000000000001200 ) ) ;
#1999 = ADVANCED_FACE ( 'NONE', ( #5117 ), #6045, .F. ) ;
#2000 = CARTESIAN_POINT ( 'NONE',  ( 20.19999999999999600, 15.00000000000000200, 2.999999999999996900 ) ) ;
#2001 = EDGE_CURVE ( 'NONE', #2970, #1721, #2700, .T. ) ;
#2002 = ORIENTED_EDGE ( 'NONE', *, *, #3191, .F. ) ;
#2003 = ORIENTED_EDGE ( 'NONE', *, *, #4343, .F. ) ;
#2004 = DIRECTION ( 'NONE',  ( 1.000000000000000000, 0.0000000000000000000, 0.0000000000000000000 ) ) ;
#2005 = ORIENTED_EDGE ( 'NONE', *, *, #6141, .F. ) ;
#2006 = CYLINDRICAL_SURFACE ( 'NONE', #652, 0.2999999999999999300 ) ;
#2007 = CARTESIAN_POINT ( 'NONE',  ( 7.800000000000001600, 16.30000000000000100, -4.450000000000002000 ) ) ;
#2008 = DIRECTION ( 'NONE',  ( -0.0000000000000000000, -0.0000000000000000000, 1.000000000000000000 ) ) ;
#2009 = VERTEX_POINT ( 'NONE', #6126 ) ;
#2010 = ORIENTED_EDGE ( 'NONE', *, *, #5915, .T. ) ;
#2011 = ORIENTED_EDGE ( 'NONE', *, *, #2424, .F. ) ;
#2012 = VECTOR ( 'NONE', #549, 1000.000000000000000 ) ;
#2013 = AXIS2_PLACEMENT_3D ( 'NONE', #6784, #1984, #3504 ) ;
#2014 = DIRECTION ( 'NONE',  ( 1.000000000000000000, 0.0000000000000000000, 0.0000000000000000000 ) ) ;
#2015 = CARTESIAN_POINT ( 'NONE',  ( -23.00000000000000000, 14.79999999999999400, 14.80000000000001100 ) ) ;
#2016 = DIRECTION ( 'NONE',  ( 0.0000000000000000000, 1.000000000000000000, -0.0000000000000000000 ) ) ;
#2017 = EDGE_LOOP ( 'NONE', ( #6076, #838 ) ) ;
#2018 = CARTESIAN_POINT ( 'NONE',  ( 2.999999999999999100, 14.30000000000000200, 10.00000000000000200 ) ) ;
#2019 = COLOUR_RGB ( '',1.000000000000000000, 1.000000000000000000, 0.7529411764705882200 ) ;
#2020 = EDGE_CURVE ( 'NONE', #825, #4694, #4017, .T. ) ;
#2021 = CARTESIAN_POINT ( 'NONE',  ( -19.99999999999999600, 13.60000000000000300, 12.00000000000000700 ) ) ;
#2022 = AXIS2_PLACEMENT_3D ( 'NONE', #209, #5015, #6600 ) ;
#2023 = LINE ( 'NONE', #2374, #6349 ) ;
#2024 = LINE ( 'NONE', #6259, #3586 ) ;
#2025 = CARTESIAN_POINT ( 'NONE',  ( 6.277817459305204300, 13.80000000000000100, -6.277817459305204300 ) ) ;
#2026 = ORIENTED_EDGE ( 'NONE', *, *, #4199, .F. ) ;
#2027 = FACE_OUTER_BOUND ( 'NONE', #6201, .T. ) ;
#2028 = CARTESIAN_POINT ( 'NONE',  ( -8.199999999999999300, 17.30000000000000100, 1.250000000000000000 ) ) ;
#2029 = CYLINDRICAL_SURFACE ( 'NONE', #40, 0.2999999999999999300 ) ;
#2030 = CARTESIAN_POINT ( 'NONE',  ( -19.99999999999999600, 13.60000000000000300, 12.00000000000000700 ) ) ;
#2031 = AXIS2_PLACEMENT_3D ( 'NONE', #6499, #3383, #2291 ) ;
#2032 = EDGE_CURVE ( 'NONE', #4730, #2409, #3187, .T. ) ;
#2033 = ADVANCED_FACE ( 'NONE', ( #5371 ), #849, .T. ) ;
#2034 = VECTOR ( 'NONE', #6909, 1000.000000000000000 ) ;
#2035 = CARTESIAN_POINT ( 'NONE',  ( 5.700000000000002800, 32.18483977907960300, -0.7000000000000027300 ) ) ;
#2036 = DIRECTION ( 'NONE',  ( -2.507856691506899400E-016, 0.3420201433256727700, -0.9396926207859069800 ) ) ;
#2037 = DIRECTION ( 'NONE',  ( 0.0000000000000000000, 0.9063077870366494900, -0.4226182617407002200 ) ) ;
#2038 =( GEOMETRIC_REPRESENTATION_CONTEXT ( 3 ) GLOBAL_UNCERTAINTY_ASSIGNED_CONTEXT ( ( #2701 ) ) GLOBAL_UNIT_ASSIGNED_CONTEXT ( ( #6646, #3458, #1358 ) ) REPRESENTATION_CONTEXT ( 'NONE', 'WORKASPACE' ) );
#2039 = ORIENTED_EDGE ( 'NONE', *, *, #2796, .T. ) ;
#2040 = FACE_OUTER_BOUND ( 'NONE', #4882, .T. ) ;
#2041 = EDGE_CURVE ( 'NONE', #378, #5881, #6595, .T. ) ;
#2042 = DIRECTION ( 'NONE',  ( -0.0000000000000000000, 1.000000000000000000, -0.0000000000000000000 ) ) ;
#2043 = DIRECTION ( 'NONE',  ( 0.0000000000000000000, 0.0000000000000000000, -1.000000000000000000 ) ) ;
#2044 = VERTEX_POINT ( 'NONE', #1383 ) ;
#2045 = CYLINDRICAL_SURFACE ( 'NONE', #2498, 0.2999999999999999300 ) ;
#2046 = ORIENTED_EDGE ( 'NONE', *, *, #3892, .F. ) ;
#2047 = MECHANICAL_DESIGN_GEOMETRIC_PRESENTATION_REPRESENTATION (  '', ( #5265 ), #4302 ) ;
#2048 = DIRECTION ( 'NONE',  ( 0.0000000000000000000, 1.000000000000000000, -0.0000000000000000000 ) ) ;
#2049 = DIRECTION ( 'NONE',  ( -1.000000000000000000, 0.0000000000000000000, -0.0000000000000000000 ) ) ;
#2050 = PRODUCT_RELATED_PRODUCT_CATEGORY ( 'part', '', ( #2157 ) ) ;
#2051 = EDGE_LOOP ( 'NONE', ( #5225, #3419, #1230, #1904 ) ) ;
#2052 = DIRECTION ( 'NONE',  ( -0.0000000000000000000, -0.0000000000000000000, 1.000000000000000000 ) ) ;
#2053 = FACE_BOUND ( 'NONE', #5047, .T. ) ;
#2054 = ORIENTED_EDGE ( 'NONE', *, *, #3151, .F. ) ;
#2055 = LINE ( 'NONE', #1966, #4034 ) ;
#2056 = DIRECTION ( 'NONE',  ( -0.0000000000000000000, -1.000000000000000000, -0.0000000000000000000 ) ) ;
#2057 = PLANE ( 'NONE',  #2462 ) ;
#2058 = PLANE ( 'NONE',  #4577 ) ;
#2059 = ORIENTED_EDGE ( 'NONE', *, *, #3624, .F. ) ;
#2060 = CARTESIAN_POINT ( 'NONE',  ( 20.19999999999999900, 15.79983162191124500, 1.399999999999996800 ) ) ;
#2061 = DIRECTION ( 'NONE',  ( 0.0000000000000000000, -0.0000000000000000000, 1.000000000000000000 ) ) ;
#2062 = ORIENTED_EDGE ( 'NONE', *, *, #6789, .F. ) ;
#2063 = B_SPLINE_CURVE_WITH_KNOTS ( 'NONE', 3,
 ( #6802, #3538, #315, #361, #1456, #2485 ),
 .UNSPECIFIED., .F., .F.,
 ( 4, 2, 4 ),
 ( 0.006669247038319677000, 0.006869626649130382500, 0.007070006259941087100 ),
 .UNSPECIFIED. ) ;
#2064 = LINE ( 'NONE', #3999, #3129 ) ;
#2065 = AXIS2_PLACEMENT_3D ( 'NONE', #1821, #708, #690 ) ;
#2066 = CYLINDRICAL_SURFACE ( 'NONE', #4211, 2.000000000000003100 ) ;
#2067 = ORIENTED_EDGE ( 'NONE', *, *, #5702, .F. ) ;
#2068 = CARTESIAN_POINT ( 'NONE',  ( 22.69999999999999900, 12.09999999999999800, -14.70000000000000100 ) ) ;
#2069 = DIRECTION ( 'NONE',  ( -0.0000000000000000000, 1.000000000000000000, -0.0000000000000000000 ) ) ;
#2070 = CARTESIAN_POINT ( 'NONE',  ( -0.1999999999999987900, 17.60000000000000100, -0.7000000000000009500 ) ) ;
#2071 = ADVANCED_FACE ( 'NONE', ( #1785 ), #352, .T. ) ;
#2072 = DIRECTION ( 'NONE',  ( -1.000000000000000000, 0.0000000000000000000, 0.0000000000000000000 ) ) ;
#2073 = ORIENTED_EDGE ( 'NONE', *, *, #1114, .F. ) ;
#2074 = ORIENTED_EDGE ( 'NONE', *, *, #842, .T. ) ;
#2075 = VECTOR ( 'NONE', #436, 1000.000000000000000 ) ;
#2076 = STYLED_ITEM ( 'NONE', ( #6745 ), #3863 ) ;
#2077 = EDGE_CURVE ( 'NONE', #3412, #5206, #5197, .T. ) ;
#2078 =( NAMED_UNIT ( * ) SI_UNIT ( $, .STERADIAN. ) SOLID_ANGLE_UNIT ( ) );
#2079 = ORIENTED_EDGE ( 'NONE', *, *, #4030, .T. ) ;
#2080 = FACE_OUTER_BOUND ( 'NONE', #6881, .T. ) ;
#2081 = ORIENTED_EDGE ( 'NONE', *, *, #23, .T. ) ;
#2082 = CARTESIAN_POINT ( 'NONE',  ( -19.99999999999999300, 14.60000000000000100, -3.601077025535003100 ) ) ;
#2083 = CARTESIAN_POINT ( 'NONE',  ( -1.213407612729890800E-015, 14.30000000000000200, -13.50000000000000000 ) ) ;
#2084 =( NAMED_UNIT ( * ) SI_UNIT ( $, .STERADIAN. ) SOLID_ANGLE_UNIT ( ) );
#2085 = AXIS2_PLACEMENT_3D ( 'NONE', #1497, #2528, #3599 ) ;
#2086 = CARTESIAN_POINT ( 'NONE',  ( -21.38803049360437900, 15.80000000000000400, -0.8000000000000009300 ) ) ;
#2087 = EDGE_LOOP ( 'NONE', ( #128, #1685, #2834, #3409 ) ) ;
#2088 = EDGE_CURVE ( 'NONE', #4110, #4374, #5870, .T. ) ;
#2089 = EDGE_CURVE ( 'NONE', #968, #3239, #2619, .T. ) ;
#2090 = ORIENTED_EDGE ( 'NONE', *, *, #4655, .F. ) ;
#2091 = CARTESIAN_POINT ( 'NONE',  ( 3.827207793864204200, 13.80000000000000100, -7.879898987322351700 ) ) ;
#2092 = ORIENTED_EDGE ( 'NONE', *, *, #6644, .T. ) ;
#2093 = CARTESIAN_POINT ( 'NONE',  ( 9.100000000000001400, 16.30000000000000100, -4.150000000000002100 ) ) ;
#2094 = ORIENTED_EDGE ( 'NONE', *, *, #3494, .T. ) ;
#2095 = CARTESIAN_POINT ( 'NONE',  ( 16.10000000000000100, 16.30000000000000100, -4.150000000000002100 ) ) ;
#2096 = ORIENTED_EDGE ( 'NONE', *, *, #1727, .T. ) ;
#2097 = CARTESIAN_POINT ( 'NONE',  ( 19.79999999999999400, 15.00000000000000200, 2.599999999999997000 ) ) ;
#2098 = DIRECTION ( 'NONE',  ( -0.7071067811865474600, 0.0000000000000000000, -0.7071067811865474600 ) ) ;
#2099 = EDGE_CURVE ( 'NONE', #2167, #290, #2277, .T. ) ;
#2100 = AXIS2_PLACEMENT_3D ( 'NONE', #4958, #2874, #1828 ) ;
#2101 = ADVANCED_FACE ( 'NONE', ( #3764 ), #6175, .T. ) ;
#2102 = EDGE_LOOP ( 'NONE', ( #5184, #47, #5483, #3731 ) ) ;
#2103 = ORIENTED_EDGE ( 'NONE', *, *, #4253, .T. ) ;
#2104 = FACE_OUTER_BOUND ( 'NONE', #3798, .T. ) ;
#2105 = UNCERTAINTY_MEASURE_WITH_UNIT (LENGTH_MEASURE( 1.000000000000000100E-005 ), #921, 'distance_accuracy_value', 'NONE');
#2106 = CARTESIAN_POINT ( 'NONE',  ( -22.69999999999999900, 12.10000000000000000, -15.00000000000000200 ) ) ;
#2107 = CARTESIAN_POINT ( 'NONE',  ( -8.199999999999999300, 17.30000000000000100, -1.250000000000000000 ) ) ;
#2108 = FACE_OUTER_BOUND ( 'NONE', #106, .T. ) ;
#2109 = LINE ( 'NONE', #2966, #773 ) ;
#2110 = ADVANCED_FACE ( 'NONE', ( #19 ), #5175, .T. ) ;
#2111 = AXIS2_PLACEMENT_3D ( 'NONE', #3425, #5038, #5536 ) ;
#2112 = VECTOR ( 'NONE', #2971, 1000.000000000000000 ) ;
#2113 = CARTESIAN_POINT ( 'NONE',  ( -20.00000000000000400, 15.80000000000000100, -1.000000000000000900 ) ) ;
#2114 = CARTESIAN_POINT ( 'NONE',  ( -1.300000000000014700, 14.30000000000000200, -1.503427012513251900E-015 ) ) ;
#2115 = CARTESIAN_POINT ( 'NONE',  ( 18.60000000000000100, 15.00000000000000200, 2.999999999999996900 ) ) ;
#2116 = CIRCLE ( 'NONE', #3245, 4.191121078242247200 ) ;
#2117 = LINE ( 'NONE', #6549, #1210 ) ;
#2118 = ORIENTED_EDGE ( 'NONE', *, *, #3183, .T. ) ;
#2119 = VECTOR ( 'NONE', #3341, 1000.000000000000000 ) ;
#2120 = CARTESIAN_POINT ( 'NONE',  ( -19.80000000000000800, 15.00000000000000200, -2.400000000000001200 ) ) ;
#2121 = FILL_AREA_STYLE ('',( #6384 ) ) ;
#2122 = COLOUR_RGB ( '',1.000000000000000000, 0.8117647058823529400, 0.5019607843137254800 ) ;
#2123 = SPHERICAL_SURFACE ( 'NONE', #5683, 0.2999999999999999900 ) ;
#2124 = VERTEX_POINT ( 'NONE', #3992 ) ;
#2125 = CARTESIAN_POINT ( 'NONE',  ( -0.7171572875253815500, 13.80000000000000100, -12.00000000000000900 ) ) ;
#2126 = CARTESIAN_POINT ( 'NONE',  ( 20.00000000000000400, 14.60000000000000100, 4.800000000000000700 ) ) ;
#2127 = DIRECTION ( 'NONE',  ( 0.0000000000000000000, 0.0000000000000000000, 1.000000000000000000 ) ) ;
#2128 = COLOUR_RGB ( '',1.000000000000000000, 0.8117647058823529400, 0.5019607843137254800 ) ;
#2129 = VERTEX_POINT ( 'NONE', #1446 ) ;
#2130 = EDGE_CURVE ( 'NONE', #2632, #1586, #2530, .T. ) ;
#2131 = EDGE_CURVE ( 'NONE', #5422, #720, #866, .T. ) ;
#2132 = CARTESIAN_POINT ( 'NONE',  ( 20.00000000000000400, 15.80000000000000100, 1.399999999999996800 ) ) ;
#2133 =( NAMED_UNIT ( * ) PLANE_ANGLE_UNIT ( ) SI_UNIT ( $, .RADIAN. ) );
#2134 = ORIENTED_EDGE ( 'NONE', *, *, #6721, .F. ) ;
#2135 = DIRECTION ( 'NONE',  ( 1.000000000000000000, 0.0000000000000000000, 0.0000000000000000000 ) ) ;
#2136 = VECTOR ( 'NONE', #323, 1000.000000000000000 ) ;
#2137 = EDGE_CURVE ( 'NONE', #805, #6458, #4087, .T. ) ;
#2138 = EDGE_LOOP ( 'NONE', ( #4570, #4670, #4539 ) ) ;
#2139 = CARTESIAN_POINT ( 'NONE',  ( 2.999999999999999100, 17.30000000000000100, 9.000000000000001800 ) ) ;
#2140 = VECTOR ( 'NONE', #1624, 1000.000000000000000 ) ;
#2141 = DIRECTION ( 'NONE',  ( 1.000000000000000000, -0.0000000000000000000, -0.0000000000000000000 ) ) ;
#2142 = EDGE_LOOP ( 'NONE', ( #4722, #5126, #6250, #1557 ) ) ;
#2143 = ADVANCED_FACE ( 'NONE', ( #1044 ), #2029, .T. ) ;
#2144 = FILL_AREA_STYLE_COLOUR ( '', #1039 ) ;
#2145 = ORIENTED_EDGE ( 'NONE', *, *, #3979, .F. ) ;
#2146 = LINE ( 'NONE', #4339, #6381 ) ;
#2147 = DIRECTION ( 'NONE',  ( 0.0000000000000000000, 1.000000000000000000, 0.0000000000000000000 ) ) ;
#2148 = AXIS2_PLACEMENT_3D ( 'NONE', #6216, #5172, #415 ) ;
#2149 =( LENGTH_UNIT ( ) NAMED_UNIT ( * ) SI_UNIT ( .MILLI., .METRE. ) );
#2150 = EDGE_LOOP ( 'NONE', ( #5005, #171, #6604 ) ) ;
#2151 = CARTESIAN_POINT ( 'NONE',  ( 20.19999999999999900, 15.79983162191124500, 1.399999999999996800 ) ) ;
#2152 = DIRECTION ( 'NONE',  ( 0.0000000000000000000, 1.000000000000000000, 0.0000000000000000000 ) ) ;
#2153 = FACE_OUTER_BOUND ( 'NONE', #4063, .T. ) ;
#2154 = CARTESIAN_POINT ( 'NONE',  ( -20.16667228179724700, 15.79994330673438800, 0.3999999999999990200 ) ) ;
#2155 = DIRECTION ( 'NONE',  ( -0.0000000000000000000, -1.000000000000000000, -0.0000000000000000000 ) ) ;
#2156 = SURFACE_STYLE_FILL_AREA ( #5629 ) ;
#2157 = PRODUCT ( 'GP2Y1010AU0F', 'GP2Y1010AU0F', '', ( #1591 ) ) ;
#2158 = EDGE_CURVE ( 'NONE', #237, #2456, #1938, .T. ) ;
#2159 = AXIS2_PLACEMENT_3D ( 'NONE', #5457, #6521, #4419 ) ;
#2160 = ORIENTED_EDGE ( 'NONE', *, *, #2863, .F. ) ;
#2161 = VERTEX_POINT ( 'NONE', #2107 ) ;
#2162 = SURFACE_STYLE_FILL_AREA ( #4048 ) ;
#2163 = CARTESIAN_POINT ( 'NONE',  ( 9.890967187587007500E-017, 14.60000000000000100, 0.7999999999999962700 ) ) ;
#2164 =( NAMED_UNIT ( * ) PLANE_ANGLE_UNIT ( ) SI_UNIT ( $, .RADIAN. ) );
#2165 = ORIENTED_EDGE ( 'NONE', *, *, #5354, .F. ) ;
#2166 = STYLED_ITEM ( 'NONE', ( #6814 ), #4205 ) ;
#2167 = VERTEX_POINT ( 'NONE', #4101 ) ;
#2168 = EDGE_CURVE ( 'NONE', #4165, #5881, #187, .T. ) ;
#2169 = VERTEX_POINT ( 'NONE', #6266 ) ;
#2170 = ORIENTED_EDGE ( 'NONE', *, *, #6231, .F. ) ;
#2171 = VERTEX_POINT ( 'NONE', #4124 ) ;
#2172 = ADVANCED_FACE ( 'NONE', ( #2439 ), #1703, .F. ) ;
#2173 = CARTESIAN_POINT ( 'NONE',  ( 20.30000000000000400, 14.30000000000000200, -6.800000000000004300 ) ) ;
#2174 = FILL_AREA_STYLE ('',( #3710 ) ) ;
#2175 = AXIS2_PLACEMENT_3D ( 'NONE', #6390, #4118, #4818 ) ;
#2176 = DIRECTION ( 'NONE',  ( -0.0000000000000000000, -1.000000000000000000, -0.0000000000000000000 ) ) ;
#2177 = EDGE_CURVE ( 'NONE', #2752, #3052, #531, .T. ) ;
#2178 = ORIENTED_EDGE ( 'NONE', *, *, #5442, .F. ) ;
#2179 = ORIENTED_EDGE ( 'NONE', *, *, #3410, .F. ) ;
#2180 = VERTEX_POINT ( 'NONE', #6900 ) ;
#2181 = VECTOR ( 'NONE', #1492, 1000.000000000000000 ) ;
#2182 = CARTESIAN_POINT ( 'NONE',  ( -20.20000000000000600, 15.00000000000000200, -2.400000000000001200 ) ) ;
#2183 = DIRECTION ( 'NONE',  ( 0.0000000000000000000, 1.000000000000000000, 0.0000000000000000000 ) ) ;
#2184 = ORIENTED_EDGE ( 'NONE', *, *, #241, .F. ) ;
#2185 = CARTESIAN_POINT ( 'NONE',  ( 20.00000000000000400, 15.80000000000000100, 2.799999999999997200 ) ) ;
#2186 = DIRECTION ( 'NONE',  ( 1.000000000000000000, 0.0000000000000000000, 0.0000000000000000000 ) ) ;
#2187 = UNCERTAINTY_MEASURE_WITH_UNIT (LENGTH_MEASURE( 1.000000000000000100E-005 ), #762, 'distance_accuracy_value', 'NONE');
#2188 = VECTOR ( 'NONE', #4974, 1000.000000000000000 ) ;
#2189 = VECTOR ( 'NONE', #3957, 1000.000000000000000 ) ;
#2190 = ORIENTED_EDGE ( 'NONE', *, *, #3839, .F. ) ;
#2191 = DIRECTION ( 'NONE',  ( -0.0000000000000000000, 1.000000000000000000, -0.0000000000000000000 ) ) ;
#2192 = CARTESIAN_POINT ( 'NONE',  ( -13.65000000000000000, 17.60000000000000100, -4.450000000000001100 ) ) ;
#2193 = FILL_AREA_STYLE_COLOUR ( '', #255 ) ;
#2194 = SURFACE_STYLE_USAGE ( .BOTH. , #5882 ) ;
#2195 = CARTESIAN_POINT ( 'NONE',  ( 2.999999999999999100, 17.30000000000000100, 11.20000000000000100 ) ) ;
#2196 = LINE ( 'NONE', #4129, #3104 ) ;
#2197 = SURFACE_STYLE_FILL_AREA ( #1187 ) ;
#2198 = PRESENTATION_LAYER_ASSIGNMENT (  '', '', ( #3481 ) ) ;
#2199 = DIRECTION ( 'NONE',  ( 0.0000000000000000000, 1.000000000000000000, -0.0000000000000000000 ) ) ;
#2200 = ADVANCED_FACE ( 'NONE', ( #4010 ), #6787, .T. ) ;
#2201 = EDGE_CURVE ( 'NONE', #1667, #2547, #780, .T. ) ;
#2202 = ORIENTED_EDGE ( 'NONE', *, *, #4949, .F. ) ;
#2203 = DIRECTION ( 'NONE',  ( 0.0000000000000000000, 0.0000000000000000000, 1.000000000000000000 ) ) ;
#2204 = CARTESIAN_POINT ( 'NONE',  ( -8.199999999999999300, 17.30000000000000100, 0.0000000000000000000 ) ) ;
#2205 = AXIS2_PLACEMENT_3D ( 'NONE', #6339, #3712, #5883 ) ;
#2206 = ORIENTED_EDGE ( 'NONE', *, *, #3563, .T. ) ;
#2207 = FACE_BOUND ( 'NONE', #395, .T. ) ;
#2208 = EDGE_CURVE ( 'NONE', #3725, #3177, #5228, .T. ) ;
#2209 = EDGE_CURVE ( 'NONE', #4273, #5432, #4421, .T. ) ;
#2210 = ORIENTED_EDGE ( 'NONE', *, *, #3400, .T. ) ;
#2211 = CARTESIAN_POINT ( 'NONE',  ( 16.50000000000000400, 17.60000000000000100, 0.0000000000000000000 ) ) ;
#2212 = CARTESIAN_POINT ( 'NONE',  ( 12.60000000000000100, 16.30000000000000100, -1.700000000000002000 ) ) ;
#2213 = ORIENTED_EDGE ( 'NONE', *, *, #4023, .F. ) ;
#2214 = VECTOR ( 'NONE', #6490, 1000.000000000000000 ) ;
#2215 = ORIENTED_EDGE ( 'NONE', *, *, #455, .F. ) ;
#2216 = EDGE_CURVE ( 'NONE', #6729, #4227, #954, .T. ) ;
#2217 = ORIENTED_EDGE ( 'NONE', *, *, #795, .T. ) ;
#2218 = AXIS2_PLACEMENT_3D ( 'NONE', #4883, #1625, #4909 ) ;
#2219 = DIRECTION ( 'NONE',  ( -1.000000000000000000, 0.0000000000000000000, -0.0000000000000000000 ) ) ;
#2220 = VERTEX_POINT ( 'NONE', #3732 ) ;
#2221 = LINE ( 'NONE', #5088, #4038 ) ;
#2222 = CARTESIAN_POINT ( 'NONE',  ( 20.00000000000000400, 15.80000000000000100, 2.799999999999997200 ) ) ;
#2223 = ORIENTED_EDGE ( 'NONE', *, *, #3436, .T. ) ;
#2224 = CARTESIAN_POINT ( 'NONE',  ( -20.20000000000000600, 15.80000000000000100, 0.3999999999999990800 ) ) ;
#2225 = AXIS2_PLACEMENT_3D ( 'NONE', #6217, #2519, #6242 ) ;
#2226 = DIRECTION ( 'NONE',  ( -0.0000000000000000000, 1.000000000000000000, -0.0000000000000000000 ) ) ;
#2227 = ORIENTED_EDGE ( 'NONE', *, *, #6855, .F. ) ;
#2228 = VECTOR ( 'NONE', #1794, 1000.000000000000000 ) ;
#2229 = EDGE_LOOP ( 'NONE', ( #3476, #974, #5733, #2379 ) ) ;
#2230 = SPHERICAL_SURFACE ( 'NONE', #611, 20.50000000000001400 ) ;
#2231 = ADVANCED_FACE ( 'NONE', ( #3018 ), #6879, .T. ) ;
#2232 = CARTESIAN_POINT ( 'NONE',  ( 5.500000000000005300, 17.60000000000000100, -5.500000000000031100 ) ) ;
#2233 = CARTESIAN_POINT ( 'NONE',  ( -19.99999999999999600, 14.30000000000000200, 12.00000000000000700 ) ) ;
#2234 = DIRECTION ( 'NONE',  ( 0.0000000000000000000, 0.0000000000000000000, -1.000000000000000000 ) ) ;
#2235 = CARTESIAN_POINT ( 'NONE',  ( 1.360007988293215400E-016, 14.60000000000000100, 1.099999999999996100 ) ) ;
#2236 = DIRECTION ( 'NONE',  ( -1.000000000000000000, 0.0000000000000000000, 2.312964634635743000E-016 ) ) ;
#2237 = VERTEX_POINT ( 'NONE', #4849 ) ;
#2238 = FACE_OUTER_BOUND ( 'NONE', #3365, .T. ) ;
#2239 = ORIENTED_EDGE ( 'NONE', *, *, #926, .F. ) ;
#2240 = LINE ( 'NONE', #1374, #2985 ) ;
#2241 = EDGE_CURVE ( 'NONE', #2947, #5422, #861, .T. ) ;
#2242 = AXIS2_PLACEMENT_3D ( 'NONE', #4933, #28, #1646 ) ;
#2243 = PLANE ( 'NONE',  #1130 ) ;
#2244 = DIRECTION ( 'NONE',  ( -1.000000000000000000, -0.0000000000000000000, -0.0000000000000000000 ) ) ;
#2245 = CARTESIAN_POINT ( 'NONE',  ( 4.251471862576130100, 13.80000000000000100, -8.304163056034278500 ) ) ;
#2246 = ORIENTED_EDGE ( 'NONE', *, *, #6193, .F. ) ;
#2247 = DIRECTION ( 'NONE',  ( 0.0000000000000000000, 1.000000000000000000, -0.0000000000000000000 ) ) ;
#2248 = ORIENTED_EDGE ( 'NONE', *, *, #480, .F. ) ;
#2249 = AXIS2_PLACEMENT_3D ( 'NONE', #4984, #3391, #5074 ) ;
#2250 = ORIENTED_EDGE ( 'NONE', *, *, #2001, .T. ) ;
#2251 = ORIENTED_EDGE ( 'NONE', *, *, #4705, .F. ) ;
#2252 = EDGE_CURVE ( 'NONE', #6252, #1987, #6351, .T. ) ;
#2253 = EDGE_CURVE ( 'NONE', #2044, #4858, #6278, .T. ) ;
#2254 = ORIENTED_EDGE ( 'NONE', *, *, #5791, .T. ) ;
#2255 = DIRECTION ( 'NONE',  ( -1.000000000000000000, 0.0000000000000000000, 0.0000000000000000000 ) ) ;
#2256 = CARTESIAN_POINT ( 'NONE',  ( -23.00000000000000000, 14.60000000000000100, 1.601077025535004000 ) ) ;
#2257 = VERTEX_POINT ( 'NONE', #3681 ) ;
#2258 = LINE ( 'NONE', #4827, #343 ) ;
#2259 = CARTESIAN_POINT ( 'NONE',  ( 12.60000000000000100, 16.30000000000000100, -4.450000000000002000 ) ) ;
#2260 = EDGE_CURVE ( 'NONE', #1923, #278, #4250, .T. ) ;
#2261 = VECTOR ( 'NONE', #4874, 1000.000000000000000 ) ;
#2262 = FACE_OUTER_BOUND ( 'NONE', #5357, .T. ) ;
#2263 = EDGE_LOOP ( 'NONE', ( #3951, #4651, #5075, #591, #923 ) ) ;
#2264 = VECTOR ( 'NONE', #6430, 1000.000000000000000 ) ;
#2265 = UNCERTAINTY_MEASURE_WITH_UNIT (LENGTH_MEASURE( 1.000000000000000100E-005 ), #2713, 'distance_accuracy_value', 'NONE');
#2266 = SURFACE_SIDE_STYLE ('',( #8 ) ) ;
#2267 = CARTESIAN_POINT ( 'NONE',  ( 19.79999999999999400, 15.00000000000000200, 2.999999999999996400 ) ) ;
#2268 = DIRECTION ( 'NONE',  ( 1.000000000000000000, -0.0000000000000000000, -2.891205793294682300E-016 ) ) ;
#2269 = ADVANCED_FACE ( 'NONE', ( #1861 ), #5897, .F. ) ;
#2270 = VECTOR ( 'NONE', #3628, 1000.000000000000000 ) ;
#2271 = FACE_OUTER_BOUND ( 'NONE', #1267, .T. ) ;
#2272 = DIRECTION ( 'NONE',  ( -0.0000000000000000000, -1.000000000000000000, -0.0000000000000000000 ) ) ;
#2273 = ORIENTED_EDGE ( 'NONE', *, *, #4375, .F. ) ;
#2274 = DIRECTION ( 'NONE',  ( 1.000000000000000000, -0.0000000000000000000, -0.0000000000000000000 ) ) ;
#2275 = VERTEX_POINT ( 'NONE', #67 ) ;
#2276 = DIRECTION ( 'NONE',  ( -0.3236155771181880000, 0.8891264907159858200, 0.3236155771181880600 ) ) ;
#2277 = LINE ( 'NONE', #3506, #5285 ) ;
#2278 = DIRECTION ( 'NONE',  ( -0.0000000000000000000, 0.0000000000000000000, 1.000000000000000000 ) ) ;
#2279 = PLANE ( 'NONE',  #1522 ) ;
#2280 = CARTESIAN_POINT ( 'NONE',  ( 5.700000000000002000, 14.30000000000000200, -5.700000000000002000 ) ) ;
#2281 = ORIENTED_EDGE ( 'NONE', *, *, #414, .T. ) ;
#2282 = CARTESIAN_POINT ( 'NONE',  ( 23.00000000000000000, 12.09999999999999800, -15.00000000000000200 ) ) ;
#2283 = LINE ( 'NONE', #5886, #274 ) ;
#2284 = VERTEX_POINT ( 'NONE', #5439 ) ;
#2285 =( NAMED_UNIT ( * ) SI_UNIT ( $, .STERADIAN. ) SOLID_ANGLE_UNIT ( ) );
#2286 = VERTEX_POINT ( 'NONE', #568 ) ;
#2287 = DIRECTION ( 'NONE',  ( -5.782411586589356500E-015, 0.0000000000000000000, 1.000000000000000000 ) ) ;
#2288 = CARTESIAN_POINT ( 'NONE',  ( 20.19999999999999600, 15.00000000000000200, 2.999999999999996900 ) ) ;
#2289 = FACE_BOUND ( 'NONE', #4834, .T. ) ;
#2290 = AXIS2_PLACEMENT_3D ( 'NONE', #994, #5199, #1485 ) ;
#2291 = DIRECTION ( 'NONE',  ( 0.0000000000000000000, 0.0000000000000000000, -1.000000000000000000 ) ) ;
#2292 = VERTEX_POINT ( 'NONE', #5965 ) ;
#2293 = CARTESIAN_POINT ( 'NONE',  ( 23.00000000000000700, 12.09999999999999800, 15.00000000000000200 ) ) ;
#2294 = EDGE_CURVE ( 'NONE', #2994, #5089, #5615, .T. ) ;
#2295 = ORIENTED_EDGE ( 'NONE', *, *, #6283, .T. ) ;
#2296 = VERTEX_POINT ( 'NONE', #3350 ) ;
#2297 = FILL_AREA_STYLE_COLOUR ( '', #5411 ) ;
#2298 = PLANE ( 'NONE',  #4747 ) ;
#2299 = DIRECTION ( 'NONE',  ( 0.0000000000000000000, 0.0000000000000000000, 1.000000000000000000 ) ) ;
#2300 =( GEOMETRIC_REPRESENTATION_CONTEXT ( 3 ) GLOBAL_UNCERTAINTY_ASSIGNED_CONTEXT ( ( #3196 ) ) GLOBAL_UNIT_ASSIGNED_CONTEXT ( ( #613, #2678, #1607 ) ) REPRESENTATION_CONTEXT ( 'NONE', 'WORKASPACE' ) );
#2301 = CARTESIAN_POINT ( 'NONE',  ( 2.999999999999999100, 17.60000000000000100, 11.20000000000000100 ) ) ;
#2302 = EDGE_CURVE ( 'NONE', #6005, #6410, #1528, .T. ) ;
#2303 = EDGE_LOOP ( 'NONE', ( #6488, #4590, #4470, #6890 ) ) ;
#2304 = EDGE_CURVE ( 'NONE', #290, #5805, #2935, .T. ) ;
#2305 = ADVANCED_FACE ( 'NONE', ( #2271 ), #4354, .F. ) ;
#2306 = LINE ( 'NONE', #1710, #6459 ) ;
#2307 = VECTOR ( 'NONE', #783, 1000.000000000000000 ) ;
#2308 = DIRECTION ( 'NONE',  ( 1.000000000000000000, 0.0000000000000000000, -2.668805347656626700E-016 ) ) ;
#2309 = VERTEX_POINT ( 'NONE', #6484 ) ;
#2310 = ORIENTED_EDGE ( 'NONE', *, *, #1411, .T. ) ;
#2311 = CARTESIAN_POINT ( 'NONE',  ( 23.00000000000000000, 14.60000000000000100, -15.00000000000000200 ) ) ;
#2312 = STYLED_ITEM ( 'NONE', ( #3843 ), #133 ) ;
#2313 = VECTOR ( 'NONE', #1924, 1000.000000000000000 ) ;
#2314 = LINE ( 'NONE', #1194, #4907 ) ;
#2315 = CARTESIAN_POINT ( 'NONE',  ( -0.7999999999999953800, 14.30000000000000200, 1.076506368614988700E-016 ) ) ;
#2316 = CARTESIAN_POINT ( 'NONE',  ( 17.89999999999999900, 14.30000000000000200, -5.700000000000002000 ) ) ;
#2317 = CARTESIAN_POINT ( 'NONE',  ( -23.00000000000000000, 0.0000000000000000000, -15.00000000000000200 ) ) ;
#2318 = CARTESIAN_POINT ( 'NONE',  ( 21.39999999999999900, 15.79983162191122800, 2.999999999999996900 ) ) ;
#2319 = VERTEX_POINT ( 'NONE', #2256 ) ;
#2320 = VECTOR ( 'NONE', #745, 1000.000000000000000 ) ;
#2321 = EDGE_LOOP ( 'NONE', ( #6391, #6238, #5361, #5813 ) ) ;
#2322 = FACE_OUTER_BOUND ( 'NONE', #1439, .T. ) ;
#2323 = CARTESIAN_POINT ( 'NONE',  ( 8.100000000000001400, 16.30000000000000100, -1.700000000000002000 ) ) ;
#2324 = DIRECTION ( 'NONE',  ( 0.0000000000000000000, 0.0000000000000000000, -1.000000000000000000 ) ) ;
#2325 = AXIS2_PLACEMENT_3D ( 'NONE', #429, #2621, #3691 ) ;
#2326 = ORIENTED_EDGE ( 'NONE', *, *, #4069, .F. ) ;
#2327 = ORIENTED_EDGE ( 'NONE', *, *, #3089, .F. ) ;
#2328 = CARTESIAN_POINT ( 'NONE',  ( 20.00000000000000400, 15.80000000000000100, 2.799999999999997200 ) ) ;
#2329 = DIRECTION ( 'NONE',  ( 0.0000000000000000000, 0.0000000000000000000, 1.000000000000000000 ) ) ;
#2330 = DIRECTION ( 'NONE',  ( 0.0000000000000000000, 0.0000000000000000000, -1.000000000000000000 ) ) ;
#2331 = VERTEX_POINT ( 'NONE', #2301 ) ;
#2332 = ORIENTED_EDGE ( 'NONE', *, *, #4950, .F. ) ;
#2333 = AXIS2_PLACEMENT_3D ( 'NONE', #2448, #827, #4059 ) ;
#2334 = DIRECTION ( 'NONE',  ( 0.0000000000000000000, -0.0000000000000000000, 1.000000000000000000 ) ) ;
#2335 = ORIENTED_EDGE ( 'NONE', *, *, #3611, .T. ) ;
#2336 = DIRECTION ( 'NONE',  ( -2.891205793294678600E-015, 0.0000000000000000000, -1.000000000000000000 ) ) ;
#2337 = DIRECTION ( 'NONE',  ( 0.0000000000000000000, -0.0000000000000000000, 1.000000000000000000 ) ) ;
#2338 = ORIENTED_EDGE ( 'NONE', *, *, #1239, .F. ) ;
#2339 = DIRECTION ( 'NONE',  ( -0.0000000000000000000, -1.000000000000000000, -0.0000000000000000000 ) ) ;
#2340 = ADVANCED_FACE ( 'NONE', ( #3356 ), #3897, .F. ) ;
#2341 = EDGE_LOOP ( 'NONE', ( #3880, #5999, #1076, #5296, #6187 ) ) ;
#2342 = CARTESIAN_POINT ( 'NONE',  ( 21.38564064605510900, 15.80000000000000100, 2.999999999999996900 ) ) ;
#2343 = ORIENTED_EDGE ( 'NONE', *, *, #6764, .T. ) ;
#2344 = LINE ( 'NONE', #2980, #5353 ) ;
#2345 = EDGE_CURVE ( 'NONE', #5137, #6215, #5185, .T. ) ;
#2346 = ORIENTED_EDGE ( 'NONE', *, *, #5287, .T. ) ;
#2347 = EDGE_CURVE ( 'NONE', #141, #644, #2117, .T. ) ;
#2348 = SURFACE_STYLE_USAGE ( .BOTH. , #840 ) ;
#2349 = SURFACE_STYLE_USAGE ( .BOTH. , #5548 ) ;
#2350 = ORIENTED_EDGE ( 'NONE', *, *, #6350, .T. ) ;
#2351 = FACE_OUTER_BOUND ( 'NONE', #5724, .T. ) ;
#2352 = VECTOR ( 'NONE', #5833, 1000.000000000000000 ) ;
#2353 = CARTESIAN_POINT ( 'NONE',  ( 0.1000000000000023800, 14.05000000000000200, 3.893042978238036800E-018 ) ) ;
#2354 = ORIENTED_EDGE ( 'NONE', *, *, #3151, .T. ) ;
#2355 = VECTOR ( 'NONE', #3960, 1000.000000000000000 ) ;
#2356 = EDGE_CURVE ( 'NONE', #6492, #3118, #6851, .T. ) ;
#2357 = VECTOR ( 'NONE', #2940, 1000.000000000000000 ) ;
#2358 =( NAMED_UNIT ( * ) PLANE_ANGLE_UNIT ( ) SI_UNIT ( $, .RADIAN. ) );
#2359 = AXIS2_PLACEMENT_3D ( 'NONE', #618, #4964, #5008 ) ;
#2360 = VECTOR ( 'NONE', #3780, 1000.000000000000000 ) ;
#2361 = LINE ( 'NONE', #4707, #449 ) ;
#2362 = ORIENTED_EDGE ( 'NONE', *, *, #6015, .F. ) ;
#2363 = PLANE ( 'NONE',  #3024 ) ;
#2364 = PLANE ( 'NONE',  #3581 ) ;
#2365 = ORIENTED_EDGE ( 'NONE', *, *, #3448, .T. ) ;
#2366 = EDGE_CURVE ( 'NONE', #4858, #5214, #5781, .T. ) ;
#2367 = ADVANCED_FACE ( 'NONE', ( #2604 ), #3454, .F. ) ;
#2368 = DIRECTION ( 'NONE',  ( 0.9396926207859069800, 0.3420201433256727700, 0.0000000000000000000 ) ) ;
#2369 = EDGE_LOOP ( 'NONE', ( #410, #1331, #2170, #1126 ) ) ;
#2370 = FACE_BOUND ( 'NONE', #1376, .T. ) ;
#2371 = CARTESIAN_POINT ( 'NONE',  ( 4.800000000000000700, 17.30000000000000100, 1.099999999999995400 ) ) ;
#2372 = ORIENTED_EDGE ( 'NONE', *, *, #842, .F. ) ;
#2373 = ADVANCED_FACE ( 'NONE', ( #4002 ), #6211, .T. ) ;
#2374 = CARTESIAN_POINT ( 'NONE',  ( 16.28993773853708400, 17.30000000000000100, 0.0000000000000000000 ) ) ;
#2375 = AXIS2_PLACEMENT_3D ( 'NONE', #2459, #342, #2993 ) ;
#2376 = VERTEX_POINT ( 'NONE', #317 ) ;
#2377 = VECTOR ( 'NONE', #2734, 1000.000000000000000 ) ;
#2378 = EDGE_CURVE ( 'NONE', #5003, #476, #105, .T. ) ;
#2379 = ORIENTED_EDGE ( 'NONE', *, *, #3701, .T. ) ;
#2380 = LINE ( 'NONE', #2542, #4894 ) ;
#2381 = SURFACE_SIDE_STYLE ('',( #4879 ) ) ;
#2382 = ORIENTED_EDGE ( 'NONE', *, *, #6092, .F. ) ;
#2383 = ORIENTED_EDGE ( 'NONE', *, *, #3665, .T. ) ;
#2384 = CARTESIAN_POINT ( 'NONE',  ( 23.00000000000000000, 11.70000000000000300, -15.00000000000000200 ) ) ;
#2385 = CIRCLE ( 'NONE', #6051, 0.2999999999999981600 ) ;
#2386 = DIRECTION ( 'NONE',  ( -0.0000000000000000000, 1.000000000000000000, -0.0000000000000000000 ) ) ;
#2387 = UNCERTAINTY_MEASURE_WITH_UNIT (LENGTH_MEASURE( 1.000000000000000100E-005 ), #2453, 'distance_accuracy_value', 'NONE');
#2388 = AXIS2_PLACEMENT_3D ( 'NONE', #3321, #6663, #4488 ) ;
#2389 = CIRCLE ( 'NONE', #5936, 2.200000000000000600 ) ;
#2390 = DIRECTION ( 'NONE',  ( 1.000000000000000000, 0.0000000000000000000, 0.0000000000000000000 ) ) ;
#2391 = EDGE_CURVE ( 'NONE', #1920, #6458, #614, .T. ) ;
#2392 = DIRECTION ( 'NONE',  ( 1.000000000000000000, 0.0000000000000000000, 0.0000000000000000000 ) ) ;
#2393 = CARTESIAN_POINT ( 'NONE',  ( -22.50000000000000000, 12.09999999999999800, 14.50000000000000000 ) ) ;
#2394 = ORIENTED_EDGE ( 'NONE', *, *, #2445, .F. ) ;
#2395 = CARTESIAN_POINT ( 'NONE',  ( 6.300000000000001600, 17.69999999999999900, -5.700000000000002000 ) ) ;
#2396 = VERTEX_POINT ( 'NONE', #3541 ) ;
#2397 = CYLINDRICAL_SURFACE ( 'NONE', #735, 1.999999999999998200 ) ;
#2398 = CARTESIAN_POINT ( 'NONE',  ( -0.9999999999999993300, 2.000000000000000000, -17.00000000000000000 ) ) ;
#2399 = PLANE ( 'NONE',  #5594 ) ;
#2400 = CARTESIAN_POINT ( 'NONE',  ( 22.70000000000000300, 14.66963430942633000, 6.152687444859019200 ) ) ;
#2401 = EDGE_LOOP ( 'NONE', ( #5610, #2881, #3060, #2764, #5585 ) ) ;
#2402 = LINE ( 'NONE', #1629, #3637 ) ;
#2403 = CARTESIAN_POINT ( 'NONE',  ( 0.1000000000000023800, 14.30000000000000200, 3.893042978238036800E-018 ) ) ;
#2404 = VERTEX_POINT ( 'NONE', #1438 ) ;
#2405 = LINE ( 'NONE', #183, #5839 ) ;
#2406 = ADVANCED_FACE ( 'NONE', ( #944 ), #1903, .F. ) ;
#2407 = CARTESIAN_POINT ( 'NONE',  ( 0.1000000000000029100, 14.05000000000000200, -13.50000000000000000 ) ) ;
#2408 = EDGE_LOOP ( 'NONE', ( #2327, #988, #3246 ) ) ;
#2409 = VERTEX_POINT ( 'NONE', #5143 ) ;
#2410 = ORIENTED_EDGE ( 'NONE', *, *, #3674, .F. ) ;
#2411 = CARTESIAN_POINT ( 'NONE',  ( 21.38803505505612900, 15.80000000000000400, 2.599999999999997900 ) ) ;
#2412 = AXIS2_PLACEMENT_3D ( 'NONE', #6555, #188, #6582 ) ;
#2413 = CARTESIAN_POINT ( 'NONE',  ( -18.61196494494388500, 15.80000000000000400, -1.200000000000001100 ) ) ;
#2414 = CARTESIAN_POINT ( 'NONE',  ( -23.00000000000000000, 90.11812087098393000, 15.00000000000000200 ) ) ;
#2415 = DIRECTION ( 'NONE',  ( 0.0000000000000000000, -0.0000000000000000000, -1.000000000000000000 ) ) ;
#2416 = VERTEX_POINT ( 'NONE', #1953 ) ;
#2417 = ORIENTED_EDGE ( 'NONE', *, *, #871, .T. ) ;
#2418 = ORIENTED_EDGE ( 'NONE', *, *, #673, .T. ) ;
#2419 = CARTESIAN_POINT ( 'NONE',  ( 22.70000000000000300, 14.30000000000000200, 6.018151558664290400 ) ) ;
#2420 = DIRECTION ( 'NONE',  ( -0.0000000000000000000, -1.000000000000000000, -0.0000000000000000000 ) ) ;
#2421 = DIRECTION ( 'NONE',  ( -0.0000000000000000000, 0.0000000000000000000, 1.000000000000000000 ) ) ;
#2422 = AXIS2_PLACEMENT_3D ( 'NONE', #2113, #2660, #5900 ) ;
#2423 = ORIENTED_EDGE ( 'NONE', *, *, #1371, .F. ) ;
#2424 = EDGE_CURVE ( 'NONE', #1128, #4830, #6503, .T. ) ;
#2425 = ORIENTED_EDGE ( 'NONE', *, *, #3053, .T. ) ;
#2426 = DIRECTION ( 'NONE',  ( -1.000000000000000000, -0.0000000000000000000, -0.0000000000000000000 ) ) ;
#2427 = CARTESIAN_POINT ( 'NONE',  ( -19.88175104581392100, 17.30000000000000100, 0.0000000000000000000 ) ) ;
#2428 = DIRECTION ( 'NONE',  ( -1.000000000000000000, 0.0000000000000000000, -0.0000000000000000000 ) ) ;
#2429 = VECTOR ( 'NONE', #4600, 1000.000000000000000 ) ;
#2430 = DIRECTION ( 'NONE',  ( 0.0000000000000000000, 1.000000000000000000, 0.0000000000000000000 ) ) ;
#2431 = ORIENTED_EDGE ( 'NONE', *, *, #2884, .T. ) ;
#2432 = CIRCLE ( 'NONE', #1626, 1.999999999999996700 ) ;
#2433 = AXIS2_PLACEMENT_3D ( 'NONE', #4522, #354, #852 ) ;
#2434 = EDGE_CURVE ( 'NONE', #2960, #929, #6427, .T. ) ;
#2435 = EDGE_CURVE ( 'NONE', #4422, #3471, #5364, .T. ) ;
#2436 = CARTESIAN_POINT ( 'NONE',  ( 7.800000000000001600, 16.30000000000000100, -4.150000000000002100 ) ) ;
#2437 = DIRECTION ( 'NONE',  ( -1.000000000000000000, -0.0000000000000000000, -0.0000000000000000000 ) ) ;
#2438 = LINE ( 'NONE', #1256, #5362 ) ;
#2439 = FACE_OUTER_BOUND ( 'NONE', #1561, .T. ) ;
#2440 = DIRECTION ( 'NONE',  ( -0.0000000000000000000, 0.0000000000000000000, -1.000000000000000000 ) ) ;
#2441 = VECTOR ( 'NONE', #559, 1000.000000000000000 ) ;
#2442 = ADVANCED_FACE ( 'NONE', ( #3090 ), #1479, .F. ) ;
#2443 = CARTESIAN_POINT ( 'NONE',  ( -22.69999999999999900, 14.30000000000000200, 1.792198103777251000 ) ) ;
#2444 = DIRECTION ( 'NONE',  ( -0.0000000000000000000, -1.000000000000000000, -0.0000000000000000000 ) ) ;
#2445 = EDGE_CURVE ( 'NONE', #5311, #4936, #2109, .T. ) ;
#2446 = PLANE ( 'NONE',  #5584 ) ;
#2447 = ORIENTED_EDGE ( 'NONE', *, *, #469, .T. ) ;
#2448 = CARTESIAN_POINT ( 'NONE',  ( 5.641421356237302100, 14.05000000000000200, -5.641421356237119200 ) ) ;
#2449 = VECTOR ( 'NONE', #2576, 1000.000000000000000 ) ;
#2450 = DIRECTION ( 'NONE',  ( 0.0000000000000000000, 0.0000000000000000000, -1.000000000000000000 ) ) ;
#2451 = ORIENTED_EDGE ( 'NONE', *, *, #3903, .F. ) ;
#2452 = AXIS2_PLACEMENT_3D ( 'NONE', #4519, #5694, #916 ) ;
#2453 =( LENGTH_UNIT ( ) NAMED_UNIT ( * ) SI_UNIT ( .MILLI., .METRE. ) );
#2454 = EDGE_LOOP ( 'NONE', ( #4191, #6565 ) ) ;
#2455 = LINE ( 'NONE', #5106, #3860 ) ;
#2456 = VERTEX_POINT ( 'NONE', #3520 ) ;
#2457 = CARTESIAN_POINT ( 'NONE',  ( -0.1999999999999953200, 2.000000000000000000, -0.7000000000000008400 ) ) ;
#2458 = DIRECTION ( 'NONE',  ( 0.0000000000000000000, -0.0000000000000000000, 1.000000000000000000 ) ) ;
#2459 = CARTESIAN_POINT ( 'NONE',  ( 11.00000000000000200, 16.30000000000000100, -1.700000000000002000 ) ) ;
#2460 = ORIENTED_EDGE ( 'NONE', *, *, #3932, .T. ) ;
#2461 = LINE ( 'NONE', #216, #1968 ) ;
#2462 = AXIS2_PLACEMENT_3D ( 'NONE', #1542, #5786, #950 ) ;
#2463 = ORIENTED_EDGE ( 'NONE', *, *, #1239, .T. ) ;
#2464 = COLOUR_RGB ( '',0.7921568627450980000, 0.8196078431372548800, 0.9333333333333333500 ) ;
#2465 = CARTESIAN_POINT ( 'NONE',  ( 12.60000000000000100, 16.30000000000000100, -4.150000000000002100 ) ) ;
#2466 = ORIENTED_EDGE ( 'NONE', *, *, #5138, .T. ) ;
#2467 = CARTESIAN_POINT ( 'NONE',  ( 20.19999999999999900, 15.00000000000000200, 4.199999999999997500 ) ) ;
#2468 = DIRECTION ( 'NONE',  ( -0.0000000000000000000, 1.000000000000000000, -0.0000000000000000000 ) ) ;
#2469 = VERTEX_POINT ( 'NONE', #909 ) ;
#2470 = LINE ( 'NONE', #3763, #2549 ) ;
#2471 = VECTOR ( 'NONE', #875, 1000.000000000000000 ) ;
#2472 = CARTESIAN_POINT ( 'NONE',  ( -4.799999999999997200, 13.60000000000000300, 12.00000000000000700 ) ) ;
#2473 = DIRECTION ( 'NONE',  ( -1.000000000000000000, 0.0000000000000000000, -0.0000000000000000000 ) ) ;
#2474 = AXIS2_PLACEMENT_3D ( 'NONE', #3305, #2829, #1805 ) ;
#2475 = ORIENTED_EDGE ( 'NONE', *, *, #3270, .T. ) ;
#2476 = CARTESIAN_POINT ( 'NONE',  ( -13.65000000000000000, 17.30000000000000100, -4.450000000000001100 ) ) ;
#2477 = EDGE_CURVE ( 'NONE', #1648, #3911, #6589, .T. ) ;
#2478 = ORIENTED_EDGE ( 'NONE', *, *, #3351, .T. ) ;
#2479 = EDGE_CURVE ( 'NONE', #6252, #324, #3832, .T. ) ;
#2480 = CARTESIAN_POINT ( 'NONE',  ( -7.699999999999998400, 12.09999999999999800, 1.800000000000002000 ) ) ;
#2481 =( BOUNDED_CURVE ( )  B_SPLINE_CURVE ( 3, ( #3594, #3528, #356, #5180 ),
 .UNSPECIFIED., .F., .F. ) 
 B_SPLINE_CURVE_WITH_KNOTS ( ( 4, 4 ),
 ( 4.262105827412143300, 4.287668359694061200 ),
 .UNSPECIFIED. ) 
 CURVE ( )  GEOMETRIC_REPRESENTATION_ITEM ( )  RATIONAL_B_SPLINE_CURVE ( ( 1.000000000000000000, 0.9999455471532388000, 0.9999455471532388000, 1.000000000000000000 ) ) 
 REPRESENTATION_ITEM ( '' )  );
#2482 = CIRCLE ( 'NONE', #6446, 1.000000000000000900 ) ;
#2483 = VECTOR ( 'NONE', #3340, 1000.000000000000000 ) ;
#2484 = DIRECTION ( 'NONE',  ( -0.0000000000000000000, -1.000000000000000000, -0.0000000000000000000 ) ) ;
#2485 = CARTESIAN_POINT ( 'NONE',  ( -18.60000000000000900, 15.79983162191123800, -1.200000000000001100 ) ) ;
#2486 = DIRECTION ( 'NONE',  ( -1.000000000000000000, 0.0000000000000000000, 0.0000000000000000000 ) ) ;
#2487 = CARTESIAN_POINT ( 'NONE',  ( 18.60000000000000500, 15.79999999999711200, 2.733017936629533300 ) ) ;
#2488 = EDGE_LOOP ( 'NONE', ( #2410, #1176, #3058, #1450, #6902 ) ) ;
#2489 = EDGE_CURVE ( 'NONE', #5433, #3708, #6840, .T. ) ;
#2490 = FACE_OUTER_BOUND ( 'NONE', #5716, .T. ) ;
#2491 = EDGE_LOOP ( 'NONE', ( #3685, #6127, #1406, #6873 ) ) ;
#2492 = FACE_OUTER_BOUND ( 'NONE', #6374, .T. ) ;
#2493 = CARTESIAN_POINT ( 'NONE',  ( 40.00000000000000700, 15.00000000000000200, 3.799999999999998000 ) ) ;
#2494 = EDGE_LOOP ( 'NONE', ( #2630, #5891, #3376, #5985, #728, #5490, #4741, #2929, #1796, #5811, #2372 ) ) ;
#2495 = CARTESIAN_POINT ( 'NONE',  ( -20.00000000000000400, 15.80000000000000100, -1.000000000000000900 ) ) ;
#2496 = ORIENTED_EDGE ( 'NONE', *, *, #3145, .F. ) ;
#2497 = VECTOR ( 'NONE', #1224, 1000.000000000000000 ) ;
#2498 = AXIS2_PLACEMENT_3D ( 'NONE', #2007, #4122, #351 ) ;
#2499 =( NAMED_UNIT ( * ) SI_UNIT ( $, .STERADIAN. ) SOLID_ANGLE_UNIT ( ) );
#2500 = CARTESIAN_POINT ( 'NONE',  ( 19.80000000000000400, 15.80000000000001100, 1.411963599014341300 ) ) ;
#2501 = ORIENTED_EDGE ( 'NONE', *, *, #1772, .T. ) ;
#2502 = DIRECTION ( 'NONE',  ( 1.000000000000000000, -7.324388009679841800E-015, 0.0000000000000000000 ) ) ;
#2503 = ORIENTED_EDGE ( 'NONE', *, *, #3795, .F. ) ;
#2504 = B_SPLINE_CURVE_WITH_KNOTS ( 'NONE', 3,
 ( #3811, #4811, #1192, #4275, #1668, #1170 ),
 .UNSPECIFIED., .F., .F.,
 ( 4, 2, 4 ),
 ( 0.006669247038319663100, 0.006769671543532411500, 0.006870096048745159000 ),
 .UNSPECIFIED. ) ;
#2505 = ORIENTED_EDGE ( 'NONE', *, *, #2840, .T. ) ;
#2506 = SURFACE_STYLE_FILL_AREA ( #1465 ) ;
#2507 = CARTESIAN_POINT ( 'NONE',  ( -0.1999999999999982900, 17.60000000000000100, -4.700000000000001100 ) ) ;
#2508 = ORIENTED_EDGE ( 'NONE', *, *, #5749, .F. ) ;
#2509 = CARTESIAN_POINT ( 'NONE',  ( -20.20000000000000600, 15.80000000000000100, -2.385640646055105800 ) ) ;
#2510 =( GEOMETRIC_REPRESENTATION_CONTEXT ( 3 ) GLOBAL_UNCERTAINTY_ASSIGNED_CONTEXT ( ( #4338 ) ) GLOBAL_UNIT_ASSIGNED_CONTEXT ( ( #5382, #3769, #2674 ) ) REPRESENTATION_CONTEXT ( 'NONE', 'WORKASPACE' ) );
#2511 = ORIENTED_EDGE ( 'NONE', *, *, #5442, .T. ) ;
#2512 = VECTOR ( 'NONE', #6619, 1000.000000000000100 ) ;
#2513 = DIRECTION ( 'NONE',  ( 0.0000000000000000000, 0.7071067811865462400, -0.7071067811865487900 ) ) ;
#2514 = ORIENTED_EDGE ( 'NONE', *, *, #4373, .F. ) ;
#2515 = DIRECTION ( 'NONE',  ( -1.000000000000000000, 0.0000000000000000000, -0.0000000000000000000 ) ) ;
#2516 = EDGE_LOOP ( 'NONE', ( #2889, #6570, #2463, #3019 ) ) ;
#2517 = FACE_OUTER_BOUND ( 'NONE', #3682, .T. ) ;
#2518 = DIRECTION ( 'NONE',  ( 1.000000000000000000, 0.0000000000000000000, 0.0000000000000000000 ) ) ;
#2519 = DIRECTION ( 'NONE',  ( 0.0000000000000000000, 0.0000000000000000000, -1.000000000000000000 ) ) ;
#2520 = AXIS2_PLACEMENT_3D ( 'NONE', #2414, #289, #3934 ) ;
#2521 = CYLINDRICAL_SURFACE ( 'NONE', #2978, 1.249999999999999300 ) ;
#2522 = EDGE_CURVE ( 'NONE', #1721, #4505, #2024, .T. ) ;
#2523 = LINE ( 'NONE', #2025, #2690 ) ;
#2524 = ADVANCED_FACE ( 'NONE', ( #6104 ), #4943, .T. ) ;
#2525 = VERTEX_POINT ( 'NONE', #4668 ) ;
#2526 = VECTOR ( 'NONE', #5910, 1000.000000000000000 ) ;
#2527 = FILL_AREA_STYLE ('',( #6312 ) ) ;
#2528 = DIRECTION ( 'NONE',  ( -1.000000000000000000, 0.0000000000000000000, -5.782411586589356500E-015 ) ) ;
#2529 = VECTOR ( 'NONE', #6057, 1000.000000000000000 ) ;
#2530 = LINE ( 'NONE', #5151, #1216 ) ;
#2531 = EDGE_CURVE ( 'NONE', #4374, #4110, #3257, .T. ) ;
#2532 = CARTESIAN_POINT ( 'NONE',  ( -7.699999999999998400, 17.30000000000000100, 3.050000000000002500 ) ) ;
#2533 = CARTESIAN_POINT ( 'NONE',  ( -23.00000000000000000, 2.000000000000000000, 15.00000000000000200 ) ) ;
#2534 = CARTESIAN_POINT ( 'NONE',  ( 11.00000000000000200, 16.30000000000000100, -4.450000000000002000 ) ) ;
#2535 = FACE_OUTER_BOUND ( 'NONE', #3871, .T. ) ;
#2536 = DIRECTION ( 'NONE',  ( 1.000000000000000000, 0.0000000000000000000, 0.0000000000000000000 ) ) ;
#2537 = DIRECTION ( 'NONE',  ( 0.0000000000000000000, 0.0000000000000000000, 1.000000000000000000 ) ) ;
#2538 = EDGE_LOOP ( 'NONE', ( #5931, #1087, #2431 ) ) ;
#2539 = SURFACE_STYLE_USAGE ( .BOTH. , #4077 ) ;
#2540 =( NAMED_UNIT ( * ) PLANE_ANGLE_UNIT ( ) SI_UNIT ( $, .RADIAN. ) );
#2541 = VECTOR ( 'NONE', #1870, 1000.000000000000000 ) ;
#2542 = CARTESIAN_POINT ( 'NONE',  ( -1.814213562373119900, 13.80000000000000100, -1.814213562373127700 ) ) ;
#2543 = ORIENTED_EDGE ( 'NONE', *, *, #3891, .T. ) ;
#2544 = PLANE ( 'NONE',  #6328 ) ;
#2545 = B_SPLINE_CURVE_WITH_KNOTS ( 'NONE', 3,
 ( #6280, #6867, #433, #5844, #4138 ),
 .UNSPECIFIED., .F., .F.,
 ( 4, 1, 4 ),
 ( 0.002935749199989601400, 0.002942926685564913200, 0.002950104171140224700 ),
 .UNSPECIFIED. ) ;
#2546 = ORIENTED_EDGE ( 'NONE', *, *, #698, .F. ) ;
#2547 = VERTEX_POINT ( 'NONE', #987 ) ;
#2548 = DIRECTION ( 'NONE',  ( 0.0000000000000000000, 0.0000000000000000000, 1.000000000000000000 ) ) ;
#2549 = VECTOR ( 'NONE', #1247, 1000.000000000000000 ) ;
#2550 = ADVANCED_FACE ( 'NONE', ( #2262 ), #5821, .F. ) ;
#2551 = COLOUR_RGB ( '',0.0000000000000000000, 0.0000000000000000000, 0.0000000000000000000 ) ;
#2552 = ORIENTED_EDGE ( 'NONE', *, *, #4504, .F. ) ;
#2553 = AXIS2_PLACEMENT_3D ( 'NONE', #2732, #5463, #4358 ) ;
#2554 = CARTESIAN_POINT ( 'NONE',  ( 12.60000000000000100, 16.30000000000000100, -4.150000000000002100 ) ) ;
#2555 = ORIENTED_EDGE ( 'NONE', *, *, #3759, .T. ) ;
#2556 = VECTOR ( 'NONE', #358, 1000.000000000000000 ) ;
#2557 = EDGE_CURVE ( 'NONE', #6568, #2960, #13, .T. ) ;
#2558 = VECTOR ( 'NONE', #2574, 1000.000000000000000 ) ;
#2559 = DIRECTION ( 'NONE',  ( 1.000000000000000000, 0.0000000000000000000, 0.0000000000000000000 ) ) ;
#2560 = CARTESIAN_POINT ( 'NONE',  ( 23.00000000000000000, 90.11812087098393000, -14.70000000000000100 ) ) ;
#2561 = CARTESIAN_POINT ( 'NONE',  ( -19.99999999999999600, 14.30000000000000200, 12.00000000000000700 ) ) ;
#2562 = ORIENTED_EDGE ( 'NONE', *, *, #5022, .T. ) ;
#2563 = AXIS2_PLACEMENT_3D ( 'NONE', #2532, #1574, #481 ) ;
#2564 = FACE_OUTER_BOUND ( 'NONE', #6147, .T. ) ;
#2565 = CARTESIAN_POINT ( 'NONE',  ( 0.0000000000000000000, 13.60000000000000300, 0.0000000000000000000 ) ) ;
#2566 = ORIENTED_EDGE ( 'NONE', *, *, #346, .F. ) ;
#2567 = VECTOR ( 'NONE', #6300, 1000.000000000000000 ) ;
#2568 = EDGE_CURVE ( 'NONE', #3865, #3369, #1695, .T. ) ;
#2569 = EDGE_CURVE ( 'NONE', #1499, #5534, #2523, .T. ) ;
#2570 = VERTEX_POINT ( 'NONE', #3656 ) ;
#2571 = ORIENTED_EDGE ( 'NONE', *, *, #571, .T. ) ;
#2572 = CIRCLE ( 'NONE', #6878, 2.000000000000003600 ) ;
#2573 = CARTESIAN_POINT ( 'NONE',  ( -0.1999999999999953200, -5.700000000000012600, -0.7000000000000008400 ) ) ;
#2574 = DIRECTION ( 'NONE',  ( -0.6038772616713568000, -0.5636187775599327300, 0.5636187775599307300 ) ) ;
#2575 = DIRECTION ( 'NONE',  ( 0.0000000000000000000, 1.000000000000000000, 0.0000000000000000000 ) ) ;
#2576 = DIRECTION ( 'NONE',  ( -0.0000000000000000000, 1.000000000000000000, -0.0000000000000000000 ) ) ;
#2577 = DIRECTION ( 'NONE',  ( -1.734723475976807300E-016, 0.0000000000000000000, -1.000000000000000000 ) ) ;
#2578 = EDGE_CURVE ( 'NONE', #1831, #4273, #1284, .T. ) ;
#2579 = ORIENTED_EDGE ( 'NONE', *, *, #6834, .F. ) ;
#2580 = AXIS2_PLACEMENT_3D ( 'NONE', #5707, #961, #341 ) ;
#2581 = ORIENTED_EDGE ( 'NONE', *, *, #2209, .F. ) ;
#2582 = VERTEX_POINT ( 'NONE', #3124 ) ;
#2583 = FACE_OUTER_BOUND ( 'NONE', #5303, .T. ) ;
#2584 = CARTESIAN_POINT ( 'NONE',  ( 21.39999999999999900, 15.79983162191122800, 2.999999999999996900 ) ) ;
#2585 = DIRECTION ( 'NONE',  ( -1.000000000000000000, 0.0000000000000000000, 0.0000000000000000000 ) ) ;
#2586 = ORIENTED_EDGE ( 'NONE', *, *, #5207, .T. ) ;
#2587 =( LENGTH_UNIT ( ) NAMED_UNIT ( * ) SI_UNIT ( .MILLI., .METRE. ) );
#2588 = EDGE_LOOP ( 'NONE', ( #2920, #4134, #685, #4498 ) ) ;
#2589 = ORIENTED_EDGE ( 'NONE', *, *, #5661, .F. ) ;
#2590 = LINE ( 'NONE', #2775, #6335 ) ;
#2591 = ADVANCED_FACE ( 'NONE', ( #4674 ), #4163, .T. ) ;
#2592 = AXIS2_PLACEMENT_3D ( 'NONE', #2610, #5854, #3660 ) ;
#2593 = CARTESIAN_POINT ( 'NONE',  ( 5.100000000000000500, 14.30000000000000200, 0.7999999999999956000 ) ) ;
#2594 = CARTESIAN_POINT ( 'NONE',  ( 20.19999999999999600, 15.00000000000000200, 2.599999999999997000 ) ) ;
#2595 = SURFACE_STYLE_USAGE ( .BOTH. , #4127 ) ;
#2596 = ORIENTED_EDGE ( 'NONE', *, *, #4159, .F. ) ;
#2597 = DIRECTION ( 'NONE',  ( 2.312964634635743000E-016, -2.465190328815661900E-032, 1.000000000000000000 ) ) ;
#2598 = EDGE_LOOP ( 'NONE', ( #1414, #4753 ) ) ;
#2599 = CARTESIAN_POINT ( 'NONE',  ( -20.20000000000000600, 15.00000000000000200, 0.3999999999999990800 ) ) ;
#2600 = DIRECTION ( 'NONE',  ( -1.000000000000000000, 0.0000000000000000000, -0.0000000000000000000 ) ) ;
#2601 = AXIS2_PLACEMENT_3D ( 'NONE', #4074, #5170, #914 ) ;
#2602 = CYLINDRICAL_SURFACE ( 'NONE', #445, 2.200000000000000600 ) ;
#2603 = DIRECTION ( 'NONE',  ( 7.860966973165335300E-016, -0.4226182617407002700, 0.9063077870366496000 ) ) ;
#2604 = FACE_OUTER_BOUND ( 'NONE', #5989, .T. ) ;
#2605 = DIRECTION ( 'NONE',  ( 1.000000000000000000, 0.0000000000000000000, -1.734723475976807300E-016 ) ) ;
#2606 = EDGE_LOOP ( 'NONE', ( #4851, #5041, #2745 ) ) ;
#2607 = VECTOR ( 'NONE', #5079, 1000.000000000000100 ) ;
#2608 = VECTOR ( 'NONE', #948, 1000.000000000000000 ) ;
#2609 = MANIFOLD_SOLID_BREP ( 'Terminal 1', #3449 ) ;
#2610 = CARTESIAN_POINT ( 'NONE',  ( 21.39999999999999900, 15.00000000000000200, 2.999999999999996900 ) ) ;
#2611 = DIRECTION ( 'NONE',  ( 1.000000000000000000, 0.0000000000000000000, 0.0000000000000000000 ) ) ;
#2612 = LINE ( 'NONE', #5541, #1610 ) ;
#2613 = AXIS2_PLACEMENT_3D ( 'NONE', #2844, #4918, #684 ) ;
#2614 = EDGE_CURVE ( 'NONE', #6648, #4031, #3020, .T. ) ;
#2615 = EDGE_CURVE ( 'NONE', #141, #93, #4587, .T. ) ;
#2616 = EDGE_LOOP ( 'NONE', ( #5634, #2094, #6616, #969 ) ) ;
#2617 = DIRECTION ( 'NONE',  ( 0.0000000000000000000, 1.000000000000000000, -0.0000000000000000000 ) ) ;
#2618 = APPLICATION_PROTOCOL_DEFINITION ( 'draft international standard', 'automotive_design', 1998, #3670 ) ;
#2619 = CIRCLE ( 'NONE', #6036, 0.2999999999999999300 ) ;
#2620 = CARTESIAN_POINT ( 'NONE',  ( 20.99999999999999600, 0.0000000000000000000, -15.00000000000000400 ) ) ;
#2621 = DIRECTION ( 'NONE',  ( -1.000000000000000000, 0.0000000000000000000, 5.782411586589356500E-015 ) ) ;
#2622 = AXIS2_PLACEMENT_3D ( 'NONE', #6131, #3429, #5653 ) ;
#2623 = ORIENTED_EDGE ( 'NONE', *, *, #2749, .F. ) ;
#2624 = VECTOR ( 'NONE', #2999, 1000.000000000000000 ) ;
#2625 = EDGE_CURVE ( 'NONE', #2396, #720, #1440, .T. ) ;
#2626 = CARTESIAN_POINT ( 'NONE',  ( -23.00000000000000000, 14.60000000000000100, -3.601077025535003100 ) ) ;
#2627 = DIRECTION ( 'NONE',  ( 0.0000000000000000000, 1.000000000000000000, 0.0000000000000000000 ) ) ;
#2628 = CARTESIAN_POINT ( 'NONE',  ( 0.1000000000000026100, 13.80000000000000100, -14.50000000000000000 ) ) ;
#2629 = ADVANCED_FACE ( 'NONE', ( #181 ), #6025, .T. ) ;
#2630 = ORIENTED_EDGE ( 'NONE', *, *, #666, .T. ) ;
#2631 = CIRCLE ( 'NONE', #2860, 2.200000000000000600 ) ;
#2632 = VERTEX_POINT ( 'NONE', #3264 ) ;
#2633 = CARTESIAN_POINT ( 'NONE',  ( -0.1999999999999987900, 17.30000000000000100, -0.7000000000000009500 ) ) ;
#2634 = DIRECTION ( 'NONE',  ( 0.0000000000000000000, 1.000000000000000000, 0.0000000000000000000 ) ) ;
#2635 = VERTEX_POINT ( 'NONE', #1673 ) ;
#2636 =( NAMED_UNIT ( * ) PLANE_ANGLE_UNIT ( ) SI_UNIT ( $, .RADIAN. ) );
#2637 = FACE_OUTER_BOUND ( 'NONE', #5544, .T. ) ;
#2638 = ORIENTED_EDGE ( 'NONE', *, *, #115, .T. ) ;
#2639 = LINE ( 'NONE', #4633, #986 ) ;
#2640 = SURFACE_SIDE_STYLE ('',( #898 ) ) ;
#2641 = VERTEX_POINT ( 'NONE', #4301 ) ;
#2642 = DIRECTION ( 'NONE',  ( -0.0000000000000000000, 1.000000000000000000, -0.0000000000000000000 ) ) ;
#2643 = ORIENTED_EDGE ( 'NONE', *, *, #6054, .F. ) ;
#2644 = LINE ( 'NONE', #2403, #3625 ) ;
#2645 = ORIENTED_EDGE ( 'NONE', *, *, #115, .F. ) ;
#2646 = CARTESIAN_POINT ( 'NONE',  ( 20.30000000000000400, 14.05000000000000200, 0.0000000000000000000 ) ) ;
#2647 = ORIENTED_EDGE ( 'NONE', *, *, #5791, .F. ) ;
#2648 = CARTESIAN_POINT ( 'NONE',  ( 2.999999999999999100, 13.50000000000000200, 9.000000000000001800 ) ) ;
#2649 = CYLINDRICAL_SURFACE ( 'NONE', #4383, 1.250000000000000200 ) ;
#2650 = VECTOR ( 'NONE', #6324, 1000.000000000000000 ) ;
#2651 = MECHANICAL_DESIGN_GEOMETRIC_PRESENTATION_REPRESENTATION (  '', ( #3481 ), #5194 ) ;
#2652 = EDGE_CURVE ( 'NONE', #4033, #3879, #16, .T. ) ;
#2653 = CARTESIAN_POINT ( 'NONE',  ( 14.20000000000000100, 16.30000000000000100, -4.150000000000002100 ) ) ;
#2654 = ORIENTED_EDGE ( 'NONE', *, *, #2130, .F. ) ;
#2655 = CARTESIAN_POINT ( 'NONE',  ( 19.80000000000000100, 15.79983162191122800, 4.199999999999997500 ) ) ;
#2656 = ORIENTED_EDGE ( 'NONE', *, *, #6567, .F. ) ;
#2657 = FACE_OUTER_BOUND ( 'NONE', #2707, .T. ) ;
#2658 = ADVANCED_FACE ( 'NONE', ( #5616 ), #2699, .F. ) ;
#2659 = DIRECTION ( 'NONE',  ( -0.0000000000000000000, -1.000000000000000000, -0.0000000000000000000 ) ) ;
#2660 = DIRECTION ( 'NONE',  ( -0.0000000000000000000, -1.000000000000000000, -0.0000000000000000000 ) ) ;
#2661 = STYLED_ITEM ( 'NONE', ( #5243 ), #5980 ) ;
#2662 = CARTESIAN_POINT ( 'NONE',  ( -20.19999999999999600, 0.2000000000000000100, 14.50000000000000000 ) ) ;
#2663 = EDGE_LOOP ( 'NONE', ( #5235, #2202, #5975, #2418, #6556, #6118 ) ) ;
#2664 = EDGE_CURVE ( 'NONE', #3408, #6369, #4953, .T. ) ;
#2665 = EDGE_CURVE ( 'NONE', #6254, #2286, #1929, .T. ) ;
#2666 = EDGE_LOOP ( 'NONE', ( #4218, #4611, #6313, #5335 ) ) ;
#2667 = DIRECTION ( 'NONE',  ( 0.0000000000000000000, 0.0000000000000000000, -1.000000000000000000 ) ) ;
#2668 = EDGE_LOOP ( 'NONE', ( #5144, #5842 ) ) ;
#2669 = DIRECTION ( 'NONE',  ( 0.0000000000000000000, 0.0000000000000000000, -1.000000000000000000 ) ) ;
#2670 = ORIENTED_EDGE ( 'NONE', *, *, #3806, .F. ) ;
#2671 = DIRECTION ( 'NONE',  ( -0.0000000000000000000, 1.000000000000000000, -0.0000000000000000000 ) ) ;
#2672 = ORIENTED_EDGE ( 'NONE', *, *, #4793, .T. ) ;
#2673 = SURFACE_STYLE_FILL_AREA ( #6103 ) ;
#2674 =( NAMED_UNIT ( * ) SI_UNIT ( $, .STERADIAN. ) SOLID_ANGLE_UNIT ( ) );
#2675 = AXIS2_PLACEMENT_3D ( 'NONE', #383, #5752, #3150 ) ;
#2676 = EDGE_LOOP ( 'NONE', ( #2656, #679, #832, #6460 ) ) ;
#2677 = VECTOR ( 'NONE', #6751, 1000.000000000000000 ) ;
#2678 =( NAMED_UNIT ( * ) PLANE_ANGLE_UNIT ( ) SI_UNIT ( $, .RADIAN. ) );
#2679 = CARTESIAN_POINT ( 'NONE',  ( 23.00000000000000700, 14.60000000000000100, 15.00000000000000200 ) ) ;
#2680 = CARTESIAN_POINT ( 'NONE',  ( 0.0000000000000000000, 17.60000000000000100, 12.00000000000001200 ) ) ;
#2681 = VECTOR ( 'NONE', #5717, 1000.000000000000000 ) ;
#2682 = PRESENTATION_LAYER_ASSIGNMENT (  '', '', ( #3251 ) ) ;
#2683 = EDGE_LOOP ( 'NONE', ( #5083, #1712, #5244, #5149, #1421 ) ) ;
#2684 = LINE ( 'NONE', #4414, #3426 ) ;
#2685 = CARTESIAN_POINT ( 'NONE',  ( 17.38184844133570600, 14.30000000000000200, 0.0000000000000000000 ) ) ;
#2686 = DIRECTION ( 'NONE',  ( 0.0000000000000000000, -0.0000000000000000000, 1.000000000000000000 ) ) ;
#2687 = DIRECTION ( 'NONE',  ( -0.0000000000000000000, 0.9063077870366494900, 0.4226182617407002200 ) ) ;
#2688 = CYLINDRICAL_SURFACE ( 'NONE', #1915, 1.250000000000000000 ) ;
#2689 = DIRECTION ( 'NONE',  ( -7.426784881525699100E-015, -1.000000000000000000, -0.0000000000000000000 ) ) ;
#2690 = VECTOR ( 'NONE', #2098, 1000.000000000000100 ) ;
#2691 = ORIENTED_EDGE ( 'NONE', *, *, #4404, .F. ) ;
#2692 = CYLINDRICAL_SURFACE ( 'NONE', #2242, 1.000000000000000900 ) ;
#2693 = DIRECTION ( 'NONE',  ( -0.0000000000000000000, -0.0000000000000000000, 1.000000000000000000 ) ) ;
#2694 = AXIS2_PLACEMENT_3D ( 'NONE', #726, #2869, #5690 ) ;
#2695 = PLANE ( 'NONE',  #1654 ) ;
#2696 = PLANE ( 'NONE',  #3088 ) ;
#2697 = ADVANCED_FACE ( 'NONE', ( #1773 ), #3010, .F. ) ;
#2698 = VECTOR ( 'NONE', #1836, 1000.000000000000000 ) ;
#2699 = PLANE ( 'NONE',  #6553 ) ;
#2700 = LINE ( 'NONE', #4037, #3360 ) ;
#2701 = UNCERTAINTY_MEASURE_WITH_UNIT (LENGTH_MEASURE( 1.000000000000000100E-005 ), #6646, 'distance_accuracy_value', 'NONE');
#2702 = DIRECTION ( 'NONE',  ( 0.0000000000000000000, 1.000000000000000000, 0.0000000000000000000 ) ) ;
#2703 = LINE ( 'NONE', #6379, #2360 ) ;
#2704 = FILL_AREA_STYLE ('',( #3730 ) ) ;
#2705 = CYLINDRICAL_SURFACE ( 'NONE', #5319, 0.2999999999999981600 ) ;
#2706 = DIRECTION ( 'NONE',  ( 0.0000000000000000000, 0.0000000000000000000, -1.000000000000000000 ) ) ;
#2707 = EDGE_LOOP ( 'NONE', ( #3382, #2081, #3317, #2638 ) ) ;
#2708 = EDGE_CURVE ( 'NONE', #3658, #1911, #5768, .T. ) ;
#2709 = EDGE_CURVE ( 'NONE', #2129, #5137, #3073, .T. ) ;
#2710 = CARTESIAN_POINT ( 'NONE',  ( 0.0000000000000000000, 0.0000000000000000000, 17.00000000000000000 ) ) ;
#2711 = DIRECTION ( 'NONE',  ( 0.0000000000000000000, 0.0000000000000000000, -1.000000000000000000 ) ) ;
#2712 = ORIENTED_EDGE ( 'NONE', *, *, #882, .F. ) ;
#2713 =( LENGTH_UNIT ( ) NAMED_UNIT ( * ) SI_UNIT ( .MILLI., .METRE. ) );
#2714 = CARTESIAN_POINT ( 'NONE',  ( -0.9999999999999991100, 17.60000000000000100, -12.00000000000001200 ) ) ;
#2715 = CIRCLE ( 'NONE', #5853, 0.3000000000000007700 ) ;
#2716 = EDGE_CURVE ( 'NONE', #2747, #2913, #5280, .T. ) ;
#2717 = ORIENTED_EDGE ( 'NONE', *, *, #4030, .F. ) ;
#2718 = CARTESIAN_POINT ( 'NONE',  ( -0.1999999999999953200, 14.30000000000000200, -0.7000000000000008400 ) ) ;
#2719 = CARTESIAN_POINT ( 'NONE',  ( 18.61196740150823800, 15.80000000000001800, 2.599999999999996500 ) ) ;
#2720 = VECTOR ( 'NONE', #5040, 1000.000000000000000 ) ;
#2721 = CARTESIAN_POINT ( 'NONE',  ( 20.00000000000000400, 15.20000000000000100, 4.200000000000000200 ) ) ;
#2722 = EDGE_LOOP ( 'NONE', ( #1138, #118, #1390, #1548 ) ) ;
#2723 = EDGE_LOOP ( 'NONE', ( #2581, #4318, #3348, #4990 ) ) ;
#2724 = VECTOR ( 'NONE', #6732, 1000.000000000000000 ) ;
#2725 = AXIS2_PLACEMENT_3D ( 'NONE', #204, #227, #4919 ) ;
#2726 = VECTOR ( 'NONE', #3048, 1000.000000000000000 ) ;
#2727 = DIRECTION ( 'NONE',  ( 0.0000000000000000000, 0.0000000000000000000, -1.000000000000000000 ) ) ;
#2728 = VERTEX_POINT ( 'NONE', #3864 ) ;
#2729 = ORIENTED_EDGE ( 'NONE', *, *, #4466, .T. ) ;
#2730 = ADVANCED_FACE ( 'NONE', ( #6186, #4171 ), #5497, .F. ) ;
#2731 = CARTESIAN_POINT ( 'NONE',  ( -20.99999999999999600, 2.000000000000000000, 17.00000000000000000 ) ) ;
#2732 = CARTESIAN_POINT ( 'NONE',  ( -20.19999999999999600, 0.2000000000000000100, 14.50000000000000000 ) ) ;
#2733 =( LENGTH_UNIT ( ) NAMED_UNIT ( * ) SI_UNIT ( .MILLI., .METRE. ) );
#2734 = DIRECTION ( 'NONE',  ( -0.0000000000000000000, -0.0000000000000000000, 1.000000000000000000 ) ) ;
#2735 = EDGE_CURVE ( 'NONE', #5595, #4694, #5857, .T. ) ;
#2736 = PRESENTATION_LAYER_ASSIGNMENT (  '', '', ( #1050 ) ) ;
#2737 = DIRECTION ( 'NONE',  ( 1.000000000000000000, 0.0000000000000000000, -0.0000000000000000000 ) ) ;
#2738 = ORIENTED_EDGE ( 'NONE', *, *, #6495, .F. ) ;
#2739 = LINE ( 'NONE', #4351, #5156 ) ;
#2740 = ORIENTED_EDGE ( 'NONE', *, *, #4860, .T. ) ;
#2741 = VECTOR ( 'NONE', #3912, 1000.000000000000000 ) ;
#2742 = PLANE ( 'NONE',  #4493 ) ;
#2743 = CARTESIAN_POINT ( 'NONE',  ( 18.60000000000000100, 15.79983162191124200, 2.599999999999997000 ) ) ;
#2744 = SURFACE_STYLE_USAGE ( .BOTH. , #3816 ) ;
#2745 = ORIENTED_EDGE ( 'NONE', *, *, #5924, .T. ) ;
#2746 = MECHANICAL_DESIGN_GEOMETRIC_PRESENTATION_REPRESENTATION (  '', ( #1323 ), #3794 ) ;
#2747 = VERTEX_POINT ( 'NONE', #2836 ) ;
#2748 = LINE ( 'NONE', #4895, #327 ) ;
#2749 = EDGE_CURVE ( 'NONE', #1273, #6410, #357, .T. ) ;
#2750 = FILL_AREA_STYLE_COLOUR ( '', #1664 ) ;
#2751 = CARTESIAN_POINT ( 'NONE',  ( 1.388712951521329000E-015, 14.60000000000000100, 1.601077025534983500 ) ) ;
#2752 = VERTEX_POINT ( 'NONE', #132 ) ;
#2753 = DIRECTION ( 'NONE',  ( 1.000000000000000000, 0.0000000000000000000, -2.891205793294678600E-015 ) ) ;
#2754 = ORIENTED_EDGE ( 'NONE', *, *, #1364, .T. ) ;
#2755 = ORIENTED_EDGE ( 'NONE', *, *, #1088, .T. ) ;
#2756 = CARTESIAN_POINT ( 'NONE',  ( 2.999999999999999100, 12.09999999999999800, 9.000000000000001800 ) ) ;
#2757 = AXIS2_PLACEMENT_3D ( 'NONE', #2192, #5927, #619 ) ;
#2758 = EDGE_CURVE ( 'NONE', #140, #1063, #48, .T. ) ;
#2759 = ORIENTED_EDGE ( 'NONE', *, *, #5712, .T. ) ;
#2760 = ORIENTED_EDGE ( 'NONE', *, *, #5617, .F. ) ;
#2761 = DIRECTION ( 'NONE',  ( -0.0000000000000000000, 1.000000000000000000, -0.0000000000000000000 ) ) ;
#2762 = CLOSED_SHELL ( 'NONE', ( #5877, #6489, #1919, #4642, #6388, #3038, #4482, #142, #6079, #6617, #1062, #3826, #2340, #2766, #4713, #5063, #5740, #6317, #3352, #2926, #534, #1238 ) ) ;
#2763 = DIRECTION ( 'NONE',  ( 0.0000000000000000000, 0.0000000000000000000, -1.000000000000000000 ) ) ;
#2764 = ORIENTED_EDGE ( 'NONE', *, *, #788, .T. ) ;
#2765 = CARTESIAN_POINT ( 'NONE',  ( 19.80000000000000100, 15.00000000000000200, 4.199999999999997500 ) ) ;
#2766 = ADVANCED_FACE ( 'NONE', ( #1602 ), #196, .F. ) ;
#2767 = PRESENTATION_LAYER_ASSIGNMENT (  '', '', ( #6677 ) ) ;
#2768 = LINE ( 'NONE', #3461, #5773 ) ;
#2769 = DIRECTION ( 'NONE',  ( -0.0000000000000000000, 1.000000000000000000, -0.0000000000000000000 ) ) ;
#2770 = ORIENTED_EDGE ( 'NONE', *, *, #4940, .F. ) ;
#2771 = LINE ( 'NONE', #2245, #2264 ) ;
#2772 =( GEOMETRIC_REPRESENTATION_CONTEXT ( 3 ) GLOBAL_UNCERTAINTY_ASSIGNED_CONTEXT ( ( #656 ) ) GLOBAL_UNIT_ASSIGNED_CONTEXT ( ( #5829, #2636, #2794 ) ) REPRESENTATION_CONTEXT ( 'NONE', 'WORKASPACE' ) );
#2773 = LINE ( 'NONE', #4982, #2357 ) ;
#2774 = CARTESIAN_POINT ( 'NONE',  ( -20.19999999999999600, 0.2000000000000000100, 9.000000000000001800 ) ) ;
#2775 = CARTESIAN_POINT ( 'NONE',  ( -21.05608971477424500, 16.61431626621069700, -4.540368126415235600 ) ) ;
#2776 = VECTOR ( 'NONE', #663, 1000.000000000000000 ) ;
#2777 = DIRECTION ( 'NONE',  ( -1.000000000000000000, -0.0000000000000000000, -0.0000000000000000000 ) ) ;
#2778 = FILL_AREA_STYLE ('',( #148 ) ) ;
#2779 = CIRCLE ( 'NONE', #1562, 2.000000000000000000 ) ;
#2780 = LINE ( 'NONE', #2398, #360 ) ;
#2781 = UNCERTAINTY_MEASURE_WITH_UNIT (LENGTH_MEASURE( 1.000000000000000100E-005 ), #3831, 'distance_accuracy_value', 'NONE');
#2782 = CARTESIAN_POINT ( 'NONE',  ( 5.287867965644041500, 17.30000000000000100, -5.287867965644066400 ) ) ;
#2783 = AXIS2_PLACEMENT_3D ( 'NONE', #1708, #1661, #5445 ) ;
#2784 = CARTESIAN_POINT ( 'NONE',  ( -22.50000000000000000, 14.30000000000000200, 14.50000000000000000 ) ) ;
#2785 = CARTESIAN_POINT ( 'NONE',  ( -19.86666078933400200, 15.79997527452285200, -2.400000000000001200 ) ) ;
#2786 = EDGE_CURVE ( 'NONE', #989, #872, #533, .T. ) ;
#2787 = ORIENTED_EDGE ( 'NONE', *, *, #1101, .T. ) ;
#2788 = VERTEX_POINT ( 'NONE', #2812 ) ;
#2789 = PLANE ( 'NONE',  #5159 ) ;
#2790 = DIRECTION ( 'NONE',  ( 0.0000000000000000000, 0.0000000000000000000, 1.000000000000000000 ) ) ;
#2791 = CARTESIAN_POINT ( 'NONE',  ( 23.00000000000000000, 2.000000000000000000, -7.979727989493312600E-015 ) ) ;
#2792 = AXIS2_PLACEMENT_3D ( 'NONE', #5302, #695, #5378 ) ;
#2793 = ORIENTED_EDGE ( 'NONE', *, *, #6361, .F. ) ;
#2794 =( NAMED_UNIT ( * ) SI_UNIT ( $, .STERADIAN. ) SOLID_ANGLE_UNIT ( ) );
#2795 = LINE ( 'NONE', #6069, #5966 ) ;
#2796 = EDGE_CURVE ( 'NONE', #6369, #6655, #2612, .T. ) ;
#2797 = EDGE_CURVE ( 'NONE', #1432, #3289, #4011, .T. ) ;
#2798 = ORIENTED_EDGE ( 'NONE', *, *, #2956, .F. ) ;
#2799 = ADVANCED_FACE ( 'NONE', ( #3346 ), #1941, .F. ) ;
#2800 = DIRECTION ( 'NONE',  ( 5.782411586589356500E-015, -0.0000000000000000000, 1.000000000000000000 ) ) ;
#2801 = CARTESIAN_POINT ( 'NONE',  ( -20.20000000000001000, 15.80000000000001100, -2.388036400985656300 ) ) ;
#2802 = DIRECTION ( 'NONE',  ( -1.000000000000000000, 0.0000000000000000000, 1.236370898448382100E-016 ) ) ;
#2803 = DIRECTION ( 'NONE',  ( 0.0000000000000000000, 0.0000000000000000000, 1.000000000000000000 ) ) ;
#2804 = ORIENTED_EDGE ( 'NONE', *, *, #1636, .F. ) ;
#2805 = ORIENTED_EDGE ( 'NONE', *, *, #528, .T. ) ;
#2806 = EDGE_CURVE ( 'NONE', #6866, #2167, #5109, .T. ) ;
#2807 = DIRECTION ( 'NONE',  ( 0.0000000000000000000, 0.0000000000000000000, 1.000000000000000000 ) ) ;
#2808 = ORIENTED_EDGE ( 'NONE', *, *, #2177, .F. ) ;
#2809 = AXIS2_PLACEMENT_3D ( 'NONE', #3564, #858, #384 ) ;
#2810 = DIRECTION ( 'NONE',  ( 1.584222352490235500E-016, 0.0000000000000000000, 1.000000000000000000 ) ) ;
#2811 = EDGE_LOOP ( 'NONE', ( #1360, #3862, #1227, #6132, #4097 ) ) ;
#2812 = CARTESIAN_POINT ( 'NONE',  ( 3.615075759508239500, 14.30000000000000200, -7.667766952966389700 ) ) ;
#2813 = LINE ( 'NONE', #3338, #4630 ) ;
#2814 = ORIENTED_EDGE ( 'NONE', *, *, #5739, .T. ) ;
#2815 = ORIENTED_EDGE ( 'NONE', *, *, #6613, .F. ) ;
#2816 = DIRECTION ( 'NONE',  ( -1.000000000000000000, 0.0000000000000000000, -0.0000000000000000000 ) ) ;
#2817 = AXIS2_PLACEMENT_3D ( 'NONE', #1962, #373, #1985 ) ;
#2818 = CARTESIAN_POINT ( 'NONE',  ( -19.83333075501162700, 15.79994331691107100, 0.3999999999999991900 ) ) ;
#2819 = SPHERICAL_SURFACE ( 'NONE', #6013, 0.2999999999999999900 ) ;
#2820 = EDGE_LOOP ( 'NONE', ( #5104, #1560, #1260, #3247 ) ) ;
#2821 = CIRCLE ( 'NONE', #4801, 4.500000000000000000 ) ;
#2822 = DIRECTION ( 'NONE',  ( -0.0000000000000000000, -1.000000000000000000, -0.0000000000000000000 ) ) ;
#2823 = CARTESIAN_POINT ( 'NONE',  ( -20.20000000000000600, 15.80000000000000100, -2.385640646055105800 ) ) ;
#2824 = CARTESIAN_POINT ( 'NONE',  ( -20.20000000000000600, 15.79983162191122800, 0.3999999999999990800 ) ) ;
#2825 = ORIENTED_EDGE ( 'NONE', *, *, #6848, .F. ) ;
#2826 = VERTEX_POINT ( 'NONE', #1249 ) ;
#2827 = LINE ( 'NONE', #6594, #3149 ) ;
#2828 = DIRECTION ( 'NONE',  ( -0.0000000000000000000, -1.000000000000000000, -0.0000000000000000000 ) ) ;
#2829 = DIRECTION ( 'NONE',  ( -0.0000000000000000000, -1.000000000000000000, -0.0000000000000000000 ) ) ;
#2830 = DIRECTION ( 'NONE',  ( -0.0000000000000000000, 1.000000000000000000, -0.0000000000000000000 ) ) ;
#2831 = DIRECTION ( 'NONE',  ( -1.000000000000000000, -0.0000000000000000000, -0.0000000000000000000 ) ) ;
#2832 = ORIENTED_EDGE ( 'NONE', *, *, #2252, .F. ) ;
#2833 = DIRECTION ( 'NONE',  ( 0.0000000000000000000, 1.000000000000000000, -0.0000000000000000000 ) ) ;
#2834 = ORIENTED_EDGE ( 'NONE', *, *, #6063, .F. ) ;
#2835 = ADVANCED_FACE ( 'NONE', ( #5689 ), #3357, .T. ) ;
#2836 = CARTESIAN_POINT ( 'NONE',  ( 23.00000000000000700, 12.09999999999999800, 15.00000000000000200 ) ) ;
#2837 = AXIS2_PLACEMENT_3D ( 'NONE', #1916, #3995, #3485 ) ;
#2838 = ORIENTED_EDGE ( 'NONE', *, *, #3373, .F. ) ;
#2839 = ORIENTED_EDGE ( 'NONE', *, *, #938, .T. ) ;
#2840 = EDGE_CURVE ( 'NONE', #6833, #4526, #4242, .T. ) ;
#2841 = EDGE_CURVE ( 'NONE', #1299, #5433, #6354, .T. ) ;
#2842 = ORIENTED_EDGE ( 'NONE', *, *, #1530, .T. ) ;
#2843 = CARTESIAN_POINT ( 'NONE',  ( -2.999999999999999100, 2.000000000000000000, -15.00000000000000200 ) ) ;
#2844 = CARTESIAN_POINT ( 'NONE',  ( -20.00000000000000400, 14.60000000000000100, -1.000000000000000900 ) ) ;
#2845 = DIRECTION ( 'NONE',  ( -1.000000000000000000, 0.0000000000000000000, 1.141265444721583800E-016 ) ) ;
#2846 = ORIENTED_EDGE ( 'NONE', *, *, #5397, .T. ) ;
#2847 = LINE ( 'NONE', #3230, #4581 ) ;
#2848 = CARTESIAN_POINT ( 'NONE',  ( 20.20000000000000600, 15.79988783888574800, 1.402396518846000100 ) ) ;
#2849 = CARTESIAN_POINT ( 'NONE',  ( 19.40000000000000600, 14.05000000000000200, -13.50000000000000200 ) ) ;
#2850 = EDGE_CURVE ( 'NONE', #968, #593, #864, .T. ) ;
#2851 = VECTOR ( 'NONE', #2998, 1000.000000000000000 ) ;
#2852 = CARTESIAN_POINT ( 'NONE',  ( 17.89999999999999900, 14.30000000000000200, -5.700000000000002000 ) ) ;
#2853 = ORIENTED_EDGE ( 'NONE', *, *, #1024, .F. ) ;
#2854 = VECTOR ( 'NONE', #5062, 1000.000000000000000 ) ;
#2855 = DIRECTION ( 'NONE',  ( 0.0000000000000000000, 0.0000000000000000000, 1.000000000000000000 ) ) ;
#2856 = CARTESIAN_POINT ( 'NONE',  ( 0.1000000000000023800, 14.05000000000000200, 3.893042978238036800E-018 ) ) ;
#2857 = LINE ( 'NONE', #2594, #6675 ) ;
#2858 = CARTESIAN_POINT ( 'NONE',  ( -22.50000000000000000, 11.69999999999999900, 14.50000000000000000 ) ) ;
#2859 = SURFACE_STYLE_FILL_AREA ( #4308 ) ;
#2860 = AXIS2_PLACEMENT_3D ( 'NONE', #5825, #3154, #516 ) ;
#2861 = FACE_OUTER_BOUND ( 'NONE', #4019, .T. ) ;
#2862 = VECTOR ( 'NONE', #1278, 1000.000000000000000 ) ;
#2863 = EDGE_CURVE ( 'NONE', #4042, #3412, #1212, .T. ) ;
#2864 = ADVANCED_FACE ( 'NONE', ( #2861 ), #1844, .T. ) ;
#2865 = AXIS2_PLACEMENT_3D ( 'NONE', #1726, #5505, #3268 ) ;
#2866 = CARTESIAN_POINT ( 'NONE',  ( 15.80000000000000100, 16.30000000000000100, -4.150000000000002100 ) ) ;
#2867 = CARTESIAN_POINT ( 'NONE',  ( -0.1999999999999953200, 14.30000000000000200, -0.7000000000000008400 ) ) ;
#2868 = ORIENTED_EDGE ( 'NONE', *, *, #3089, .T. ) ;
#2869 = DIRECTION ( 'NONE',  ( 0.0000000000000000000, 0.0000000000000000000, -1.000000000000000000 ) ) ;
#2870 = VECTOR ( 'NONE', #5658, 1000.000000000000000 ) ;
#2871 = DIRECTION ( 'NONE',  ( -1.221876366696841300E-016, 0.9063077870366494900, -0.4226182617407002200 ) ) ;
#2872 = EDGE_LOOP ( 'NONE', ( #1017, #3074, #470, #1312, #3749 ) ) ;
#2873 = DIRECTION ( 'NONE',  ( 0.0000000000000000000, 0.0000000000000000000, 1.000000000000000000 ) ) ;
#2874 = DIRECTION ( 'NONE',  ( 0.0000000000000000000, 1.000000000000000000, 0.0000000000000000000 ) ) ;
#2875 = LINE ( 'NONE', #4078, #2624 ) ;
#2876 = DIRECTION ( 'NONE',  ( -0.0000000000000000000, -1.000000000000000000, -0.0000000000000000000 ) ) ;
#2877 = DIRECTION ( 'NONE',  ( 1.000000000000000000, 0.0000000000000000000, 0.0000000000000000000 ) ) ;
#2878 = EDGE_CURVE ( 'NONE', #5264, #141, #1697, .T. ) ;
#2879 = ORIENTED_EDGE ( 'NONE', *, *, #2840, .F. ) ;
#2880 = LINE ( 'NONE', #6825, #1803 ) ;
#2881 = ORIENTED_EDGE ( 'NONE', *, *, #382, .F. ) ;
#2882 = SURFACE_STYLE_USAGE ( .BOTH. , #3952 ) ;
#2883 = DIRECTION ( 'NONE',  ( 0.0000000000000000000, 1.000000000000000000, 0.0000000000000000000 ) ) ;
#2884 = EDGE_CURVE ( 'NONE', #968, #6743, #2930, .T. ) ;
#2885 = ORIENTED_EDGE ( 'NONE', *, *, #116, .F. ) ;
#2886 = LINE ( 'NONE', #502, #49 ) ;
#2887 = CARTESIAN_POINT ( 'NONE',  ( -19.99999999999998900, 17.60000000000000100, 12.00000000000001200 ) ) ;
#2888 = CARTESIAN_POINT ( 'NONE',  ( 20.19999999999999900, 15.80000000000000100, 4.185640646055103000 ) ) ;
#2889 = ORIENTED_EDGE ( 'NONE', *, *, #286, .F. ) ;
#2890 = VERTEX_POINT ( 'NONE', #3331 ) ;
#2891 = DIRECTION ( 'NONE',  ( -1.000000000000000000, 0.0000000000000000000, -0.0000000000000000000 ) ) ;
#2892 = CIRCLE ( 'NONE', #3758, 4.500000000000006200 ) ;
#2893 = VECTOR ( 'NONE', #434, 1000.000000000000000 ) ;
#2894 = ADVANCED_FACE ( 'NONE', ( #6106 ), #3878, .T. ) ;
#2895 = ORIENTED_EDGE ( 'NONE', *, *, #4239, .F. ) ;
#2896 = EDGE_LOOP ( 'NONE', ( #1186, #3462, #6733, #3963 ) ) ;
#2897 = VECTOR ( 'NONE', #2876, 1000.000000000000000 ) ;
#2898 = CARTESIAN_POINT ( 'NONE',  ( -20.00000000000000400, 15.80000000000000100, -1.000000000000000900 ) ) ;
#2899 = CARTESIAN_POINT ( 'NONE',  ( 21.39760795709357300, 15.79988773389020700, 2.599999999999996500 ) ) ;
#2900 = DIRECTION ( 'NONE',  ( -0.0000000000000000000, 1.000000000000000000, -0.0000000000000000000 ) ) ;
#2901 = EDGE_LOOP ( 'NONE', ( #1580, #3554, #2808, #82 ) ) ;
#2902 = ORIENTED_EDGE ( 'NONE', *, *, #480, .T. ) ;
#2903 = CARTESIAN_POINT ( 'NONE',  ( -19.99999999999999600, -9.806836608136517700, 12.00000000000000700 ) ) ;
#2904 = ORIENTED_EDGE ( 'NONE', *, *, #5431, .F. ) ;
#2905 = EDGE_LOOP ( 'NONE', ( #2832, #2717, #2281 ) ) ;
#2906 = AXIS2_PLACEMENT_3D ( 'NONE', #5951, #668, #3328 ) ;
#2907 = CARTESIAN_POINT ( 'NONE',  ( 15.80000000000000100, 16.30000000000000100, -1.700000000000002000 ) ) ;
#2908 = ORIENTED_EDGE ( 'NONE', *, *, #2921, .T. ) ;
#2909 = LINE ( 'NONE', #1314, #3413 ) ;
#2910 = EDGE_CURVE ( 'NONE', #4273, #61, #6674, .T. ) ;
#2911 = CARTESIAN_POINT ( 'NONE',  ( 0.1000000000000029100, 13.80000000000000100, -13.50000000000000000 ) ) ;
#2912 =( NAMED_UNIT ( * ) SI_UNIT ( $, .STERADIAN. ) SOLID_ANGLE_UNIT ( ) );
#2913 = VERTEX_POINT ( 'NONE', #2282 ) ;
#2914 =( NAMED_UNIT ( * ) PLANE_ANGLE_UNIT ( ) SI_UNIT ( $, .RADIAN. ) );
#2915 = VERTEX_POINT ( 'NONE', #6022 ) ;
#2916 = ORIENTED_EDGE ( 'NONE', *, *, #6350, .F. ) ;
#2917 = FACE_OUTER_BOUND ( 'NONE', #5838, .T. ) ;
#2918 = FILL_AREA_STYLE_COLOUR ( '', #3277 ) ;
#2919 = EDGE_CURVE ( 'NONE', #293, #1266, #3756, .T. ) ;
#2920 = ORIENTED_EDGE ( 'NONE', *, *, #4639, .T. ) ;
#2921 = EDGE_CURVE ( 'NONE', #5964, #1812, #776, .T. ) ;
#2922 = CARTESIAN_POINT ( 'NONE',  ( 18.60000000000000100, 15.00000000000000200, 2.599999999999997000 ) ) ;
#2923 = CARTESIAN_POINT ( 'NONE',  ( -23.00000000000000000, 90.11812087098393000, -15.00000000000000200 ) ) ;
#2924 = CARTESIAN_POINT ( 'NONE',  ( 0.1000000000000026100, 13.80000000000000100, -14.50000000000000000 ) ) ;
#2925 = LINE ( 'NONE', #1942, #1516 ) ;
#2926 = ADVANCED_FACE ( 'NONE', ( #5105 ), #145, .F. ) ;
#2927 = DIRECTION ( 'NONE',  ( -1.141265444721583800E-016, 0.0000000000000000000, -1.000000000000000000 ) ) ;
#2928 = VECTOR ( 'NONE', #3354, 1000.000000000000000 ) ;
#2929 = ORIENTED_EDGE ( 'NONE', *, *, #2168, .F. ) ;
#2930 = CIRCLE ( 'NONE', #2022, 0.2999999999999999300 ) ;
#2931 = EDGE_CURVE ( 'NONE', #3239, #4182, #5611, .T. ) ;
#2932 = STYLED_ITEM ( 'NONE', ( #6308 ), #6693 ) ;
#2933 = DIRECTION ( 'NONE',  ( 0.0000000000000000000, 1.000000000000000000, -0.0000000000000000000 ) ) ;
#2934 = VECTOR ( 'NONE', #1593, 1000.000000000000000 ) ;
#2935 = LINE ( 'NONE', #1272, #1365 ) ;
#2936 = DIRECTION ( 'NONE',  ( 0.3420201433256727100, -0.9396926207859068700, -4.228637518910063200E-017 ) ) ;
#2937 = DIRECTION ( 'NONE',  ( 0.0000000000000000000, 0.0000000000000000000, 1.000000000000000000 ) ) ;
#2938 = AXIS2_PLACEMENT_3D ( 'NONE', #3549, #4214, #2127 ) ;
#2939 = LINE ( 'NONE', #5250, #5542 ) ;
#2940 = DIRECTION ( 'NONE',  ( 0.0000000000000000000, 0.7071067811865487900, -0.7071067811865463500 ) ) ;
#2941 = DIRECTION ( 'NONE',  ( 0.0000000000000000000, 0.0000000000000000000, 1.000000000000000000 ) ) ;
#2942 = ORIENTED_EDGE ( 'NONE', *, *, #6396, .T. ) ;
#2943 = LINE ( 'NONE', #936, #1536 ) ;
#2944 =( GEOMETRIC_REPRESENTATION_CONTEXT ( 3 ) GLOBAL_UNCERTAINTY_ASSIGNED_CONTEXT ( ( #1173 ) ) GLOBAL_UNIT_ASSIGNED_CONTEXT ( ( #5958, #1301, #5018 ) ) REPRESENTATION_CONTEXT ( 'NONE', 'WORKASPACE' ) );
#2945 = DIRECTION ( 'NONE',  ( 0.0000000000000000000, 1.000000000000000000, -0.0000000000000000000 ) ) ;
#2946 = CARTESIAN_POINT ( 'NONE',  ( 20.50000000000000400, 14.30000000000000200, -5.500000000000004400 ) ) ;
#2947 = VERTEX_POINT ( 'NONE', #6122 ) ;
#2948 = CARTESIAN_POINT ( 'NONE',  ( 2.602085213965200000E-015, 17.60000000000000100, 2.999999999999982700 ) ) ;
#2949 = VECTOR ( 'NONE', #5645, 1000.000000000000000 ) ;
#2950 = CARTESIAN_POINT ( 'NONE',  ( 0.0000000000000000000, 0.0000000000000000000, -15.00000000000000200 ) ) ;
#2951 = ORIENTED_EDGE ( 'NONE', *, *, #440, .T. ) ;
#2952 = ORIENTED_EDGE ( 'NONE', *, *, #5300, .T. ) ;
#2953 = ADVANCED_FACE ( 'NONE', ( #2027 ), #5553, .F. ) ;
#2954 = LINE ( 'NONE', #1108, #5639 ) ;
#2955 = EDGE_CURVE ( 'NONE', #4005, #1911, #4677, .T. ) ;
#2956 = EDGE_CURVE ( 'NONE', #1831, #61, #3502, .T. ) ;
#2957 = ORIENTED_EDGE ( 'NONE', *, *, #3332, .T. ) ;
#2958 = COLOUR_RGB ( '',1.000000000000000000, 0.8117647058823529400, 0.5019607843137254800 ) ;
#2959 = DIRECTION ( 'NONE',  ( 0.0000000000000000000, 1.000000000000000000, 0.0000000000000000000 ) ) ;
#2960 = VERTEX_POINT ( 'NONE', #3524 ) ;
#2961 = VERTEX_POINT ( 'NONE', #295 ) ;
#2962 = DIRECTION ( 'NONE',  ( 0.0000000000000000000, 1.000000000000000000, -0.0000000000000000000 ) ) ;
#2963 = CARTESIAN_POINT ( 'NONE',  ( -8.199999999999999300, 17.60000000000000100, 1.250000000000000000 ) ) ;
#2964 = AXIS2_PLACEMENT_3D ( 'NONE', #5332, #4687, #2600 ) ;
#2965 = VECTOR ( 'NONE', #3219, 1000.000000000000000 ) ;
#2966 = CARTESIAN_POINT ( 'NONE',  ( -22.50000000000000000, 12.09999999999999800, -14.50000000000000000 ) ) ;
#2967 = EDGE_CURVE ( 'NONE', #4458, #3981, #2432, .T. ) ;
#2968 = ORIENTED_EDGE ( 'NONE', *, *, #3766, .F. ) ;
#2969 = DIRECTION ( 'NONE',  ( 0.0000000000000000000, 1.000000000000000000, 0.0000000000000000000 ) ) ;
#2970 = VERTEX_POINT ( 'NONE', #2849 ) ;
#2971 = DIRECTION ( 'NONE',  ( -0.0000000000000000000, -0.0000000000000000000, 1.000000000000000000 ) ) ;
#2972 = FACE_OUTER_BOUND ( 'NONE', #1507, .T. ) ;
#2973 = CARTESIAN_POINT ( 'NONE',  ( 17.30000000000000100, 14.90000000000000200, -1.700000000000002000 ) ) ;
#2974 = EDGE_LOOP ( 'NONE', ( #6255, #68, #532 ) ) ;
#2975 = FACE_OUTER_BOUND ( 'NONE', #224, .T. ) ;
#2976 = CARTESIAN_POINT ( 'NONE',  ( -18.60000000000000900, 15.00000000000000200, -0.8000000000000008200 ) ) ;
#2977 = DIRECTION ( 'NONE',  ( 0.0000000000000000000, 0.0000000000000000000, 1.000000000000000000 ) ) ;
#2978 = AXIS2_PLACEMENT_3D ( 'NONE', #3762, #42, #3778 ) ;
#2979 = CARTESIAN_POINT ( 'NONE',  ( 7.800000000000001600, 16.30000000000000100, -4.150000000000002100 ) ) ;
#2980 = CARTESIAN_POINT ( 'NONE',  ( 20.19999999999999900, 15.00000000000000200, 4.199999999999997500 ) ) ;
#2981 = CARTESIAN_POINT ( 'NONE',  ( -20.00000000000000400, 14.60000000000000100, -3.000000000000004000 ) ) ;
#2982 = ORIENTED_EDGE ( 'NONE', *, *, #1782, .F. ) ;
#2983 = CARTESIAN_POINT ( 'NONE',  ( -23.00000000000000000, 14.60000000000000100, 15.00000000000000200 ) ) ;
#2984 = ORIENTED_EDGE ( 'NONE', *, *, #1857, .T. ) ;
#2985 = VECTOR ( 'NONE', #5664, 1000.000000000000000 ) ;
#2986 = CARTESIAN_POINT ( 'NONE',  ( -23.00000000000000000, 2.000000000000000000, 0.0000000000000000000 ) ) ;
#2987 = UNCERTAINTY_MEASURE_WITH_UNIT (LENGTH_MEASURE( 1.000000000000000100E-005 ), #3290, 'distance_accuracy_value', 'NONE');
#2988 = ORIENTED_EDGE ( 'NONE', *, *, #750, .T. ) ;
#2989 = ORIENTED_EDGE ( 'NONE', *, *, #5374, .F. ) ;
#2990 = FACE_OUTER_BOUND ( 'NONE', #4921, .T. ) ;
#2991 = DIRECTION ( 'NONE',  ( 0.0000000000000000000, 0.0000000000000000000, 1.000000000000000000 ) ) ;
#2992 = AXIS2_PLACEMENT_3D ( 'NONE', #774, #6512, #3851 ) ;
#2993 = DIRECTION ( 'NONE',  ( -1.000000000000000000, 0.0000000000000000000, 0.0000000000000000000 ) ) ;
#2994 = VERTEX_POINT ( 'NONE', #322 ) ;
#2995 = ORIENTED_EDGE ( 'NONE', *, *, #382, .T. ) ;
#2996 = ORIENTED_EDGE ( 'NONE', *, *, #3233, .T. ) ;
#2997 = CIRCLE ( 'NONE', #6348, 1.249999999999999300 ) ;
#2998 = DIRECTION ( 'NONE',  ( -0.0000000000000000000, 1.000000000000000000, -0.0000000000000000000 ) ) ;
#2999 = DIRECTION ( 'NONE',  ( 0.0000000000000000000, 0.0000000000000000000, 1.000000000000000000 ) ) ;
#3000 = AXIS2_PLACEMENT_3D ( 'NONE', #1037, #492, #4188 ) ;
#3001 = ORIENTED_EDGE ( 'NONE', *, *, #3265, .F. ) ;
#3002 = DIRECTION ( 'NONE',  ( -1.000000000000000000, 0.0000000000000000000, 0.0000000000000000000 ) ) ;
#3003 = EDGE_CURVE ( 'NONE', #1721, #2396, #4166, .T. ) ;
#3004 = EDGE_LOOP ( 'NONE', ( #1305, #971 ) ) ;
#3005 = FACE_OUTER_BOUND ( 'NONE', #6435, .T. ) ;
#3006 = DIRECTION ( 'NONE',  ( 0.0000000000000000000, 1.000000000000000000, 0.0000000000000000000 ) ) ;
#3007 = CARTESIAN_POINT ( 'NONE',  ( -19.96082040065691000, 17.22620193547987800, -5.156708475599500300 ) ) ;
#3008 = SURFACE_STYLE_USAGE ( .BOTH. , #400 ) ;
#3009 = VECTOR ( 'NONE', #165, 1000.000000000000000 ) ;
#3010 = CYLINDRICAL_SURFACE ( 'NONE', #640, 4.000000000000000000 ) ;
#3011 = DIRECTION ( 'NONE',  ( -1.000000000000000000, 0.0000000000000000000, 0.0000000000000000000 ) ) ;
#3012 = PRESENTATION_LAYER_ASSIGNMENT (  '', '', ( #2661 ) ) ;
#3013 = EDGE_CURVE ( 'NONE', #2376, #6376, #6591, .T. ) ;
#3014 = DIRECTION ( 'NONE',  ( -0.0000000000000000000, 1.000000000000000000, -0.0000000000000000000 ) ) ;
#3015 = EDGE_CURVE ( 'NONE', #742, #5595, #5535, .T. ) ;
#3016 = CARTESIAN_POINT ( 'NONE',  ( -23.00000000000000000, 14.79999999999999400, -12.00000000000001200 ) ) ;
#3017 = LINE ( 'NONE', #2315, #1606 ) ;
#3018 = FACE_OUTER_BOUND ( 'NONE', #2663, .T. ) ;
#3019 = ORIENTED_EDGE ( 'NONE', *, *, #4852, .F. ) ;
#3020 = LINE ( 'NONE', #1702, #1781 ) ;
#3021 = FACE_OUTER_BOUND ( 'NONE', #3044, .T. ) ;
#3022 = CARTESIAN_POINT ( 'NONE',  ( 17.89999999999999900, 18.30000000000000100, -0.7000000000000027300 ) ) ;
#3023 = FACE_OUTER_BOUND ( 'NONE', #6236, .T. ) ;
#3024 = AXIS2_PLACEMENT_3D ( 'NONE', #2898, #6097, #906 ) ;
#3025 = CARTESIAN_POINT ( 'NONE',  ( 0.1000000000000028600, 14.05000000000000200, -12.45563491861041100 ) ) ;
#3026 = ORIENTED_EDGE ( 'NONE', *, *, #5971, .T. ) ;
#3027 = CARTESIAN_POINT ( 'NONE',  ( 18.61435935394489900, 15.80000000000000100, 2.999999999999996900 ) ) ;
#3028 = CARTESIAN_POINT ( 'NONE',  ( 0.0000000000000000000, 13.80000000000000100, -14.50000000000000000 ) ) ;
#3029 = CARTESIAN_POINT ( 'NONE',  ( -20.00000000000000400, 17.18963430942632400, -5.139656711530179200 ) ) ;
#3030 = LINE ( 'NONE', #4783, #876 ) ;
#3031 = DIRECTION ( 'NONE',  ( 0.0000000000000000000, 0.0000000000000000000, 1.000000000000000000 ) ) ;
#3032 = B_SPLINE_CURVE_WITH_KNOTS ( 'NONE', 3,
 ( #6156, #5224, #3596, #2500, #3578 ),
 .UNSPECIFIED., .F., .F.,
 ( 4, 1, 4 ),
 ( 0.003586025163544137100, 0.003593180841678782700, 0.003600336519813428800 ),
 .UNSPECIFIED. ) ;
#3033 = MECHANICAL_DESIGN_GEOMETRIC_PRESENTATION_REPRESENTATION (  '', ( #4869 ), #4588 ) ;
#3034 = ORIENTED_EDGE ( 'NONE', *, *, #4574, .F. ) ;
#3035 = LINE ( 'NONE', #5820, #1628 ) ;
#3036 = CARTESIAN_POINT ( 'NONE',  ( 19.40000000000000600, 13.80000000000000100, 0.0000000000000000000 ) ) ;
#3037 = CARTESIAN_POINT ( 'NONE',  ( 2.999999999999999100, 12.09999999999999800, 11.20000000000000100 ) ) ;
#3038 = ADVANCED_FACE ( 'NONE', ( #1205 ), #1286, .T. ) ;
#3039 = ORIENTED_EDGE ( 'NONE', *, *, #3013, .F. ) ;
#3040 = CIRCLE ( 'NONE', #4104, 4.500000000000000000 ) ;
#3041 = VERTEX_POINT ( 'NONE', #348 ) ;
#3042 = CARTESIAN_POINT ( 'NONE',  ( 4.251471862576130100, 13.80000000000000100, -7.879898987322351700 ) ) ;
#3043 = CARTESIAN_POINT ( 'NONE',  ( -21.40000000000000600, 15.00000000000000200, -1.200000000000001100 ) ) ;
#3044 = EDGE_LOOP ( 'NONE', ( #6537, #3733, #390 ) ) ;
#3045 = FACE_OUTER_BOUND ( 'NONE', #4905, .T. ) ;
#3046 = COLOUR_RGB ( '',1.000000000000000000, 0.8117647058823529400, 0.5019607843137254800 ) ;
#3047 = DIRECTION ( 'NONE',  ( -1.000000000000000000, 0.0000000000000000000, -1.577021341797097600E-016 ) ) ;
#3048 = DIRECTION ( 'NONE',  ( -0.0000000000000000000, -0.0000000000000000000, -1.000000000000000000 ) ) ;
#3049 = STYLED_ITEM ( 'NONE', ( #4622 ), #5482 ) ;
#3050 = PLANE ( 'NONE',  #3180 ) ;
#3051 = EDGE_CURVE ( 'NONE', #1156, #2220, #3834, .T. ) ;
#3052 = VERTEX_POINT ( 'NONE', #2946 ) ;
#3053 = EDGE_CURVE ( 'NONE', #3981, #409, #6188, .T. ) ;
#3054 = FACE_OUTER_BOUND ( 'NONE', #5678, .T. ) ;
#3055 = CIRCLE ( 'NONE', #797, 0.2999999999999981600 ) ;
#3056 = CARTESIAN_POINT ( 'NONE',  ( 23.00000000000000000, 11.70000000000000300, -15.00000000000000200 ) ) ;
#3057 = DIRECTION ( 'NONE',  ( 0.0000000000000000000, 0.0000000000000000000, 1.000000000000000000 ) ) ;
#3058 = ORIENTED_EDGE ( 'NONE', *, *, #5232, .F. ) ;
#3059 = EDGE_CURVE ( 'NONE', #6711, #796, #439, .T. ) ;
#3060 = ORIENTED_EDGE ( 'NONE', *, *, #3665, .F. ) ;
#3061 = CARTESIAN_POINT ( 'NONE',  ( 10.70000000000000100, 16.30000000000000100, -4.150000000000002100 ) ) ;
#3062 =( NAMED_UNIT ( * ) SI_UNIT ( $, .STERADIAN. ) SOLID_ANGLE_UNIT ( ) );
#3063 = PLANE ( 'NONE',  #5093 ) ;
#3064 = VERTEX_POINT ( 'NONE', #1883 ) ;
#3065 = ORIENTED_EDGE ( 'NONE', *, *, #5397, .F. ) ;
#3066 = ADVANCED_FACE ( 'NONE', ( #5273 ), #4054, .T. ) ;
#3067 = AXIS2_PLACEMENT_3D ( 'NONE', #344, #6779, #3630 ) ;
#3068 = CARTESIAN_POINT ( 'NONE',  ( -0.9999999999999991100, 2.000000000000000000, -14.99999999999999500 ) ) ;
#3069 = CARTESIAN_POINT ( 'NONE',  ( -19.88175104581392100, 17.30000000000000100, -5.189452598767572600 ) ) ;
#3070 = ORIENTED_EDGE ( 'NONE', *, *, #3436, .F. ) ;
#3071 = DIRECTION ( 'NONE',  ( 1.000000000000000000, 0.0000000000000000000, -1.807003620809185000E-016 ) ) ;
#3072 = CLOSED_SHELL ( 'NONE', ( #4512, #2591, #5562, #421, #1207 ) ) ;
#3073 = B_SPLINE_CURVE_WITH_KNOTS ( 'NONE', 3,
 ( #6566, #3363, #2785, #178, #1719, #3312 ),
 .UNSPECIFIED., .F., .F.,
 ( 4, 2, 4 ),
 ( 0.006669247038319660500, 0.006769671543532408000, 0.006870096048745156400 ),
 .UNSPECIFIED. ) ;
#3074 = ORIENTED_EDGE ( 'NONE', *, *, #2806, .F. ) ;
#3075 = COLOUR_RGB ( '',1.000000000000000000, 0.8117647058823529400, 0.5019607843137254800 ) ;
#3076 = ORIENTED_EDGE ( 'NONE', *, *, #6777, .T. ) ;
#3077 = EDGE_CURVE ( 'NONE', #4836, #1273, #5778, .T. ) ;
#3078 = CARTESIAN_POINT ( 'NONE',  ( -7.699999999999998400, 17.60000000000000100, 3.050000000000002500 ) ) ;
#3079 = ORIENTED_EDGE ( 'NONE', *, *, #3903, .T. ) ;
#3080 = PRESENTATION_LAYER_ASSIGNMENT (  '', '', ( #4737 ) ) ;
#3081 = CARTESIAN_POINT ( 'NONE',  ( -22.69999999999999900, 14.66963430942633000, 1.964561412979583400 ) ) ;
#3082 = ORIENTED_EDGE ( 'NONE', *, *, #5163, .F. ) ;
#3083 = SURFACE_STYLE_FILL_AREA ( #3779 ) ;
#3084 = ORIENTED_EDGE ( 'NONE', *, *, #2216, .T. ) ;
#3085 = CARTESIAN_POINT ( 'NONE',  ( 23.00000000000000700, 17.60000000000000500, 12.00000000000000900 ) ) ;
#3086 = PLANE ( 'NONE',  #4184 ) ;
#3087 = DIRECTION ( 'NONE',  ( 0.0000000000000000000, 0.0000000000000000000, -1.000000000000000000 ) ) ;
#3088 = AXIS2_PLACEMENT_3D ( 'NONE', #6453, #3403, #4368 ) ;
#3089 = EDGE_CURVE ( 'NONE', #3369, #140, #3669, .T. ) ;
#3090 = FACE_OUTER_BOUND ( 'NONE', #4251, .T. ) ;
#3091 = CARTESIAN_POINT ( 'NONE',  ( -0.2000000000000028100, 14.30000000000003400, -0.7000000000000008400 ) ) ;
#3092 = VERTEX_POINT ( 'NONE', #1399 ) ;
#3093 = FACE_OUTER_BOUND ( 'NONE', #2538, .T. ) ;
#3094 = DIRECTION ( 'NONE',  ( -2.392722035830079000E-016, 0.0000000000000000000, -1.000000000000000000 ) ) ;
#3095 =( LENGTH_UNIT ( ) NAMED_UNIT ( * ) SI_UNIT ( .MILLI., .METRE. ) );
#3096 = DIRECTION ( 'NONE',  ( 1.807003620809185000E-016, 0.0000000000000000000, 1.000000000000000000 ) ) ;
#3097 = FACE_OUTER_BOUND ( 'NONE', #5986, .T. ) ;
#3098 = AXIS2_PLACEMENT_3D ( 'NONE', #939, #2969, #2537 ) ;
#3099 = EDGE_CURVE ( 'NONE', #135, #3483, #265, .T. ) ;
#3100 = CARTESIAN_POINT ( 'NONE',  ( 4.039339828220167100, 13.80000000000000100, -8.092031021678314700 ) ) ;
#3101 = PLANE ( 'NONE',  #4652 ) ;
#3102 = PLANE ( 'NONE',  #4628 ) ;
#3103 = ADVANCED_FACE ( 'NONE', ( #4333 ), #1442, .T. ) ;
#3104 = VECTOR ( 'NONE', #2642, 1000.000000000000000 ) ;
#3105 = LINE ( 'NONE', #5905, #5711 ) ;
#3106 = ORIENTED_EDGE ( 'NONE', *, *, #2967, .F. ) ;
#3107 = CARTESIAN_POINT ( 'NONE',  ( -18.60000000000000900, 15.79983162191123800, -1.200000000000001100 ) ) ;
#3108 =( NAMED_UNIT ( * ) PLANE_ANGLE_UNIT ( ) SI_UNIT ( $, .RADIAN. ) );
#3109 = STYLED_ITEM ( 'NONE', ( #3216 ), #6399 ) ;
#3110 = LINE ( 'NONE', #1752, #3603 ) ;
#3111 = DIRECTION ( 'NONE',  ( 0.0000000000000000000, 0.0000000000000000000, 1.000000000000000000 ) ) ;
#3112 = CARTESIAN_POINT ( 'NONE',  ( -19.80000000000001100, 15.00000000000000200, -0.8000000000000008200 ) ) ;
#3113 = ORIENTED_EDGE ( 'NONE', *, *, #3410, .T. ) ;
#3114 = CARTESIAN_POINT ( 'NONE',  ( -23.00000000000000000, 17.60000000000000100, 3.000000000000002700 ) ) ;
#3115 = VECTOR ( 'NONE', #933, 1000.000000000000000 ) ;
#3116 = ORIENTED_EDGE ( 'NONE', *, *, #1332, .T. ) ;
#3117 = PRESENTATION_LAYER_ASSIGNMENT (  '', '', ( #5140 ) ) ;
#3118 = VERTEX_POINT ( 'NONE', #3022 ) ;
#3119 = DIRECTION ( 'NONE',  ( 0.0000000000000000000, 1.000000000000000000, -0.0000000000000000000 ) ) ;
#3120 = FACE_OUTER_BOUND ( 'NONE', #3509, .T. ) ;
#3121 = CARTESIAN_POINT ( 'NONE',  ( 20.00000000000000400, 15.80000000000000100, 2.799999999999997200 ) ) ;
#3122 = ORIENTED_EDGE ( 'NONE', *, *, #380, .F. ) ;
#3123 = CARTESIAN_POINT ( 'NONE',  ( 0.0000000000000000000, 14.05000000000000200, 0.0000000000000000000 ) ) ;
#3124 = CARTESIAN_POINT ( 'NONE',  ( -21.38564064605510900, 15.80000000000000100, -1.200000000000001100 ) ) ;
#3125 = ORIENTED_EDGE ( 'NONE', *, *, #5703, .F. ) ;
#3126 = ADVANCED_FACE ( 'NONE', ( #6506 ), #367, .F. ) ;
#3127 = AXIS2_PLACEMENT_3D ( 'NONE', #2259, #706, #4514 ) ;
#3128 = ORIENTED_EDGE ( 'NONE', *, *, #3013, .T. ) ;
#3129 = VECTOR ( 'NONE', #6607, 1000.000000000000000 ) ;
#3130 = EDGE_CURVE ( 'NONE', #205, #3241, #857, .T. ) ;
#3131 = DIRECTION ( 'NONE',  ( -0.0000000000000000000, -1.000000000000000000, -0.0000000000000000000 ) ) ;
#3132 = CARTESIAN_POINT ( 'NONE',  ( 19.80000000000000100, 15.00000000000000200, 1.399999999999996800 ) ) ;
#3133 = ORIENTED_EDGE ( 'NONE', *, *, #6221, .T. ) ;
#3134 = ORIENTED_EDGE ( 'NONE', *, *, #2260, .T. ) ;
#3135 = ADVANCED_FACE ( 'NONE', ( #4859 ), #2742, .F. ) ;
#3136 = DIRECTION ( 'NONE',  ( 0.0000000000000000000, 1.000000000000000000, 0.0000000000000000000 ) ) ;
#3137 = CARTESIAN_POINT ( 'NONE',  ( -20.00000000000000400, 15.20000000000000100, -1.000000000000000900 ) ) ;
#3138 = ORIENTED_EDGE ( 'NONE', *, *, #890, .F. ) ;
#3139 = LINE ( 'NONE', #5570, #5822 ) ;
#3140 = CARTESIAN_POINT ( 'NONE',  ( -1.524212566378997000E-015, 17.47321452147779300, -5.271892336111003300 ) ) ;
#3141 = DIRECTION ( 'NONE',  ( 0.0000000000000000000, 0.0000000000000000000, 1.000000000000000000 ) ) ;
#3142 = ORIENTED_EDGE ( 'NONE', *, *, #286, .T. ) ;
#3143 = LINE ( 'NONE', #2856, #733 ) ;
#3144 = EDGE_CURVE ( 'NONE', #3696, #6763, #1524, .T. ) ;
#3145 = EDGE_CURVE ( 'NONE', #1499, #4061, #2771, .T. ) ;
#3146 = DIRECTION ( 'NONE',  ( -0.0000000000000000000, 1.000000000000000000, -0.0000000000000000000 ) ) ;
#3147 = VERTEX_POINT ( 'NONE', #1713 ) ;
#3148 = ORIENTED_EDGE ( 'NONE', *, *, #881, .F. ) ;
#3149 = VECTOR ( 'NONE', #1310, 1000.000000000000000 ) ;
#3150 = DIRECTION ( 'NONE',  ( -1.000000000000000000, 0.0000000000000000000, 0.0000000000000000000 ) ) ;
#3151 = EDGE_CURVE ( 'NONE', #732, #3651, #4006, .T. ) ;
#3152 = VERTEX_POINT ( 'NONE', #6497 ) ;
#3153 = ORIENTED_EDGE ( 'NONE', *, *, #4620, .T. ) ;
#3154 = DIRECTION ( 'NONE',  ( 0.0000000000000000000, 1.000000000000000000, -0.0000000000000000000 ) ) ;
#3155 = CARTESIAN_POINT ( 'NONE',  ( 20.00000000000000400, 15.20000000000000100, 1.399999999999993700 ) ) ;
#3156 = ORIENTED_EDGE ( 'NONE', *, *, #1201, .F. ) ;
#3157 = CARTESIAN_POINT ( 'NONE',  ( -0.1999999999999987900, 17.60000000000000100, -0.7000000000000009500 ) ) ;
#3158 = ORIENTED_EDGE ( 'NONE', *, *, #4152, .F. ) ;
#3159 = ORIENTED_EDGE ( 'NONE', *, *, #3015, .T. ) ;
#3160 = AXIS2_PLACEMENT_3D ( 'NONE', #4177, #2, #2667 ) ;
#3161 = CARTESIAN_POINT ( 'NONE',  ( -23.00000000000000000, 2.000000000000000000, 15.00000000000000200 ) ) ;
#3162 = DIRECTION ( 'NONE',  ( -0.0000000000000000000, -1.000000000000000000, -0.0000000000000000000 ) ) ;
#3163 = DIRECTION ( 'NONE',  ( -5.782411586589356500E-015, -0.0000000000000000000, 1.000000000000000000 ) ) ;
#3164 = ORIENTED_EDGE ( 'NONE', *, *, #787, .F. ) ;
#3165 = PLANE ( 'NONE',  #403 ) ;
#3166 = LINE ( 'NONE', #2685, #1425 ) ;
#3167 = PLANE ( 'NONE',  #6370 ) ;
#3168 = AXIS2_PLACEMENT_3D ( 'NONE', #4274, #696, #3884 ) ;
#3169 = LINE ( 'NONE', #369, #3830 ) ;
#3170 = CARTESIAN_POINT ( 'NONE',  ( 18.60000000000000100, 15.00000000000000200, 2.999999999999996900 ) ) ;
#3171 = VECTOR ( 'NONE', #2186, 1000.000000000000000 ) ;
#3172 = ADVANCED_FACE ( 'NONE', ( #6347 ), #604, .F. ) ;
#3173 = FACE_OUTER_BOUND ( 'NONE', #1793, .T. ) ;
#3174 = DIRECTION ( 'NONE',  ( 1.635512977795596600E-016, -0.7071067811865487900, 0.7071067811865463500 ) ) ;
#3175 = PLANE ( 'NONE',  #806 ) ;
#3176 = FILL_AREA_STYLE ('',( #1127 ) ) ;
#3177 = VERTEX_POINT ( 'NONE', #108 ) ;
#3179 = CARTESIAN_POINT ( 'NONE',  ( -20.19999999999999600, 0.0000000000000000000, 14.50000000000000000 ) ) ;
#3178 = PRESENTATION_STYLE_ASSIGNMENT (( #2744 ) ) ;
#3180 = AXIS2_PLACEMENT_3D ( 'NONE', #2565, #3531, #1429 ) ;
#3181 = CARTESIAN_POINT ( 'NONE',  ( -19.80000000000000800, 15.80000000000000100, 0.3856406460551048400 ) ) ;
#3182 = EDGE_CURVE ( 'NONE', #5805, #5818, #4946, .T. ) ;
#3183 = EDGE_CURVE ( 'NONE', #211, #5307, #617, .T. ) ;
#3184 = SURFACE_STYLE_FILL_AREA ( #5187 ) ;
#3185 = CARTESIAN_POINT ( 'NONE',  ( 23.00000000000000700, 90.11812087098393000, 15.00000000000000200 ) ) ;
#3186 = PLANE ( 'NONE',  #5427 ) ;
#3187 = LINE ( 'NONE', #2950, #537 ) ;
#3188 = CARTESIAN_POINT ( 'NONE',  ( -18.45000000000000300, 17.30000000000000100, 5.600000000000002300 ) ) ;
#3189 = CARTESIAN_POINT ( 'NONE',  ( -18.60000000000000900, 15.00000000000000200, -0.8000000000000008200 ) ) ;
#3190 = ORIENTED_EDGE ( 'NONE', *, *, #5832, .T. ) ;
#3191 = EDGE_CURVE ( 'NONE', #197, #1896, #107, .T. ) ;
#3192 = ORIENTED_EDGE ( 'NONE', *, *, #980, .T. ) ;
#3193 = SURFACE_SIDE_STYLE ('',( #6628 ) ) ;
#3194 = CARTESIAN_POINT ( 'NONE',  ( 17.30000000000000100, 14.90000000000000200, -5.700000000000002000 ) ) ;
#3195 = CARTESIAN_POINT ( 'NONE',  ( -20.20000000000001400, 15.00000000000000200, -1.200000000000001100 ) ) ;
#3196 = UNCERTAINTY_MEASURE_WITH_UNIT (LENGTH_MEASURE( 1.000000000000000100E-005 ), #613, 'distance_accuracy_value', 'NONE');
#3197 = ORIENTED_EDGE ( 'NONE', *, *, #4335, .F. ) ;
#3198 = LINE ( 'NONE', #1933, #792 ) ;
#3199 = CARTESIAN_POINT ( 'NONE',  ( -4.799999999999997200, -9.806836608136517700, 12.00000000000000700 ) ) ;
#3200 = STYLED_ITEM ( 'NONE', ( #1430 ), #995 ) ;
#3201 = ORIENTED_EDGE ( 'NONE', *, *, #2131, .T. ) ;
#3202 = CARTESIAN_POINT ( 'NONE',  ( 19.80000000000000100, 15.79997184908131100, 4.192828729899347600 ) ) ;
#3203 = FACE_OUTER_BOUND ( 'NONE', #2051, .T. ) ;
#3204 = ORIENTED_EDGE ( 'NONE', *, *, #6230, .T. ) ;
#3205 = ADVANCED_FACE ( 'NONE', ( #4499 ), #2692, .F. ) ;
#3206 = DIRECTION ( 'NONE',  ( 0.0000000000000000000, 1.000000000000000000, 0.0000000000000000000 ) ) ;
#3207 = CARTESIAN_POINT ( 'NONE',  ( -21.39281777474241500, 15.79997197761761500, -1.200000000000001100 ) ) ;
#3208 = DIRECTION ( 'NONE',  ( -0.0000000000000000000, 0.0000000000000000000, 1.000000000000000000 ) ) ;
#3209 = CARTESIAN_POINT ( 'NONE',  ( 1.554484062111742800E-015, 14.30000000000000200, 1.792198103777231200 ) ) ;
#3210 = CARTESIAN_POINT ( 'NONE',  ( -19.80000000000000800, 15.79983162191124500, -2.400000000000001200 ) ) ;
#3211 = EDGE_LOOP ( 'NONE', ( #3192, #283, #300, #5520 ) ) ;
#3212 = EDGE_CURVE ( 'NONE', #1831, #6749, #1361, .T. ) ;
#3213 = LINE ( 'NONE', #332, #2724 ) ;
#3214 = AXIS2_PLACEMENT_3D ( 'NONE', #5341, #1657, #3775 ) ;
#3215 = LINE ( 'NONE', #651, #6062 ) ;
#3216 = PRESENTATION_STYLE_ASSIGNMENT (( #5294 ) ) ;
#3217 = DIRECTION ( 'NONE',  ( -0.0000000000000000000, -1.000000000000000000, -0.0000000000000000000 ) ) ;
#3218 = DIRECTION ( 'NONE',  ( 0.0000000000000000000, 0.0000000000000000000, 1.000000000000000000 ) ) ;
#3219 = DIRECTION ( 'NONE',  ( 0.0000000000000000000, -1.000000000000000000, 0.0000000000000000000 ) ) ;
#3220 = ORIENTED_EDGE ( 'NONE', *, *, #4186, .T. ) ;
#3221 = DIRECTION ( 'NONE',  ( 1.000000000000000000, 0.0000000000000000000, 0.0000000000000000000 ) ) ;
#3222 = AXIS2_PLACEMENT_3D ( 'NONE', #3956, #790, #934 ) ;
#3223 = EDGE_CURVE ( 'NONE', #3668, #6729, #3434, .T. ) ;
#3224 = SURFACE_SIDE_STYLE ('',( #77 ) ) ;
#3225 = DIRECTION ( 'NONE',  ( 0.0000000000000000000, 0.0000000000000000000, -1.000000000000000000 ) ) ;
#3226 = ORIENTED_EDGE ( 'NONE', *, *, #5011, .F. ) ;
#3227 = DIRECTION ( 'NONE',  ( -1.224646799147353200E-016, 1.000000000000000000, 0.0000000000000000000 ) ) ;
#3228 = ORIENTED_EDGE ( 'NONE', *, *, #4704, .F. ) ;
#3229 = VECTOR ( 'NONE', #6075, 1000.000000000000000 ) ;
#3230 = CARTESIAN_POINT ( 'NONE',  ( -1.000000000000006900, 14.30000000000000200, -6.424901762877136500E-016 ) ) ;
#3231 =( NAMED_UNIT ( * ) PLANE_ANGLE_UNIT ( ) SI_UNIT ( $, .RADIAN. ) );
#3232 = VERTEX_POINT ( 'NONE', #3261 ) ;
#3233 = EDGE_CURVE ( 'NONE', #6744, #6608, #3924, .T. ) ;
#3234 = EDGE_LOOP ( 'NONE', ( #606, #5116, #2295, #829 ) ) ;
#3235 = DIRECTION ( 'NONE',  ( -0.0000000000000000000, 1.000000000000000000, -0.0000000000000000000 ) ) ;
#3236 = ORIENTED_EDGE ( 'NONE', *, *, #59, .T. ) ;
#3237 = DIRECTION ( 'NONE',  ( 0.0000000000000000000, -1.000000000000000000, 0.0000000000000000000 ) ) ;
#3238 = DIRECTION ( 'NONE',  ( -0.0000000000000000000, 1.000000000000000000, -0.0000000000000000000 ) ) ;
#3239 = VERTEX_POINT ( 'NONE', #5937 ) ;
#3240 = CARTESIAN_POINT ( 'NONE',  ( -21.40000000000000600, 15.79983162191123800, -0.8000000000000008200 ) ) ;
#3241 = VERTEX_POINT ( 'NONE', #1169 ) ;
#3242 = COLOUR_RGB ( '',1.000000000000000000, 0.8117647058823529400, 0.5019607843137254800 ) ;
#3243 = ADVANCED_FACE ( 'NONE', ( #3093 ), #1775, .T. ) ;
#3244 = CARTESIAN_POINT ( 'NONE',  ( 0.0000000000000000000, 14.30000000000000200, -6.800000000000004300 ) ) ;
#3245 = AXIS2_PLACEMENT_3D ( 'NONE', #472, #1158, #1109 ) ;
#3246 = ORIENTED_EDGE ( 'NONE', *, *, #3455, .T. ) ;
#3247 = ORIENTED_EDGE ( 'NONE', *, *, #6054, .T. ) ;
#3248 = ORIENTED_EDGE ( 'NONE', *, *, #3484, .F. ) ;
#3249 = DIRECTION ( 'NONE',  ( -1.577021341797097600E-016, 0.0000000000000000000, 1.000000000000000000 ) ) ;
#3250 = ORIENTED_EDGE ( 'NONE', *, *, #5569, .T. ) ;
#3251 = STYLED_ITEM ( 'NONE', ( #6204 ), #1789 ) ;
#3252 = VECTOR ( 'NONE', #4502, 1000.000000000000100 ) ;
#3253 = CARTESIAN_POINT ( 'NONE',  ( -19.80000000000000800, 15.79983162191123800, 0.3999999999999990800 ) ) ;
#3254 = DIRECTION ( 'NONE',  ( -0.0000000000000000000, -0.0000000000000000000, 1.000000000000000000 ) ) ;
#3255 = CARTESIAN_POINT ( 'NONE',  ( -1.300000000000000900, 17.38786796564403800, -11.78786796564404900 ) ) ;
#3256 = LINE ( 'NONE', #1401, #2928 ) ;
#3257 = CIRCLE ( 'NONE', #5278, 0.2999999999999999300 ) ;
#3258 = ORIENTED_EDGE ( 'NONE', *, *, #1371, .T. ) ;
#3259 = VECTOR ( 'NONE', #2444, 1000.000000000000000 ) ;
#3260 = DIRECTION ( 'NONE',  ( 0.0000000000000000000, -0.0000000000000000000, -1.000000000000000000 ) ) ;
#3261 = CARTESIAN_POINT ( 'NONE',  ( -19.99999999999999600, 13.60000000000000300, -5.799999999999990900 ) ) ;
#3262 = CARTESIAN_POINT ( 'NONE',  ( -21.40000000000000900, 15.80005553644226900, -0.8668180347296983200 ) ) ;
#3263 = CIRCLE ( 'NONE', #5406, 0.2999999999999999300 ) ;
#3264 = CARTESIAN_POINT ( 'NONE',  ( -21.40000000000000600, 15.00000000000000200, -0.8000000000000008200 ) ) ;
#3265 = EDGE_CURVE ( 'NONE', #4182, #593, #4157, .T. ) ;
#3266 = CARTESIAN_POINT ( 'NONE',  ( 0.0000000000000000000, 14.60000000000000100, 0.0000000000000000000 ) ) ;
#3267 = CIRCLE ( 'NONE', #5899, 2.601077025535001800 ) ;
#3268 = DIRECTION ( 'NONE',  ( -1.000000000000000000, 0.0000000000000000000, 0.0000000000000000000 ) ) ;
#3269 = EDGE_CURVE ( 'NONE', #3064, #156, #1356, .T. ) ;
#3270 = EDGE_CURVE ( 'NONE', #3177, #2009, #521, .T. ) ;
#3271 = ADVANCED_FACE ( 'NONE', ( #768 ), #4489, .F. ) ;
#3272 = DIRECTION ( 'NONE',  ( -0.0000000000000000000, -1.000000000000000000, -0.0000000000000000000 ) ) ;
#3273 = DIRECTION ( 'NONE',  ( 1.000000000000000000, 0.0000000000000000000, 0.0000000000000000000 ) ) ;
#3274 = CARTESIAN_POINT ( 'NONE',  ( -20.20000000000000300, 15.80000000000000100, 0.3880380817421825700 ) ) ;
#3275 = ORIENTED_EDGE ( 'NONE', *, *, #972, .T. ) ;
#3276 = CARTESIAN_POINT ( 'NONE',  ( -19.80000000000000800, 15.79997202473769300, -2.392813747661822100 ) ) ;
#3277 = COLOUR_RGB ( '',1.000000000000000000, 0.8117647058823529400, 0.5019607843137254800 ) ;
#3278 = EDGE_CURVE ( 'NONE', #4033, #4621, #350, .T. ) ;
#3279 = VERTEX_POINT ( 'NONE', #5042 ) ;
#3280 =( GEOMETRIC_REPRESENTATION_CONTEXT ( 3 ) GLOBAL_UNCERTAINTY_ASSIGNED_CONTEXT ( ( #5394 ) ) GLOBAL_UNIT_ASSIGNED_CONTEXT ( ( #5043, #304, #2912 ) ) REPRESENTATION_CONTEXT ( 'NONE', 'WORKASPACE' ) );
#3281 = CARTESIAN_POINT ( 'NONE',  ( -19.99999999999998900, 17.60000000000000100, 3.000000000000000000 ) ) ;
#3282 = VECTOR ( 'NONE', #5800, 1000.000000000000000 ) ;
#3283 = CARTESIAN_POINT ( 'NONE',  ( -21.40000000000000600, 15.79983162191124200, -1.200000000000001100 ) ) ;
#3284 = EDGE_LOOP ( 'NONE', ( #2213, #6805, #2546 ) ) ;
#3285 = DIRECTION ( 'NONE',  ( -0.0000000000000000000, -0.0000000000000000000, 1.000000000000000000 ) ) ;
#3286 = DIRECTION ( 'NONE',  ( 0.0000000000000000000, 1.000000000000000000, -0.0000000000000000000 ) ) ;
#3287 = ORIENTED_EDGE ( 'NONE', *, *, #4336, .T. ) ;
#3288 = VECTOR ( 'NONE', #102, 1000.000000000000000 ) ;
#3289 = VERTEX_POINT ( 'NONE', #217 ) ;
#3290 =( LENGTH_UNIT ( ) NAMED_UNIT ( * ) SI_UNIT ( .MILLI., .METRE. ) );
#3291 = LINE ( 'NONE', #5275, #3536 ) ;
#3292 = DIRECTION ( 'NONE',  ( -0.0000000000000000000, -1.000000000000000000, -0.0000000000000000000 ) ) ;
#3293 = ORIENTED_EDGE ( 'NONE', *, *, #5299, .T. ) ;
#3294 = CARTESIAN_POINT ( 'NONE',  ( 20.19999999999999900, 15.00000000000000200, 4.199999999999997500 ) ) ;
#3295 = VERTEX_POINT ( 'NONE', #6605 ) ;
#3296 = SURFACE_STYLE_FILL_AREA ( #4634 ) ;
#3297 = CARTESIAN_POINT ( 'NONE',  ( -21.38564064605510900, 15.80000000000000100, -1.200000000000001100 ) ) ;
#3298 = CARTESIAN_POINT ( 'NONE',  ( -1.299999999999997800, 14.47573593128807400, -14.70000000000000100 ) ) ;
#3299 = CIRCLE ( 'NONE', #2100, 1.000000000000000900 ) ;
#3300 = CARTESIAN_POINT ( 'NONE',  ( 22.70000000000000600, 90.11812087098393000, 15.00000000000000200 ) ) ;
#3301 = VERTEX_POINT ( 'NONE', #6518 ) ;
#3302 = AXIS2_PLACEMENT_3D ( 'NONE', #3401, #6030, #2855 ) ;
#3303 = SURFACE_SIDE_STYLE ('',( #3765 ) ) ;
#3304 = ORIENTED_EDGE ( 'NONE', *, *, #2489, .F. ) ;
#3305 = CARTESIAN_POINT ( 'NONE',  ( 21.00000000000000400, 2.000000000000000000, 15.00000000000000200 ) ) ;
#3306 = LINE ( 'NONE', #6684, #5907 ) ;
#3307 = ORIENTED_EDGE ( 'NONE', *, *, #5831, .F. ) ;
#3308 = VECTOR ( 'NONE', #2141, 1000.000000000000000 ) ;
#3309 = CARTESIAN_POINT ( 'NONE',  ( 2.999999999999999100, 12.09999999999999800, 9.000000000000001800 ) ) ;
#3310 = CARTESIAN_POINT ( 'NONE',  ( -0.1999999999999987900, 12.09999999999999800, -0.7000000000000009500 ) ) ;
#3311 = ADVANCED_FACE ( 'NONE', ( #2351 ), #714, .F. ) ;
#3312 = CARTESIAN_POINT ( 'NONE',  ( -20.00000000000000400, 15.80000000000000100, -2.400000000000001200 ) ) ;
#3313 = DIRECTION ( 'NONE',  ( 0.0000000000000000000, -0.0000000000000000000, 1.000000000000000000 ) ) ;
#3314 = EDGE_LOOP ( 'NONE', ( #2184, #1609, #1215, #3810, #4332 ) ) ;
#3315 = AXIS2_PLACEMENT_3D ( 'NONE', #1144, #6432, #1670 ) ;
#3316 = VECTOR ( 'NONE', #62, 1000.000000000000000 ) ;
#3317 = ORIENTED_EDGE ( 'NONE', *, *, #6437, .T. ) ;
#3318 = SPHERICAL_SURFACE ( 'NONE', #4371, 0.2999999999999999900 ) ;
#3319 = EDGE_CURVE ( 'NONE', #1658, #4260, #1604, .T. ) ;
#3320 = EDGE_CURVE ( 'NONE', #4156, #1658, #6421, .T. ) ;
#3321 = CARTESIAN_POINT ( 'NONE',  ( 9.400000000000002100, 16.30000000000000100, -4.150000000000002100 ) ) ;
#3322 = DIRECTION ( 'NONE',  ( 0.0000000000000000000, 0.0000000000000000000, 1.000000000000000000 ) ) ;
#3323 = DIRECTION ( 'NONE',  ( -1.000000000000000000, 0.0000000000000000000, 3.469446951953614200E-016 ) ) ;
#3324 = CARTESIAN_POINT ( 'NONE',  ( -20.03333419849850100, 15.80000000000006500, -2.400000000000000400 ) ) ;
#3325 = ORIENTED_EDGE ( 'NONE', *, *, #2569, .F. ) ;
#3326 = VERTEX_POINT ( 'NONE', #2316 ) ;
#3327 = DIRECTION ( 'NONE',  ( 1.000000000000000000, 0.0000000000000000000, 0.0000000000000000000 ) ) ;
#3328 = DIRECTION ( 'NONE',  ( -1.000000000000000000, 0.0000000000000000000, 0.0000000000000000000 ) ) ;
#3329 = MANIFOLD_SOLID_BREP ( 'Connector', #3752 ) ;
#3330 = AXIS2_PLACEMENT_3D ( 'NONE', #1282, #5539, #2337 ) ;
#3331 = CARTESIAN_POINT ( 'NONE',  ( -9.799999999999998900, 17.30000000000000100, -4.800000000000000700 ) ) ;
#3332 = EDGE_CURVE ( 'NONE', #349, #2994, #2684, .T. ) ;
#3333 = ORIENTED_EDGE ( 'NONE', *, *, #2294, .F. ) ;
#3334 = ORIENTED_EDGE ( 'NONE', *, *, #468, .T. ) ;
#3335 = ORIENTED_EDGE ( 'NONE', *, *, #612, .T. ) ;
#3336 = DIRECTION ( 'NONE',  ( -0.0000000000000000000, 1.000000000000000000, -0.0000000000000000000 ) ) ;
#3337 = FILL_AREA_STYLE_COLOUR ( '', #2019 ) ;
#3338 = CARTESIAN_POINT ( 'NONE',  ( 19.79999999999999400, 15.00000000000000200, 2.599999999999997000 ) ) ;
#3339 = VERTEX_POINT ( 'NONE', #1235 ) ;
#3340 = DIRECTION ( 'NONE',  ( 0.0000000000000000000, 1.000000000000000000, 0.0000000000000000000 ) ) ;
#3341 = DIRECTION ( 'NONE',  ( -0.0000000000000000000, 1.000000000000000000, -0.0000000000000000000 ) ) ;
#3342 = PRESENTATION_STYLE_ASSIGNMENT (( #1021 ) ) ;
#3343 =( GEOMETRIC_REPRESENTATION_CONTEXT ( 3 ) GLOBAL_UNCERTAINTY_ASSIGNED_CONTEXT ( ( #523 ) ) GLOBAL_UNIT_ASSIGNED_CONTEXT ( ( #4624, #3571, #6767 ) ) REPRESENTATION_CONTEXT ( 'NONE', 'WORKASPACE' ) );
#3344 = LINE ( 'NONE', #5127, #6669 ) ;
#3345 = CARTESIAN_POINT ( 'NONE',  ( 1.606127506277133600E-015, 14.30000000000000200, 6.018151558664296600 ) ) ;
#3346 = FACE_OUTER_BOUND ( 'NONE', #2229, .T. ) ;
#3347 = DIRECTION ( 'NONE',  ( 0.0000000000000000000, 1.000000000000000000, -0.0000000000000000000 ) ) ;
#3348 = ORIENTED_EDGE ( 'NONE', *, *, #3212, .T. ) ;
#3349 = VECTOR ( 'NONE', #2831, 1000.000000000000000 ) ;
#3350 = CARTESIAN_POINT ( 'NONE',  ( -13.65000000000000000, 17.30000000000000100, -3.200000000000001500 ) ) ;
#3351 = EDGE_CURVE ( 'NONE', #1993, #2167, #5526, .T. ) ;
#3352 = ADVANCED_FACE ( 'NONE', ( #259 ), #4439, .F. ) ;
#3353 = FACE_OUTER_BOUND ( 'NONE', #5767, .T. ) ;
#3354 = DIRECTION ( 'NONE',  ( 0.0000000000000000000, -1.000000000000000000, -0.0000000000000000000 ) ) ;
#3355 = DIRECTION ( 'NONE',  ( -0.0000000000000000000, 0.0000000000000000000, 1.000000000000000000 ) ) ;
#3356 = FACE_OUTER_BOUND ( 'NONE', #2263, .T. ) ;
#3357 = PLANE ( 'NONE',  #2992 ) ;
#3358 = ORIENTED_EDGE ( 'NONE', *, *, #3130, .F. ) ;
#3359 = FACE_OUTER_BOUND ( 'NONE', #3639, .T. ) ;
#3360 = VECTOR ( 'NONE', #1404, 1000.000000000000000 ) ;
#3361 =( NAMED_UNIT ( * ) SI_UNIT ( $, .STERADIAN. ) SOLID_ANGLE_UNIT ( ) );
#3362 = AXIS2_PLACEMENT_3D ( 'NONE', #3155, #4286, #2727 ) ;
#3363 = CARTESIAN_POINT ( 'NONE',  ( -19.83332771820276700, 15.79994330673438800, -2.400000000000000800 ) ) ;
#3364 = EDGE_CURVE ( 'NONE', #4480, #3717, #3753, .T. ) ;
#3365 = EDGE_LOOP ( 'NONE', ( #4775, #4564, #2062, #1913, #1265 ) ) ;
#3366 = FACE_OUTER_BOUND ( 'NONE', #2401, .T. ) ;
#3367 = CARTESIAN_POINT ( 'NONE',  ( -7.699999999999998400, 17.60000000000000100, 1.800000000000002000 ) ) ;
#3368 = MECHANICAL_DESIGN_GEOMETRIC_PRESENTATION_REPRESENTATION (  '', ( #5880 ), #379 ) ;
#3369 = VERTEX_POINT ( 'NONE', #3381 ) ;
#3370 = CARTESIAN_POINT ( 'NONE',  ( -20.10000281861035300, 15.80000723708626300, -2.400000000000001200 ) ) ;
#3371 = LINE ( 'NONE', #2232, #454 ) ;
#3372 = EDGE_CURVE ( 'NONE', #911, #1327, #4671, .T. ) ;
#3373 = EDGE_CURVE ( 'NONE', #644, #6089, #6100, .T. ) ;
#3374 = FILL_AREA_STYLE_COLOUR ( '', #682 ) ;
#3375 = CARTESIAN_POINT ( 'NONE',  ( -20.19999999999999600, 0.0000000000000000000, 14.50000000000000000 ) ) ;
#3376 = ORIENTED_EDGE ( 'NONE', *, *, #4385, .F. ) ;
#3377 = CIRCLE ( 'NONE', #5029, 4.500000000000006200 ) ;
#3378 = EDGE_LOOP ( 'NONE', ( #3774, #5292, #27, #2579, #6004, #3742, #5756, #2179, #1079, #2215, #5797, #3615, #91, #4654, #5345, #3201, #3522 ) ) ;
#3379 = EDGE_CURVE ( 'NONE', #2296, #1738, #6758, .T. ) ;
#3380 = CARTESIAN_POINT ( 'NONE',  ( -22.69999999999999900, 17.47321452147778600, 3.271892336110993900 ) ) ;
#3381 = CARTESIAN_POINT ( 'NONE',  ( 20.19999999999999600, 15.80000000000000100, 2.999999999999996900 ) ) ;
#3382 = ORIENTED_EDGE ( 'NONE', *, *, #612, .F. ) ;
#3383 = DIRECTION ( 'NONE',  ( -0.0000000000000000000, -1.000000000000000000, -0.0000000000000000000 ) ) ;
#3384 = ADVANCED_FACE ( 'NONE', ( #5692 ), #5603, .F. ) ;
#3385 = DIRECTION ( 'NONE',  ( -2.312964634635743000E-016, 0.0000000000000000000, -1.000000000000000000 ) ) ;
#3386 = VECTOR ( 'NONE', #3859, 1000.000000000000000 ) ;
#3387 = DIRECTION ( 'NONE',  ( 0.0000000000000000000, 0.0000000000000000000, -1.000000000000000000 ) ) ;
#3388 = ORIENTED_EDGE ( 'NONE', *, *, #1729, .F. ) ;
#3389 = CARTESIAN_POINT ( 'NONE',  ( -4.699999999999860700, 14.30000000000006800, -0.7000000000000008400 ) ) ;
#3390 = AXIS2_PLACEMENT_3D ( 'NONE', #808, #836, #877 ) ;
#3391 = DIRECTION ( 'NONE',  ( -0.0000000000000000000, -1.000000000000000000, -0.0000000000000000000 ) ) ;
#3392 = LINE ( 'NONE', #1767, #4987 ) ;
#3393 = DIRECTION ( 'NONE',  ( 0.0000000000000000000, 1.000000000000000000, 0.0000000000000000000 ) ) ;
#3394 = DIRECTION ( 'NONE',  ( 1.000000000000000000, -0.0000000000000000000, 0.0000000000000000000 ) ) ;
#3395 = ORIENTED_EDGE ( 'NONE', *, *, #126, .T. ) ;
#3396 = FACE_OUTER_BOUND ( 'NONE', #4516, .T. ) ;
#3397 = ORIENTED_EDGE ( 'NONE', *, *, #3003, .T. ) ;
#3398 = AXIS2_PLACEMENT_3D ( 'NONE', #4478, #4462, #2873 ) ;
#3399 = DIRECTION ( 'NONE',  ( -0.0000000000000000000, 1.000000000000000000, -0.0000000000000000000 ) ) ;
#3400 = EDGE_CURVE ( 'NONE', #4796, #2404, #4245, .T. ) ;
#3401 = CARTESIAN_POINT ( 'NONE',  ( -20.00000000000000400, 15.80000000000000100, -1.000000000000000900 ) ) ;
#3402 = EDGE_LOOP ( 'NONE', ( #336, #2251, #1025, #4288 ) ) ;
#3403 = DIRECTION ( 'NONE',  ( -1.000000000000000000, 0.0000000000000000000, 5.782411586589356500E-015 ) ) ;
#3404 = ORIENTED_EDGE ( 'NONE', *, *, #1770, .F. ) ;
#3405 = SPHERICAL_SURFACE ( 'NONE', #3698, 0.2999999999999999900 ) ;
#3406 = CARTESIAN_POINT ( 'NONE',  ( 4.251471862576130100, 13.80000000000000100, -7.879898987322351700 ) ) ;
#3407 = AXIS2_PLACEMENT_3D ( 'NONE', #623, #44, #122 ) ;
#3408 = VERTEX_POINT ( 'NONE', #4524 ) ;
#3409 = ORIENTED_EDGE ( 'NONE', *, *, #2445, .T. ) ;
#3410 = EDGE_CURVE ( 'NONE', #2788, #5721, #5771, .T. ) ;
#3411 = EDGE_CURVE ( 'NONE', #2286, #825, #2925, .T. ) ;
#3412 = VERTEX_POINT ( 'NONE', #6701 ) ;
#3413 = VECTOR ( 'NONE', #820, 1000.000000000000000 ) ;
#3414 = CARTESIAN_POINT ( 'NONE',  ( 2.999999999999999100, 14.30000000000000200, 9.000000000000001800 ) ) ;
#3415 = CARTESIAN_POINT ( 'NONE',  ( 6.300000000000001600, 14.90000000000000200, -1.700000000000002000 ) ) ;
#3416 = UNCERTAINTY_MEASURE_WITH_UNIT (LENGTH_MEASURE( 1.000000000000000100E-005 ), #4871, 'distance_accuracy_value', 'NONE');
#3417 = ORIENTED_EDGE ( 'NONE', *, *, #788, .F. ) ;
#3418 = ADVANCED_FACE ( 'NONE', ( #2517 ), #1889, .F. ) ;
#3419 = ORIENTED_EDGE ( 'NONE', *, *, #6448, .F. ) ;
#3420 = LINE ( 'NONE', #3684, #2012 ) ;
#3421 = CARTESIAN_POINT ( 'NONE',  ( 23.00000000000000700, 90.11812087098393000, 15.00000000000000200 ) ) ;
#3422 = DIRECTION ( 'NONE',  ( 0.0000000000000000000, 1.000000000000000000, -0.0000000000000000000 ) ) ;
#3423 = EDGE_CURVE ( 'NONE', #3443, #5077, #101, .T. ) ;
#3424 = ORIENTED_EDGE ( 'NONE', *, *, #5528, .F. ) ;
#3425 = CARTESIAN_POINT ( 'NONE',  ( 14.20000000000000100, 16.30000000000000100, -4.150000000000002100 ) ) ;
#3426 = VECTOR ( 'NONE', #1764, 1000.000000000000000 ) ;
#3427 = CARTESIAN_POINT ( 'NONE',  ( -0.1999999999999947700, 0.0000000000000000000, 3.799999999999998500 ) ) ;
#3428 = CARTESIAN_POINT ( 'NONE',  ( -19.80000000000000800, 15.00000000000000200, 0.3999999999999990800 ) ) ;
#3429 = DIRECTION ( 'NONE',  ( 0.0000000000000000000, 1.000000000000000000, 0.0000000000000000000 ) ) ;
#3430 = CIRCLE ( 'NONE', #6809, 20.50000000000001400 ) ;
#3431 = AXIS2_PLACEMENT_3D ( 'NONE', #4912, #3313, #1675 ) ;
#3432 = DIRECTION ( 'NONE',  ( -0.0000000000000000000, -0.0000000000000000000, 1.000000000000000000 ) ) ;
#3433 = VERTEX_POINT ( 'NONE', #6678 ) ;
#3434 = LINE ( 'NONE', #1699, #6844 ) ;
#3435 =( NAMED_UNIT ( * ) PLANE_ANGLE_UNIT ( ) SI_UNIT ( $, .RADIAN. ) );
#3436 = EDGE_CURVE ( 'NONE', #6719, #4165, #1931, .T. ) ;
#3437 =( GEOMETRIC_REPRESENTATION_CONTEXT ( 3 ) GLOBAL_UNCERTAINTY_ASSIGNED_CONTEXT ( ( #2105 ) ) GLOBAL_UNIT_ASSIGNED_CONTEXT ( ( #921, #4725, #2499 ) ) REPRESENTATION_CONTEXT ( 'NONE', 'WORKASPACE' ) );
#3438 = DIRECTION ( 'NONE',  ( 2.312964634635743000E-016, 0.0000000000000000000, 1.000000000000000000 ) ) ;
#3439 = SURFACE_STYLE_FILL_AREA ( #4855 ) ;
#3440 = DIRECTION ( 'NONE',  ( -1.000000000000000000, 0.0000000000000000000, 0.0000000000000000000 ) ) ;
#3441 = VECTOR ( 'NONE', #2430, 1000.000000000000000 ) ;
#3442 = DIRECTION ( 'NONE',  ( 1.000000000000000000, 0.0000000000000000000, 0.0000000000000000000 ) ) ;
#3443 = VERTEX_POINT ( 'NONE', #4606 ) ;
#3444 = SPHERICAL_SURFACE ( 'NONE', #3955, 0.2999999999999999900 ) ;
#3445 = AXIS2_PLACEMENT_3D ( 'NONE', #3885, #5020, #6158 ) ;
#3446 = DIRECTION ( 'NONE',  ( -0.0000000000000000000, 1.000000000000000000, -0.0000000000000000000 ) ) ;
#3447 = ADVANCED_FACE ( 'NONE', ( #6836 ), #2399, .F. ) ;
#3448 = EDGE_CURVE ( 'NONE', #947, #1128, #2344, .T. ) ;
#3449 = CLOSED_SHELL ( 'NONE', ( #6222, #4898, #965, #1878, #6325 ) ) ;
#3450 = FACE_BOUND ( 'NONE', #1835, .T. ) ;
#3451 = ORIENTED_EDGE ( 'NONE', *, *, #4023, .T. ) ;
#3452 = FILL_AREA_STYLE ('',( #1353 ) ) ;
#3453 = DIRECTION ( 'NONE',  ( 0.0000000000000000000, -0.0000000000000000000, -1.000000000000000000 ) ) ;
#3454 = PLANE ( 'NONE',  #3565 ) ;
#3455 = EDGE_CURVE ( 'NONE', #3865, #140, #6342, .T. ) ;
#3456 = ORIENTED_EDGE ( 'NONE', *, *, #2615, .F. ) ;
#3457 = LINE ( 'NONE', #1527, #4710 ) ;
#3458 =( NAMED_UNIT ( * ) PLANE_ANGLE_UNIT ( ) SI_UNIT ( $, .RADIAN. ) );
#3459 = ORIENTED_EDGE ( 'NONE', *, *, #1551, .T. ) ;
#3460 = ORIENTED_EDGE ( 'NONE', *, *, #285, .T. ) ;
#3461 = CARTESIAN_POINT ( 'NONE',  ( -20.99999999999999600, 2.000000000000000000, 17.00000000000000000 ) ) ;
#3462 = ORIENTED_EDGE ( 'NONE', *, *, #2089, .T. ) ;
#3463 = CYLINDRICAL_SURFACE ( 'NONE', #6137, 0.3000000000000016500 ) ;
#3464 = CARTESIAN_POINT ( 'NONE',  ( -19.99999999999999300, 14.30000000000000200, -3.792198103777250800 ) ) ;
#3465 = LINE ( 'NONE', #3281, #657 ) ;
#3466 = DIRECTION ( 'NONE',  ( 0.0000000000000000000, 0.0000000000000000000, -1.000000000000000000 ) ) ;
#3467 = DIRECTION ( 'NONE',  ( 2.392722035830079000E-016, 0.0000000000000000000, 1.000000000000000000 ) ) ;
#3468 = DIRECTION ( 'NONE',  ( -1.000000000000000000, 0.0000000000000000000, 0.0000000000000000000 ) ) ;
#3469 = CARTESIAN_POINT ( 'NONE',  ( -23.00000000000000000, 11.70000000000000300, -15.00000000000000200 ) ) ;
#3470 = ORIENTED_EDGE ( 'NONE', *, *, #835, .T. ) ;
#3471 = VERTEX_POINT ( 'NONE', #2911 ) ;
#3472 = VECTOR ( 'NONE', #4937, 1000.000000000000000 ) ;
#3473 = FILL_AREA_STYLE_COLOUR ( '', #1008 ) ;
#3474 = EDGE_LOOP ( 'NONE', ( #4379, #6403, #3544, #4067, #1107, #32, #5691, #5908, #1757, #1495 ) ) ;
#3475 = VECTOR ( 'NONE', #3174, 1000.000000000000000 ) ;
#3476 = ORIENTED_EDGE ( 'NONE', *, *, #4891, .F. ) ;
#3477 = FACE_OUTER_BOUND ( 'NONE', #6218, .T. ) ;
#3478 = ADVANCED_FACE ( 'NONE', ( #687 ), #4040, .F. ) ;
#3479 = DIRECTION ( 'NONE',  ( -1.000000000000000000, 0.0000000000000000000, 0.0000000000000000000 ) ) ;
#3480 = ORIENTED_EDGE ( 'NONE', *, *, #6396, .F. ) ;
#3481 = STYLED_ITEM ( 'NONE', ( #4565 ), #4032 ) ;
#3482 = DIRECTION ( 'NONE',  ( 7.910804958453289400E-017, 0.9396926207859068700, 0.3420201433256727100 ) ) ;
#3483 = VERTEX_POINT ( 'NONE', #3642 ) ;
#3484 = EDGE_CURVE ( 'NONE', #3741, #4372, #4941, .T. ) ;
#3485 = DIRECTION ( 'NONE',  ( 0.0000000000000000000, 0.0000000000000000000, 1.000000000000000000 ) ) ;
#3486 = VERTEX_POINT ( 'NONE', #4678 ) ;
#3487 = CARTESIAN_POINT ( 'NONE',  ( 23.00000000000000000, 90.11812087098393000, -15.00000000000000200 ) ) ;
#3488 = CARTESIAN_POINT ( 'NONE',  ( 1.360007988293215400E-016, 14.30000000000000200, 1.099999999999996100 ) ) ;
#3489 = EDGE_LOOP ( 'NONE', ( #763, #2005, #2227, #5713 ) ) ;
#3490 = ORIENTED_EDGE ( 'NONE', *, *, #569, .T. ) ;
#3491 = UNCERTAINTY_MEASURE_WITH_UNIT (LENGTH_MEASURE( 1.000000000000000100E-005 ), #3728, 'distance_accuracy_value', 'NONE');
#3492 =( GEOMETRIC_REPRESENTATION_CONTEXT ( 3 ) GLOBAL_UNCERTAINTY_ASSIGNED_CONTEXT ( ( #4120 ) ) GLOBAL_UNIT_ASSIGNED_CONTEXT ( ( #1449, #4610, #6796 ) ) REPRESENTATION_CONTEXT ( 'NONE', 'WORKASPACE' ) );
#3493 = EDGE_CURVE ( 'NONE', #6091, #2409, #3659, .T. ) ;
#3494 = EDGE_CURVE ( 'NONE', #6492, #727, #935, .T. ) ;
#3495 = DIRECTION ( 'NONE',  ( -0.0000000000000000000, 1.000000000000000000, -0.0000000000000000000 ) ) ;
#3496 = LINE ( 'NONE', #6248, #1275 ) ;
#3497 = CARTESIAN_POINT ( 'NONE',  ( 0.0000000000000000000, 18.30000000000000100, 0.0000000000000000000 ) ) ;
#3498 = LINE ( 'NONE', #2774, #2261 ) ;
#3499 = COLOUR_RGB ( '',1.000000000000000000, 0.8117647058823529400, 0.5019607843137254800 ) ;
#3500 = DIRECTION ( 'NONE',  ( -0.0000000000000000000, 1.000000000000000000, -0.0000000000000000000 ) ) ;
#3501 = VERTEX_POINT ( 'NONE', #2561 ) ;
#3502 = CIRCLE ( 'NONE', #4012, 0.2999999999999999300 ) ;
#3503 = EDGE_CURVE ( 'NONE', #6410, #4303, #1103, .T. ) ;
#3504 = DIRECTION ( 'NONE',  ( 0.0000000000000000000, 0.0000000000000000000, 1.000000000000000000 ) ) ;
#3505 = AXIS2_PLACEMENT_3D ( 'NONE', #6178, #2473, #4552 ) ;
#3506 = CARTESIAN_POINT ( 'NONE',  ( 23.00000000000001100, 84.23840201404608800, 31.15439479217804600 ) ) ;
#3507 = LINE ( 'NONE', #2599, #6508 ) ;
#3508 = VECTOR ( 'NONE', #1488, 1000.000000000000000 ) ;
#3509 = EDGE_LOOP ( 'NONE', ( #1398, #5802, #1753, #6694 ) ) ;
#3510 = DIRECTION ( 'NONE',  ( -0.7095034569200100400, 0.6622032264586756900, 0.2410222634660026100 ) ) ;
#3511 = DIRECTION ( 'NONE',  ( 0.0000000000000000000, 1.000000000000000000, -0.0000000000000000000 ) ) ;
#3512 = ADVANCED_FACE ( 'NONE', ( #4845 ), #5699, .F. ) ;
#3513 = AXIS2_PLACEMENT_3D ( 'NONE', #1137, #625, #1759 ) ;
#3514 = LINE ( 'NONE', #5743, #446 ) ;
#3515 = VECTOR ( 'NONE', #2871, 1000.000000000000100 ) ;
#3516 = DIRECTION ( 'NONE',  ( -0.0000000000000000000, -1.000000000000000000, -0.0000000000000000000 ) ) ;
#3517 = PLANE ( 'NONE',  #3572 ) ;
#3518 = ADVANCED_FACE ( 'NONE', ( #6176 ), #3994, .F. ) ;
#3519 = EDGE_LOOP ( 'NONE', ( #4914, #4469 ) ) ;
#3520 = CARTESIAN_POINT ( 'NONE',  ( 15.50000000000000200, 16.30000000000000100, -1.700000000000002000 ) ) ;
#3521 = FACE_OUTER_BOUND ( 'NONE', #5410, .T. ) ;
#3522 = ORIENTED_EDGE ( 'NONE', *, *, #2625, .F. ) ;
#3523 = MECHANICAL_DESIGN_GEOMETRIC_PRESENTATION_REPRESENTATION (  '', ( #1050 ), #3784 ) ;
#3524 = CARTESIAN_POINT ( 'NONE',  ( 0.5556349186104006000, 14.05000000000000200, -12.00000000000000700 ) ) ;
#3525 = ORIENTED_EDGE ( 'NONE', *, *, #1584, .F. ) ;
#3526 = CARTESIAN_POINT ( 'NONE',  ( -20.20000000000001400, 15.80000000000000100, -0.8000000000000010400 ) ) ;
#3527 = FACE_BOUND ( 'NONE', #4230, .T. ) ;
#3528 = CARTESIAN_POINT ( 'NONE',  ( -19.96082040065690000, 17.22620193547989200, 3.156708475599503000 ) ) ;
#3529 = AXIS2_PLACEMENT_3D ( 'NONE', #2235, #1689, #2802 ) ;
#3530 = ORIENTED_EDGE ( 'NONE', *, *, #3663, .F. ) ;
#3531 = DIRECTION ( 'NONE',  ( 0.0000000000000000000, 1.000000000000000000, 0.0000000000000000000 ) ) ;
#3532 = LINE ( 'NONE', #2120, #5215 ) ;
#3533 = EDGE_CURVE ( 'NONE', #5402, #5388, #5178, .T. ) ;
#3534 = EDGE_CURVE ( 'NONE', #6067, #1873, #3745, .T. ) ;
#3535 = EDGE_LOOP ( 'NONE', ( #5972, #4035, #2011, #1737, #2868 ) ) ;
#3536 = VECTOR ( 'NONE', #4194, 1000.000000000000000 ) ;
#3537 = ORIENTED_EDGE ( 'NONE', *, *, #5650, .F. ) ;
#3538 = CARTESIAN_POINT ( 'NONE',  ( -18.60000000000001600, 15.80005446952545800, -0.8664996575141659100 ) ) ;
#3539 = LINE ( 'NONE', #46, #2377 ) ;
#3540 =( LENGTH_UNIT ( ) NAMED_UNIT ( * ) SI_UNIT ( .MILLI., .METRE. ) );
#3541 = CARTESIAN_POINT ( 'NONE',  ( 19.40000000000000600, 14.30000000000000200, -6.800000000000004300 ) ) ;
#3542 = EDGE_CURVE ( 'NONE', #2947, #4303, #3496, .T. ) ;
#3543 = DIRECTION ( 'NONE',  ( -0.6038772616713569100, 0.5636187775599327300, -0.5636187775599307300 ) ) ;
#3544 = ORIENTED_EDGE ( 'NONE', *, *, #1015, .T. ) ;
#3545 = DIRECTION ( 'NONE',  ( -0.0000000000000000000, -1.000000000000000000, 0.0000000000000000000 ) ) ;
#3546 = VECTOR ( 'NONE', #5685, 1000.000000000000000 ) ;
#3547 = EDGE_LOOP ( 'NONE', ( #4615, #6438, #3258, #4397 ) ) ;
#3548 = CIRCLE ( 'NONE', #3445, 4.500000000000000000 ) ;
#3549 = CARTESIAN_POINT ( 'NONE',  ( -0.1999999999999953200, 1.499999999999999600, -0.7000000000000008400 ) ) ;
#3550 = ADVANCED_FACE ( 'NONE', ( #6666 ), #2057, .F. ) ;
#3551 = AXIS2_PLACEMENT_3D ( 'NONE', #2721, #5940, #1700 ) ;
#3552 = CARTESIAN_POINT ( 'NONE',  ( 2.999999999999999100, 13.50000000000000200, 8.000000000000000000 ) ) ;
#3553 = DIRECTION ( 'NONE',  ( 0.0000000000000000000, -1.000000000000000000, 0.0000000000000000000 ) ) ;
#3554 = ORIENTED_EDGE ( 'NONE', *, *, #4613, .F. ) ;
#3555 = LINE ( 'NONE', #1177, #5236 ) ;
#3556 = ORIENTED_EDGE ( 'NONE', *, *, #881, .T. ) ;
#3557 = COLOUR_RGB ( '',1.000000000000000000, 0.8117647058823529400, 0.5019607843137254800 ) ;
#3558 = EDGE_LOOP ( 'NONE', ( #3451, #4195, #3825, #560 ) ) ;
#3559 = SURFACE_SIDE_STYLE ('',( #6375 ) ) ;
#3560 = VERTEX_POINT ( 'NONE', #1470 ) ;
#3561 = VECTOR ( 'NONE', #615, 1000.000000000000000 ) ;
#3562 = CARTESIAN_POINT ( 'NONE',  ( 3.827207793864204200, 13.80000000000000100, -7.579898987322353700 ) ) ;
#3563 = EDGE_CURVE ( 'NONE', #4260, #2641, #1926, .T. ) ;
#3564 = CARTESIAN_POINT ( 'NONE',  ( 15.80000000000000100, 16.30000000000000100, -4.150000000000002100 ) ) ;
#3565 = AXIS2_PLACEMENT_3D ( 'NONE', #6058, #1357, #2415 ) ;
#3566 = CARTESIAN_POINT ( 'NONE',  ( 0.0000000000000000000, 14.05000000000000200, -6.800000000000004300 ) ) ;
#3567 = CARTESIAN_POINT ( 'NONE',  ( -0.9999999999999974500, 12.09999999999999800, -14.70000000000000100 ) ) ;
#3568 = EDGE_LOOP ( 'NONE', ( #5091, #5967 ) ) ;
#3569 = ORIENTED_EDGE ( 'NONE', *, *, #795, .F. ) ;
#3570 = ORIENTED_EDGE ( 'NONE', *, *, #1864, .F. ) ;
#3571 =( NAMED_UNIT ( * ) PLANE_ANGLE_UNIT ( ) SI_UNIT ( $, .RADIAN. ) );
#3572 = AXIS2_PLACEMENT_3D ( 'NONE', #3566, #4536, #6686 ) ;
#3573 = ORIENTED_EDGE ( 'NONE', *, *, #6185, .T. ) ;
#3574 = ORIENTED_EDGE ( 'NONE', *, *, #2797, .F. ) ;
#3575 = EDGE_CURVE ( 'NONE', #409, #6091, #3577, .T. ) ;
#3576 = ORIENTED_EDGE ( 'NONE', *, *, #3847, .F. ) ;
#3577 = CIRCLE ( 'NONE', #5467, 2.000000000000003600 ) ;
#3578 = CARTESIAN_POINT ( 'NONE',  ( 19.80000000000000100, 15.80000000000000100, 1.414359353944892000 ) ) ;
#3579 = DIRECTION ( 'NONE',  ( -0.0000000000000000000, 1.000000000000000000, -0.0000000000000000000 ) ) ;
#3580 = VERTEX_POINT ( 'NONE', #422 ) ;
#3581 = AXIS2_PLACEMENT_3D ( 'NONE', #6098, #247, #6164 ) ;
#3582 = EDGE_CURVE ( 'NONE', #2169, #2826, #6501, .T. ) ;
#3583 = DIRECTION ( 'NONE',  ( 1.000000000000000000, 0.0000000000000000000, 0.0000000000000000000 ) ) ;
#3584 = VECTOR ( 'NONE', #3272, 1000.000000000000000 ) ;
#3585 = CARTESIAN_POINT ( 'NONE',  ( 0.0000000000000000000, 17.30000000000000100, -11.87573593128808900 ) ) ;
#3586 = VECTOR ( 'NONE', #966, 1000.000000000000000 ) ;
#3587 = ADVANCED_FACE ( 'NONE', ( #2104 ), #5858, .T. ) ;
#3588 = PRESENTATION_STYLE_ASSIGNMENT (( #1140 ) ) ;
#3589 = FACE_OUTER_BOUND ( 'NONE', #2516, .T. ) ;
#3590 = AXIS2_PLACEMENT_3D ( 'NONE', #2560, #6815, #4756 ) ;
#3591 = DIRECTION ( 'NONE',  ( 1.466251640036206800E-015, 0.9063077870366494900, -0.4226182617407002200 ) ) ;
#3592 = CARTESIAN_POINT ( 'NONE',  ( -0.1999999999999987900, 12.09999999999999800, 3.299999999999998900 ) ) ;
#3593 = PLANE ( 'NONE',  #1690 ) ;
#3594 = CARTESIAN_POINT ( 'NONE',  ( -19.99999999999998600, 17.18963430942634200, 3.139656711530184100 ) ) ;
#3595 = CARTESIAN_POINT ( 'NONE',  ( 2.680936281055066400E-015, 0.0000000000000000000, -17.00000000000000000 ) ) ;
#3596 = CARTESIAN_POINT ( 'NONE',  ( 19.80000000000000100, 15.79997188846810000, 1.407174622799076000 ) ) ;
#3597 = FACE_OUTER_BOUND ( 'NONE', #368, .T. ) ;
#3598 = CARTESIAN_POINT ( 'NONE',  ( -21.40000000000000600, 15.00000000000000200, -1.200000000000001100 ) ) ;
#3599 = DIRECTION ( 'NONE',  ( -5.782411586589356500E-015, 0.0000000000000000000, 1.000000000000000000 ) ) ;
#3600 = ORIENTED_EDGE ( 'NONE', *, *, #2786, .T. ) ;
#3601 = PRESENTATION_LAYER_ASSIGNMENT (  '', '', ( #4313 ) ) ;
#3602 = ORIENTED_EDGE ( 'NONE', *, *, #2177, .T. ) ;
#3603 = VECTOR ( 'NONE', #4402, 1000.000000000000000 ) ;
#3604 = DIRECTION ( 'NONE',  ( 0.0000000000000000000, 0.0000000000000000000, 1.000000000000000000 ) ) ;
#3605 = CARTESIAN_POINT ( 'NONE',  ( 17.59191070279861800, 14.60000000000000100, 6.899999999999993200 ) ) ;
#3606 = CARTESIAN_POINT ( 'NONE',  ( 18.60000000000000100, 15.80005446952545400, 2.666499657514163100 ) ) ;
#3607 = CLOSED_SHELL ( 'NONE', ( #1172, #3616, #2101, #249, #6154, #5775, #1862, #3655, #6288, #4347, #1274, #5630, #5496, #844, #1686, #387, #6691, #110, #4968, #3172, #6018, #6587 ) ) ;
#3608 = FACE_BOUND ( 'NONE', #2017, .T. ) ;
#3609 = PRESENTATION_LAYER_ASSIGNMENT (  '', '', ( #2076 ) ) ;
#3610 = ORIENTED_EDGE ( 'NONE', *, *, #1948, .T. ) ;
#3611 = EDGE_CURVE ( 'NONE', #6411, #4178, #1028, .T. ) ;
#3612 = CARTESIAN_POINT ( 'NONE',  ( -23.00000000000000000, 14.79999999999999000, 1.694338557165998300 ) ) ;
#3613 = EDGE_LOOP ( 'NONE', ( #4892, #5793, #2501, #5016, #4541 ) ) ;
#3614 = LINE ( 'NONE', #4681, #6618 ) ;
#3615 = ORIENTED_EDGE ( 'NONE', *, *, #6063, .T. ) ;
#3616 = ADVANCED_FACE ( 'NONE', ( #6750 ), #3914, .T. ) ;
#3617 = CARTESIAN_POINT ( 'NONE',  ( 20.03349073937593900, 15.80000000000006100, 1.399999999999996800 ) ) ;
#3618 = DIRECTION ( 'NONE',  ( -1.000000000000000000, -0.0000000000000000000, -0.0000000000000000000 ) ) ;
#3619 = AXIS2_PLACEMENT_3D ( 'NONE', #26, #1190, #2807 ) ;
#3620 = ORIENTED_EDGE ( 'NONE', *, *, #1895, .T. ) ;
#3621 = CARTESIAN_POINT ( 'NONE',  ( 6.277817459305206100, 14.05000000000000200, -6.277817459305151900 ) ) ;
#3622 = EDGE_CURVE ( 'NONE', #6833, #1489, #764, .T. ) ;
#3623 = VERTEX_POINT ( 'NONE', #5274 ) ;
#3624 = EDGE_CURVE ( 'NONE', #5214, #3501, #3420, .T. ) ;
#3625 = VECTOR ( 'NONE', #220, 1000.000000000000000 ) ;
#3626 = DIRECTION ( 'NONE',  ( 0.0000000000000000000, 0.0000000000000000000, 1.000000000000000000 ) ) ;
#3627 = VECTOR ( 'NONE', #2763, 1000.000000000000000 ) ;
#3628 = DIRECTION ( 'NONE',  ( -0.0000000000000000000, 1.000000000000000000, -0.0000000000000000000 ) ) ;
#3629 = DIRECTION ( 'NONE',  ( 0.0000000000000000000, 0.0000000000000000000, 1.000000000000000000 ) ) ;
#3630 = DIRECTION ( 'NONE',  ( 0.0000000000000000000, 0.0000000000000000000, 1.000000000000000000 ) ) ;
#3631 = DIRECTION ( 'NONE',  ( -2.891205793294678600E-015, 0.0000000000000000000, -1.000000000000000000 ) ) ;
#3632 = ORIENTED_EDGE ( 'NONE', *, *, #2158, .F. ) ;
#3633 = EDGE_CURVE ( 'NONE', #4128, #2275, #2847, .T. ) ;
#3634 = EDGE_LOOP ( 'NONE', ( #1349, #3034, #2059, #1506 ) ) ;
#3635 = FACE_OUTER_BOUND ( 'NONE', #6895, .T. ) ;
#3636 = VERTEX_POINT ( 'NONE', #4246 ) ;
#3637 = VECTOR ( 'NONE', #1682, 1000.000000000000000 ) ;
#3638 = CARTESIAN_POINT ( 'NONE',  ( -18.45000000000000300, 12.09999999999999800, 4.350000000000001400 ) ) ;
#3639 = EDGE_LOOP ( 'NONE', ( #1952, #229, #5443, #1596, #5591, #1049, #2562 ) ) ;
#3640 = CARTESIAN_POINT ( 'NONE',  ( 20.19999999999999900, 15.79983162191123800, 4.199999999999997500 ) ) ;
#3641 = CARTESIAN_POINT ( 'NONE',  ( -20.00000000000000400, 15.80000000000000100, 0.3999999999999990800 ) ) ;
#3642 = CARTESIAN_POINT ( 'NONE',  ( -0.1999999999999953200, 1.499999999999999600, 3.799999999999998500 ) ) ;
#3643 = DIRECTION ( 'NONE',  ( 0.3420201433256727100, -0.9396926207859068700, -4.228637518910063200E-017 ) ) ;
#3644 = CARTESIAN_POINT ( 'NONE',  ( 19.80000000000000400, 0.2000000000000000100, 14.50000000000000000 ) ) ;
#3645 = EDGE_LOOP ( 'NONE', ( #4842, #5053, #4664, #6306 ) ) ;
#3646 = ORIENTED_EDGE ( 'NONE', *, *, #5138, .F. ) ;
#3647 = FACE_OUTER_BOUND ( 'NONE', #2901, .T. ) ;
#3648 = CARTESIAN_POINT ( 'NONE',  ( 14.50000000000000000, 16.30000000000000100, -4.450000000000002000 ) ) ;
#3649 = ORIENTED_EDGE ( 'NONE', *, *, #5070, .F. ) ;
#3650 = PLANE ( 'NONE',  #83 ) ;
#3651 = VERTEX_POINT ( 'NONE', #4800 ) ;
#3652 = DIRECTION ( 'NONE',  ( 1.000000000000000000, 0.0000000000000000000, 7.228014483236697000E-017 ) ) ;
#3653 = ORIENTED_EDGE ( 'NONE', *, *, #6231, .T. ) ;
#3654 = LINE ( 'NONE', #6061, #5934 ) ;
#3655 = ADVANCED_FACE ( 'NONE', ( #850 ), #3186, .F. ) ;
#3656 = CARTESIAN_POINT ( 'NONE',  ( 19.79999999999999400, 15.80000000000000100, 2.599999999999997000 ) ) ;
#3657 = VERTEX_POINT ( 'NONE', #6377 ) ;
#3658 = VERTEX_POINT ( 'NONE', #2132 ) ;
#3659 = LINE ( 'NONE', #473, #6095 ) ;
#3660 = DIRECTION ( 'NONE',  ( 0.0000000000000000000, 0.0000000000000000000, -1.000000000000000000 ) ) ;
#3661 = CARTESIAN_POINT ( 'NONE',  ( 9.400000000000002100, 16.30000000000000100, -4.150000000000002100 ) ) ;
#3662 = AXIS2_PLACEMENT_3D ( 'NONE', #2185, #1121, #3789 ) ;
#3663 = EDGE_CURVE ( 'NONE', #2525, #378, #3166, .T. ) ;
#3664 = LINE ( 'NONE', #1228, #855 ) ;
#3665 = EDGE_CURVE ( 'NONE', #484, #4156, #2258, .T. ) ;
#3666 = SURFACE_STYLE_FILL_AREA ( #4206 ) ;
#3667 = DIRECTION ( 'NONE',  ( -7.426784881525699100E-015, -1.000000000000000000, -0.0000000000000000000 ) ) ;
#3668 = VERTEX_POINT ( 'NONE', #5369 ) ;
#3669 = LINE ( 'NONE', #5146, #5450 ) ;
#3670 = APPLICATION_CONTEXT ( 'automotive_design' ) ;
#3671 = CARTESIAN_POINT ( 'NONE',  ( -19.80000000000001100, 15.80000000000000100, -1.200000000000001100 ) ) ;
#3672 = SPHERICAL_SURFACE ( 'NONE', #2675, 0.2999999999999999900 ) ;
#3673 = VECTOR ( 'NONE', #609, 1000.000000000000000 ) ;
#3674 = EDGE_CURVE ( 'NONE', #3339, #4730, #4233, .T. ) ;
#3675 = DIRECTION ( 'NONE',  ( 0.0000000000000000000, 0.0000000000000000000, 1.000000000000000000 ) ) ;
#3676 = CARTESIAN_POINT ( 'NONE',  ( 12.60000000000000100, 16.30000000000000100, -4.150000000000002100 ) ) ;
#3677 = FACE_OUTER_BOUND ( 'NONE', #3923, .T. ) ;
#3678 = ORIENTED_EDGE ( 'NONE', *, *, #4655, .T. ) ;
#3679 = DIRECTION ( 'NONE',  ( 0.0000000000000000000, 0.0000000000000000000, 1.000000000000000000 ) ) ;
#3680 = CIRCLE ( 'NONE', #222, 1.400000000000003700 ) ;
#3681 = CARTESIAN_POINT ( 'NONE',  ( -22.69999999999999900, 14.30000000000000200, -3.792198103777249900 ) ) ;
#3682 = EDGE_LOOP ( 'NONE', ( #3915, #3801, #131, #4716 ) ) ;
#3683 = ADVANCED_FACE ( 'NONE', ( #4408 ), #5596, .T. ) ;
#3684 = CARTESIAN_POINT ( 'NONE',  ( -19.99999999999999600, 14.30000000000000200, 12.00000000000000700 ) ) ;
#3685 = ORIENTED_EDGE ( 'NONE', *, *, #5343, .F. ) ;
#3686 = CARTESIAN_POINT ( 'NONE',  ( 0.0000000000000000000, 14.05000000000000200, 0.0000000000000000000 ) ) ;
#3687 = LINE ( 'NONE', #5128, #6371 ) ;
#3688 = B_SPLINE_CURVE_WITH_KNOTS ( 'NONE', 3,
 ( #5200, #4576, #1445, #6198, #6265 ),
 .UNSPECIFIED., .F., .F.,
 ( 4, 1, 4 ),
 ( 0.0008251932643149324600, 0.0008323080342449417600, 0.0008394228041749510600 ),
 .UNSPECIFIED. ) ;
#3689 = ORIENTED_EDGE ( 'NONE', *, *, #1818, .T. ) ;
#3690 = AXIS2_PLACEMENT_3D ( 'NONE', #3497, #937, #5191 ) ;
#3691 = DIRECTION ( 'NONE',  ( 5.782411586589356500E-015, 0.0000000000000000000, 1.000000000000000000 ) ) ;
#3692 = ORIENTED_EDGE ( 'NONE', *, *, #1595, .T. ) ;
#3693 = DIRECTION ( 'NONE',  ( 0.0000000000000000000, 0.0000000000000000000, 1.000000000000000000 ) ) ;
#3694 = DIRECTION ( 'NONE',  ( 0.0000000000000000000, -0.0000000000000000000, 1.000000000000000000 ) ) ;
#3695 = DIRECTION ( 'NONE',  ( 0.0000000000000000000, -0.9063077870366494900, -0.4226182617407002200 ) ) ;
#3696 = VERTEX_POINT ( 'NONE', #4778 ) ;
#3697 = UNCERTAINTY_MEASURE_WITH_UNIT (LENGTH_MEASURE( 1.000000000000000100E-005 ), #536, 'distance_accuracy_value', 'NONE');
#3698 = AXIS2_PLACEMENT_3D ( 'NONE', #1564, #2634, #3755 ) ;
#3699 = ORIENTED_EDGE ( 'NONE', *, *, #426, .F. ) ;
#3700 = LINE ( 'NONE', #3255, #4113 ) ;
#3701 = EDGE_CURVE ( 'NONE', #6167, #6871, #5521, .T. ) ;
#3702 = CARTESIAN_POINT ( 'NONE',  ( 22.70000000000000600, 17.38786796564404100, 11.78786796564404500 ) ) ;
#3703 = VECTOR ( 'NONE', #1345, 1000.000000000000000 ) ;
#3704 = CARTESIAN_POINT ( 'NONE',  ( 9.890967187587007500E-017, 17.60000000000000100, 0.7999999999999962700 ) ) ;
#3705 =( NAMED_UNIT ( * ) SI_UNIT ( $, .STERADIAN. ) SOLID_ANGLE_UNIT ( ) );
#3706 = DIRECTION ( 'NONE',  ( -2.507856691506899400E-016, 0.3420201433256727700, -0.9396926207859069800 ) ) ;
#3707 = DIRECTION ( 'NONE',  ( -1.000000000000000000, 0.0000000000000000000, 0.0000000000000000000 ) ) ;
#3708 = VERTEX_POINT ( 'NONE', #1110 ) ;
#3709 = DIRECTION ( 'NONE',  ( 0.0000000000000000000, 0.0000000000000000000, -1.000000000000000000 ) ) ;
#3710 = FILL_AREA_STYLE_COLOUR ( '', #2464 ) ;
#3711 = CIRCLE ( 'NONE', #6101, 4.000000000000000000 ) ;
#3712 = DIRECTION ( 'NONE',  ( 0.0000000000000000000, 1.000000000000000000, 0.0000000000000000000 ) ) ;
#3713 = VECTOR ( 'NONE', #5381, 1000.000000000000000 ) ;
#3714 = EDGE_CURVE ( 'NONE', #3301, #578, #5849, .T. ) ;
#3715 = EDGE_CURVE ( 'NONE', #4081, #4658, #1189, .T. ) ;
#3716 = CARTESIAN_POINT ( 'NONE',  ( -0.2000000000000028100, 14.30000000000003400, -0.7000000000000008400 ) ) ;
#3717 = VERTEX_POINT ( 'NONE', #1567 ) ;
#3718 = FACE_OUTER_BOUND ( 'NONE', #4531, .T. ) ;
#3719 = ORIENTED_EDGE ( 'NONE', *, *, #2041, .F. ) ;
#3720 = VECTOR ( 'NONE', #2386, 1000.000000000000000 ) ;
#3721 = DIRECTION ( 'NONE',  ( 0.0000000000000000000, 0.0000000000000000000, 1.000000000000000000 ) ) ;
#3722 = DIRECTION ( 'NONE',  ( 0.0000000000000000000, -0.0000000000000000000, 1.000000000000000000 ) ) ;
#3723 = ADVANCED_FACE ( 'NONE', ( #3005 ), #4854, .T. ) ;
#3724 = MECHANICAL_DESIGN_GEOMETRIC_PRESENTATION_REPRESENTATION (  '', ( #2312 ), #991 ) ;
#3725 = VERTEX_POINT ( 'NONE', #3253 ) ;
#3726 = ORIENTED_EDGE ( 'NONE', *, *, #6397, .T. ) ;
#3727 = LINE ( 'NONE', #3773, #3561 ) ;
#3728 =( LENGTH_UNIT ( ) NAMED_UNIT ( * ) SI_UNIT ( .MILLI., .METRE. ) );
#3729 = CARTESIAN_POINT ( 'NONE',  ( 14.20000000000000100, 16.30000000000000100, -4.150000000000002100 ) ) ;
#3730 = FILL_AREA_STYLE_COLOUR ( '', #1263 ) ;
#3731 = ORIENTED_EDGE ( 'NONE', *, *, #3760, .F. ) ;
#3732 = CARTESIAN_POINT ( 'NONE',  ( 20.50000000000000400, 14.60000000000000100, -14.70000000000000100 ) ) ;
#3733 = ORIENTED_EDGE ( 'NONE', *, *, #4284, .F. ) ;
#3734 = ORIENTED_EDGE ( 'NONE', *, *, #538, .F. ) ;
#3735 = AXIS2_PLACEMENT_3D ( 'NONE', #6003, #4904, #5974 ) ;
#3736 = CARTESIAN_POINT ( 'NONE',  ( 3.827207793864204200, 14.30000000000000200, -7.579898987322353700 ) ) ;
#3737 = DIRECTION ( 'NONE',  ( -0.0000000000000000000, -1.000000000000000000, -0.0000000000000000000 ) ) ;
#3738 = DIRECTION ( 'NONE',  ( 0.0000000000000000000, -0.0000000000000000000, 1.000000000000000000 ) ) ;
#3739 =( NAMED_UNIT ( * ) SI_UNIT ( $, .STERADIAN. ) SOLID_ANGLE_UNIT ( ) );
#3740 = DIRECTION ( 'NONE',  ( -0.7071067811865444600, 0.0000000000000000000, -0.7071067811865505700 ) ) ;
#3741 = VERTEX_POINT ( 'NONE', #4193 ) ;
#3742 = ORIENTED_EDGE ( 'NONE', *, *, #938, .F. ) ;
#3743 = DIRECTION ( 'NONE',  ( -0.0000000000000000000, -0.0000000000000000000, 1.000000000000000000 ) ) ;
#3744 = ORIENTED_EDGE ( 'NONE', *, *, #4108, .F. ) ;
#3745 = LINE ( 'NONE', #3595, #1196 ) ;
#3746 = DIRECTION ( 'NONE',  ( 5.782411586589356500E-015, -0.0000000000000000000, 1.000000000000000000 ) ) ;
#3747 = CARTESIAN_POINT ( 'NONE',  ( -0.7171572875253815500, 14.05000000000000200, -12.00000000000000900 ) ) ;
#3748 = AXIS2_PLACEMENT_3D ( 'NONE', #3858, #6048, #1281 ) ;
#3749 = ORIENTED_EDGE ( 'NONE', *, *, #2304, .F. ) ;
#3750 = CARTESIAN_POINT ( 'NONE',  ( -1.300000000000005600, 17.30000000000000400, -11.87573593128808400 ) ) ;
#3751 = CARTESIAN_POINT ( 'NONE',  ( 22.70000000000000600, 12.10000000000000000, 15.00000000000000200 ) ) ;
#3752 = CLOSED_SHELL ( 'NONE', ( #2550, #1335, #1999, #30, #5318, #2373, #6841, #5530, #2442, #3311, #3103 ) ) ;
#3753 = CIRCLE ( 'NONE', #6299, 0.2999999999999999300 ) ;
#3754 = LINE ( 'NONE', #3161, #6190 ) ;
#3755 = DIRECTION ( 'NONE',  ( -1.000000000000000000, 0.0000000000000000000, 0.0000000000000000000 ) ) ;
#3757 = DIRECTION ( 'NONE',  ( 0.0000000000000000000, 0.0000000000000000000, 1.000000000000000000 ) ) ;
#3756 = LINE ( 'NONE', #5488, #1854 ) ;
#3758 = AXIS2_PLACEMENT_3D ( 'NONE', #5722, #5680, #2502 ) ;
#3759 = EDGE_CURVE ( 'NONE', #4433, #2970, #1681, .T. ) ;
#3760 = EDGE_CURVE ( 'NONE', #4718, #1656, #2590, .T. ) ;
#3761 = ADVANCED_FACE ( 'NONE', ( #1761 ), #4337, .F. ) ;
#3762 = CARTESIAN_POINT ( 'NONE',  ( -13.65000000000000000, 12.09999999999999800, -4.450000000000001100 ) ) ;
#3763 = CARTESIAN_POINT ( 'NONE',  ( 0.0000000000000000000, 14.05000000000000200, -14.50000000000000000 ) ) ;
#3764 = FACE_OUTER_BOUND ( 'NONE', #254, .T. ) ;
#3765 = SURFACE_STYLE_FILL_AREA ( #2778 ) ;
#3766 = EDGE_CURVE ( 'NONE', #2890, #1573, #2997, .T. ) ;
#3767 = ORIENTED_EDGE ( 'NONE', *, *, #2850, .T. ) ;
#3768 = DIRECTION ( 'NONE',  ( 1.807003620809185000E-016, 0.0000000000000000000, 1.000000000000000000 ) ) ;
#3769 =( NAMED_UNIT ( * ) PLANE_ANGLE_UNIT ( ) SI_UNIT ( $, .RADIAN. ) );
#3770 = ORIENTED_EDGE ( 'NONE', *, *, #1500, .T. ) ;
#3771 = FACE_OUTER_BOUND ( 'NONE', #917, .T. ) ;
#3772 = DIRECTION ( 'NONE',  ( 0.0000000000000000000, -0.0000000000000000000, 1.000000000000000000 ) ) ;
#3773 = CARTESIAN_POINT ( 'NONE',  ( 9.890967187587007500E-017, 14.30000000000000200, 0.7999999999999962700 ) ) ;
#3774 = ORIENTED_EDGE ( 'NONE', *, *, #1199, .F. ) ;
#3775 = DIRECTION ( 'NONE',  ( -1.000000000000000000, 0.0000000000000000000, -0.0000000000000000000 ) ) ;
#3776 = FACE_BOUND ( 'NONE', #2598, .T. ) ;
#3777 = EDGE_LOOP ( 'NONE', ( #5507, #2982, #6703, #1148, #2254 ) ) ;
#3778 = DIRECTION ( 'NONE',  ( 0.0000000000000000000, 0.0000000000000000000, 1.000000000000000000 ) ) ;
#3779 = FILL_AREA_STYLE ('',( #2193 ) ) ;
#3780 = DIRECTION ( 'NONE',  ( -0.0000000000000000000, -1.000000000000000000, -0.0000000000000000000 ) ) ;
#3781 = CARTESIAN_POINT ( 'NONE',  ( -22.50000000000000000, 14.30000000000000200, -14.50000000000000000 ) ) ;
#3782 = ORIENTED_EDGE ( 'NONE', *, *, #6495, .T. ) ;
#3783 = LINE ( 'NONE', #1085, #4890 ) ;
#3784 =( GEOMETRIC_REPRESENTATION_CONTEXT ( 3 ) GLOBAL_UNCERTAINTY_ASSIGNED_CONTEXT ( ( #4428 ) ) GLOBAL_UNIT_ASSIGNED_CONTEXT ( ( #6560, #1827, #3361 ) ) REPRESENTATION_CONTEXT ( 'NONE', 'WORKASPACE' ) );
#3785 = ORIENTED_EDGE ( 'NONE', *, *, #1637, .F. ) ;
#3786 = DIRECTION ( 'NONE',  ( -1.000000000000000000, 0.0000000000000000000, -1.156482317317873100E-015 ) ) ;
#3787 = CARTESIAN_POINT ( 'NONE',  ( 18.60239450085677900, 15.79988779154824900, 2.599999999999997900 ) ) ;
#3788 = ORIENTED_EDGE ( 'NONE', *, *, #2208, .F. ) ;
#3789 = DIRECTION ( 'NONE',  ( 0.0000000000000000000, -0.0000000000000000000, 1.000000000000000000 ) ) ;
#3790 = ADVANCED_FACE ( 'NONE', ( #3908 ), #3875, .F. ) ;
#3791 = CARTESIAN_POINT ( 'NONE',  ( -0.1999999999999987900, 12.09999999999999800, -0.7000000000000009500 ) ) ;
#3792 = FACE_OUTER_BOUND ( 'NONE', #1955, .T. ) ;
#3793 = PLANE ( 'NONE',  #5002 ) ;
#3794 =( GEOMETRIC_REPRESENTATION_CONTEXT ( 3 ) GLOBAL_UNCERTAINTY_ASSIGNED_CONTEXT ( ( #296 ) ) GLOBAL_UNIT_ASSIGNED_CONTEXT ( ( #3540, #363, #908 ) ) REPRESENTATION_CONTEXT ( 'NONE', 'WORKASPACE' ) );
#3795 = EDGE_CURVE ( 'NONE', #5818, #6135, #1508, .T. ) ;
#3796 = SURFACE_STYLE_USAGE ( .BOTH. , #3224 ) ;
#3797 = DIRECTION ( 'NONE',  ( -0.0000000000000000000, 1.000000000000000000, -0.0000000000000000000 ) ) ;
#3798 = EDGE_LOOP ( 'NONE', ( #1897, #6386, #761, #6151 ) ) ;
#3799 = FACE_OUTER_BOUND ( 'NONE', #2142, .T. ) ;
#3800 = CARTESIAN_POINT ( 'NONE',  ( -4.799999999999997200, 14.30000000000000200, -5.799999999999992700 ) ) ;
#3801 = ORIENTED_EDGE ( 'NONE', *, *, #2477, .F. ) ;
#3802 = LINE ( 'NONE', #3170, #6473 ) ;
#3803 = SURFACE_SIDE_STYLE ('',( #3083 ) ) ;
#3804 = AXIS2_PLACEMENT_3D ( 'NONE', #34, #1241, #5503 ) ;
#3805 = ORIENTED_EDGE ( 'NONE', *, *, #1991, .T. ) ;
#3806 = EDGE_CURVE ( 'NONE', #5077, #2331, #4932, .T. ) ;
#3807 = VERTEX_POINT ( 'NONE', #5997 ) ;
#3808 = CYLINDRICAL_SURFACE ( 'NONE', #3929, 0.2999999999999999300 ) ;
#3809 = CARTESIAN_POINT ( 'NONE',  ( -20.00000000000000400, 15.20000000000000100, 0.4000000000000023500 ) ) ;
#3810 = ORIENTED_EDGE ( 'NONE', *, *, #5670, .T. ) ;
#3811 = CARTESIAN_POINT ( 'NONE',  ( 19.80000000000000100, 15.79983162191122800, 4.199999999999997500 ) ) ;
#3812 = ORIENTED_EDGE ( 'NONE', *, *, #1199, .T. ) ;
#3813 = CARTESIAN_POINT ( 'NONE',  ( 19.80000000000000400, 0.2000000000000000100, 9.000000000000001800 ) ) ;
#3814 = ORIENTED_EDGE ( 'NONE', *, *, #1637, .T. ) ;
#3815 = LINE ( 'NONE', #6330, #594 ) ;
#3816 = SURFACE_SIDE_STYLE ('',( #6852 ) ) ;
#3817 = AXIS2_PLACEMENT_3D ( 'NONE', #6443, #5950, #595 ) ;
#3818 = CARTESIAN_POINT ( 'NONE',  ( -23.00000000000000000, 12.09999999999999800, -15.00000000000000200 ) ) ;
#3819 = AXIS2_PLACEMENT_3D ( 'NONE', #5859, #5370, #5810 ) ;
#3820 = ORIENTED_EDGE ( 'NONE', *, *, #5080, .F. ) ;
#3821 = ORIENTED_EDGE ( 'NONE', *, *, #6448, .T. ) ;
#3822 = ORIENTED_EDGE ( 'NONE', *, *, #5650, .T. ) ;
#3823 = CARTESIAN_POINT ( 'NONE',  ( -19.79530452489198600, 17.38068341952714100, 0.0000000000000000000 ) ) ;
#3824 = CARTESIAN_POINT ( 'NONE',  ( -0.1999999999999982900, 12.09999999999999800, -4.700000000000001100 ) ) ;
#3825 = ORIENTED_EDGE ( 'NONE', *, *, #834, .T. ) ;
#3826 = ADVANCED_FACE ( 'NONE', ( #1268 ), #5486, .F. ) ;
#3827 = STYLED_ITEM ( 'NONE', ( #1203 ), #2524 ) ;
#3828 = CARTESIAN_POINT ( 'NONE',  ( -20.19999999999999600, 0.0000000000000000000, 9.000000000000001800 ) ) ;
#3829 = DIRECTION ( 'NONE',  ( -1.000000000000000000, -0.0000000000000000000, -0.0000000000000000000 ) ) ;
#3830 = VECTOR ( 'NONE', #993, 1000.000000000000200 ) ;
#3831 =( LENGTH_UNIT ( ) NAMED_UNIT ( * ) SI_UNIT ( .MILLI., .METRE. ) );
#3832 = CIRCLE ( 'NONE', #6685, 0.2999999999999999300 ) ;
#3833 = ORIENTED_EDGE ( 'NONE', *, *, #2241, .F. ) ;
#3834 = LINE ( 'NONE', #6621, #1034 ) ;
#3835 = DIRECTION ( 'NONE',  ( 0.0000000000000000000, 0.0000000000000000000, 1.000000000000000000 ) ) ;
#3836 = AXIS2_PLACEMENT_3D ( 'NONE', #5366, #3225, #4847 ) ;
#3837 = CARTESIAN_POINT ( 'NONE',  ( 20.00000000000000400, 15.20000000000000100, 0.7999999999999938300 ) ) ;
#3838 = VECTOR ( 'NONE', #4826, 1000.000000000000000 ) ;
#3839 = EDGE_CURVE ( 'NONE', #3326, #4993, #1589, .T. ) ;
#3840 = VECTOR ( 'NONE', #6310, 1000.000000000000000 ) ;
#3841 = VECTOR ( 'NONE', #1229, 1000.000000000000000 ) ;
#3842 = DIRECTION ( 'NONE',  ( 0.0000000000000000000, 0.0000000000000000000, -1.000000000000000000 ) ) ;
#3843 = PRESENTATION_STYLE_ASSIGNMENT (( #2194 ) ) ;
#3844 = SURFACE_SIDE_STYLE ('',( #6738 ) ) ;
#3845 = DIRECTION ( 'NONE',  ( 3.469446951953614200E-016, 0.0000000000000000000, 1.000000000000000000 ) ) ;
#3846 = EDGE_CURVE ( 'NONE', #3239, #6743, #94, .T. ) ;
#3847 = EDGE_CURVE ( 'NONE', #6215, #6268, #1969, .T. ) ;
#3848 = CARTESIAN_POINT ( 'NONE',  ( -20.20000000000000600, 15.00000000000000200, 0.3999999999999990800 ) ) ;
#3849 =( LENGTH_UNIT ( ) NAMED_UNIT ( * ) SI_UNIT ( .MILLI., .METRE. ) );
#3850 = ORIENTED_EDGE ( 'NONE', *, *, #5726, .F. ) ;
#3851 = DIRECTION ( 'NONE',  ( 1.000000000000000000, 0.0000000000000000000, 0.0000000000000000000 ) ) ;
#3852 = LINE ( 'NONE', #3567, #2449 ) ;
#3853 = ORIENTED_EDGE ( 'NONE', *, *, #5841, .F. ) ;
#3854 = CARTESIAN_POINT ( 'NONE',  ( -20.19999999999999600, 0.2000000000000000100, 14.50000000000000000 ) ) ;
#3855 = EDGE_CURVE ( 'NONE', #3433, #6833, #6170, .T. ) ;
#3856 = EDGE_LOOP ( 'NONE', ( #1804, #339, #567, #1338, #453, #5932, #3602, #3573, #2902, #1839, #6286, #3530, #1222, #151, #3065, #4819 ) ) ;
#3857 = AXIS2_PLACEMENT_3D ( 'NONE', #3137, #1083, #5835 ) ;
#3858 = CARTESIAN_POINT ( 'NONE',  ( 6.300000000000001600, 17.69999999999999900, -1.700000000000002000 ) ) ;
#3859 = DIRECTION ( 'NONE',  ( -0.0000000000000000000, 1.000000000000000000, -0.0000000000000000000 ) ) ;
#3860 = VECTOR ( 'NONE', #4650, 1000.000000000000000 ) ;
#3861 = CARTESIAN_POINT ( 'NONE',  ( 21.39999999999999900, 15.00000000000000200, 2.999999999999996900 ) ) ;
#3862 = ORIENTED_EDGE ( 'NONE', *, *, #5662, .T. ) ;
#3863 = ADVANCED_FACE ( 'NONE', ( #2917 ), #420, .T. ) ;
#3864 = CARTESIAN_POINT ( 'NONE',  ( -6.249999999999998200, 17.60000000000000100, 10.45000000000000100 ) ) ;
#3865 = VERTEX_POINT ( 'NONE', #2888 ) ;
#3866 = VECTOR ( 'NONE', #6496, 1000.000000000000000 ) ;
#3867 = EDGE_LOOP ( 'NONE', ( #879, #2423 ) ) ;
#3868 = DIRECTION ( 'NONE',  ( 1.000000000000000000, -0.0000000000000000000, -2.668805347656626700E-016 ) ) ;
#3869 = AXIS2_PLACEMENT_3D ( 'NONE', #893, #1912, #6726 ) ;
#3870 =( NAMED_UNIT ( * ) SI_UNIT ( $, .STERADIAN. ) SOLID_ANGLE_UNIT ( ) );
#3871 = EDGE_LOOP ( 'NONE', ( #4666, #513, #5241, #616 ) ) ;
#3872 = EDGE_LOOP ( 'NONE', ( #2543, #1741, #2039, #4644 ) ) ;
#3873 = FACE_OUTER_BOUND ( 'NONE', #6892, .T. ) ;
#3874 = DIRECTION ( 'NONE',  ( -0.0000000000000000000, 1.000000000000000000, -0.0000000000000000000 ) ) ;
#3875 = PLANE ( 'NONE',  #2783 ) ;
#3876 = DIRECTION ( 'NONE',  ( -0.0000000000000000000, 1.000000000000000000, -0.0000000000000000000 ) ) ;
#3877 = CONICAL_SURFACE ( 'NONE', #1866, 4.271892336110996200, 0.4363323129985833300 ) ;
#3878 = PLANE ( 'NONE',  #2065 ) ;
#3879 = VERTEX_POINT ( 'NONE', #5032 ) ;
#3880 = ORIENTED_EDGE ( 'NONE', *, *, #2208, .T. ) ;
#3881 = DIRECTION ( 'NONE',  ( 0.0000000000000000000, 0.0000000000000000000, -1.000000000000000000 ) ) ;
#3882 = EDGE_LOOP ( 'NONE', ( #6614, #3525, #6402, #6539 ) ) ;
#3883 = CIRCLE ( 'NONE', #1676, 1.250000000000001100 ) ;
#3884 = DIRECTION ( 'NONE',  ( -1.000000000000000000, 0.0000000000000000000, 0.0000000000000000000 ) ) ;
#3885 = CARTESIAN_POINT ( 'NONE',  ( -0.1999999999999953200, 0.0000000000000000000, -0.7000000000000008400 ) ) ;
#3886 = VERTEX_POINT ( 'NONE', #753 ) ;
#3887 = AXIS2_PLACEMENT_3D ( 'NONE', #6291, #3511, #900 ) ;
#3888 = VECTOR ( 'NONE', #4538, 1000.000000000000000 ) ;
#3889 = ORIENTED_EDGE ( 'NONE', *, *, #71, .F. ) ;
#3890 = CIRCLE ( 'NONE', #2249, 0.2999999999999999300 ) ;
#3891 = EDGE_CURVE ( 'NONE', #4817, #3408, #1019, .T. ) ;
#3892 = EDGE_CURVE ( 'NONE', #6394, #5311, #3654, .T. ) ;
#3893 = CARTESIAN_POINT ( 'NONE',  ( -9.799999999999998900, 17.60000000000000100, -2.300000000000001600 ) ) ;
#3894 = DIRECTION ( 'NONE',  ( 1.000000000000000000, 0.0000000000000000000, -1.807003620809185000E-016 ) ) ;
#3895 = CARTESIAN_POINT ( 'NONE',  ( 20.00000000000000400, 15.20000000000000100, 2.799999999999997200 ) ) ;
#3896 = CARTESIAN_POINT ( 'NONE',  ( -8.199999999999999300, 17.60000000000000100, 0.0000000000000000000 ) ) ;
#3897 = PLANE ( 'NONE',  #1925 ) ;
#3898 = EDGE_LOOP ( 'NONE', ( #4832, #6673, #4384, #489, #5557 ) ) ;
#3899 = ORIENTED_EDGE ( 'NONE', *, *, #4186, .F. ) ;
#3900 = ADVANCED_FACE ( 'NONE', ( #1350 ), #4969, .F. ) ;
#3901 = DIRECTION ( 'NONE',  ( 1.000000000000000000, 0.0000000000000000000, 0.0000000000000000000 ) ) ;
#3902 = CARTESIAN_POINT ( 'NONE',  ( 20.19999999999999900, 15.80000000000000100, 1.414359353944891300 ) ) ;
#3903 = EDGE_CURVE ( 'NONE', #3279, #4569, #6830, .T. ) ;
#3904 = ORIENTED_EDGE ( 'NONE', *, *, #2216, .F. ) ;
#3905 = ORIENTED_EDGE ( 'NONE', *, *, #4066, .F. ) ;
#3906 = CARTESIAN_POINT ( 'NONE',  ( 17.89999999999999900, 32.18483977907960300, -5.700000000000002000 ) ) ;
#3907 = ORIENTED_EDGE ( 'NONE', *, *, #4574, .T. ) ;
#3908 = FACE_OUTER_BOUND ( 'NONE', #5164, .T. ) ;
#3909 = SURFACE_STYLE_USAGE ( .BOTH. , #2266 ) ;
#3910 = DIRECTION ( 'NONE',  ( 0.0000000000000000000, 0.0000000000000000000, -1.000000000000000000 ) ) ;
#3911 = VERTEX_POINT ( 'NONE', #5532 ) ;
#3912 = DIRECTION ( 'NONE',  ( 0.0000000000000000000, -1.000000000000000000, 0.0000000000000000000 ) ) ;
#3913 = EDGE_LOOP ( 'NONE', ( #92, #6034, #5632, #1725, #6169, #5130, #5160 ) ) ;
#3914 = CYLINDRICAL_SURFACE ( 'NONE', #2422, 2.000000000000003100 ) ;
#3915 = ORIENTED_EDGE ( 'NONE', *, *, #455, .T. ) ;
#3916 = CARTESIAN_POINT ( 'NONE',  ( 21.38564064605510900, 15.80000000000000100, 2.599999999999997000 ) ) ;
#3917 = DIRECTION ( 'NONE',  ( -0.0000000000000000000, -0.0000000000000000000, 1.000000000000000000 ) ) ;
#3918 = VERTEX_POINT ( 'NONE', #5573 ) ;
#3919 = PRESENTATION_STYLE_ASSIGNMENT (( #3909 ) ) ;
#3920 = MANIFOLD_SOLID_BREP ( 'Terminal 6', #5697 ) ;
#3921 = EDGE_CURVE ( 'NONE', #1489, #86, #5515, .T. ) ;
#3922 = LINE ( 'NONE', #2710, #3838 ) ;
#3923 = EDGE_LOOP ( 'NONE', ( #3632, #1515 ) ) ;
#3924 = LINE ( 'NONE', #1191, #2526 ) ;
#3925 = CARTESIAN_POINT ( 'NONE',  ( -19.80000000000000800, 15.80000000000000100, 0.3999999999999990800 ) ) ;
#3926 = LINE ( 'NONE', #3925, #120 ) ;
#3927 = DIRECTION ( 'NONE',  ( 0.0000000000000000000, 0.0000000000000000000, -1.000000000000000000 ) ) ;
#3928 = CARTESIAN_POINT ( 'NONE',  ( -20.20000000000001400, 15.00000000000000200, -0.8000000000000010400 ) ) ;
#3929 = AXIS2_PLACEMENT_3D ( 'NONE', #660, #5481, #719 ) ;
#3930 = SURFACE_SIDE_STYLE ('',( #1730 ) ) ;
#3931 = ADVANCED_FACE ( 'NONE', ( #4754 ), #5510, .F. ) ;
#3932 = EDGE_CURVE ( 'NONE', #324, #4480, #4485, .T. ) ;
#3933 = LINE ( 'NONE', #952, #4341 ) ;
#3934 = DIRECTION ( 'NONE',  ( -1.000000000000000000, 0.0000000000000000000, -0.0000000000000000000 ) ) ;
#3935 = ADVANCED_FACE ( 'NONE', ( #2583 ), #5926, .F. ) ;
#3936 = ORIENTED_EDGE ( 'NONE', *, *, #2032, .T. ) ;
#3937 = LINE ( 'NONE', #6761, #5210 ) ;
#3938 = EDGE_CURVE ( 'NONE', #1051, #5846, #1182, .T. ) ;
#3939 = FILL_AREA_STYLE_COLOUR ( '', #6903 ) ;
#3940 = CARTESIAN_POINT ( 'NONE',  ( 19.99999999999999600, 17.60000000000000100, 12.00000000000001200 ) ) ;
#3941 = CARTESIAN_POINT ( 'NONE',  ( 20.19999999999999900, 15.79983162191124500, 1.399999999999996800 ) ) ;
#3942 = ORIENTED_EDGE ( 'NONE', *, *, #5567, .F. ) ;
#3943 = CARTESIAN_POINT ( 'NONE',  ( 4.039339828220168000, 14.30000000000000200, -7.667766952966390500 ) ) ;
#3944 = ORIENTED_EDGE ( 'NONE', *, *, #667, .T. ) ;
#3945 = AXIS2_PLACEMENT_3D ( 'NONE', #4041, #4584, #6731 ) ;
#3946 = VERTEX_POINT ( 'NONE', #3940 ) ;
#3947 = SURFACE_STYLE_USAGE ( .BOTH. , #3930 ) ;
#3948 = FACE_OUTER_BOUND ( 'NONE', #4270, .T. ) ;
#3949 =( NAMED_UNIT ( * ) PLANE_ANGLE_UNIT ( ) SI_UNIT ( $, .RADIAN. ) );
#3950 = EDGE_LOOP ( 'NONE', ( #6811, #1627, #3197, #3821 ) ) ;
#3951 = ORIENTED_EDGE ( 'NONE', *, *, #334, .T. ) ;
#3952 = SURFACE_SIDE_STYLE ('',( #4167 ) ) ;
#3953 =( NAMED_UNIT ( * ) PLANE_ANGLE_UNIT ( ) SI_UNIT ( $, .RADIAN. ) );
#3954 = PRESENTATION_STYLE_ASSIGNMENT (( #3008 ) ) ;
#3955 = AXIS2_PLACEMENT_3D ( 'NONE', #6112, #2959, #3011 ) ;
#3956 = CARTESIAN_POINT ( 'NONE',  ( -20.19999999999999600, 0.2000000000000000100, 9.000000000000001800 ) ) ;
#3957 = DIRECTION ( 'NONE',  ( -1.000000000000000000, 0.0000000000000000000, 1.141265444721583800E-016 ) ) ;
#3958 = ORIENTED_EDGE ( 'NONE', *, *, #2967, .T. ) ;
#3959 = ADVANCED_FACE ( 'NONE', ( #3647 ), #772, .F. ) ;
#3960 = DIRECTION ( 'NONE',  ( -1.000000000000000000, 0.0000000000000000000, -1.577021341797097600E-016 ) ) ;
#3961 = ORIENTED_EDGE ( 'NONE', *, *, #5344, .F. ) ;
#3962 = FACE_OUTER_BOUND ( 'NONE', #2606, .T. ) ;
#3963 = ORIENTED_EDGE ( 'NONE', *, *, #3265, .T. ) ;
#3964 = LINE ( 'NONE', #457, #6551 ) ;
#3965 = AXIS2_PLACEMENT_3D ( 'NONE', #4290, #2617, #1132 ) ;
#3966 = CARTESIAN_POINT ( 'NONE',  ( -20.00000000000000400, 15.80000000000000100, -1.000000000000000900 ) ) ;
#3967 = EDGE_CURVE ( 'NONE', #3232, #5089, #6253, .T. ) ;
#3968 = ADVANCED_FACE ( 'NONE', ( #6821 ), #1800, .F. ) ;
#3969 = CARTESIAN_POINT ( 'NONE',  ( 21.39999999999999900, 15.79983162191123800, 2.599999999999997000 ) ) ;
#3970 = CARTESIAN_POINT ( 'NONE',  ( -22.69999999999999900, 14.47573593128807400, 14.70000000000000100 ) ) ;
#3971 = DIRECTION ( 'NONE',  ( 0.0000000000000000000, 1.000000000000000000, -0.0000000000000000000 ) ) ;
#3972 = CARTESIAN_POINT ( 'NONE',  ( 18.60000000000000100, 15.00000000000000200, 2.999999999999996900 ) ) ;
#3973 = ORIENTED_EDGE ( 'NONE', *, *, #5115, .F. ) ;
#3974 = DIRECTION ( 'NONE',  ( 1.000000000000000000, -0.0000000000000000000, -2.891205793294682300E-016 ) ) ;
#3975 = ORIENTED_EDGE ( 'NONE', *, *, #2652, .T. ) ;
#3976 = AXIS2_PLACEMENT_3D ( 'NONE', #2476, #2016, #6225 ) ;
#3977 = ORIENTED_EDGE ( 'NONE', *, *, #5558, .F. ) ;
#3978 = EDGE_LOOP ( 'NONE', ( #5271, #6651, #2825, #5566 ) ) ;
#3979 = EDGE_CURVE ( 'NONE', #4458, #6091, #2909, .T. ) ;
#3980 = EDGE_CURVE ( 'NONE', #1808, #6157, #4146, .T. ) ;
#3981 = VERTEX_POINT ( 'NONE', #4170 ) ;
#3982 = CIRCLE ( 'NONE', #3836, 0.3000000000000007700 ) ;
#3983 = DIRECTION ( 'NONE',  ( -0.0000000000000000000, -1.000000000000000000, -0.0000000000000000000 ) ) ;
#3984 = CARTESIAN_POINT ( 'NONE',  ( 12.30000000000000200, 16.30000000000000100, -4.150000000000002100 ) ) ;
#3985 = ORIENTED_EDGE ( 'NONE', *, *, #571, .F. ) ;
#3986 = ORIENTED_EDGE ( 'NONE', *, *, #3455, .F. ) ;
#3987 = ORIENTED_EDGE ( 'NONE', *, *, #1059, .F. ) ;
#3988 = EDGE_CURVE ( 'NONE', #5721, #1921, #759, .T. ) ;
#3989 = CARTESIAN_POINT ( 'NONE',  ( 19.80000000000000100, 15.00000000000000200, 4.199999999999997500 ) ) ;
#3990 = AXIS2_PLACEMENT_3D ( 'NONE', #4592, #1433, #4663 ) ;
#3991 = EDGE_LOOP ( 'NONE', ( #3814, #1663, #3388, #6166 ) ) ;
#3992 = CARTESIAN_POINT ( 'NONE',  ( 20.19999999999999600, 15.00000000000000200, 2.599999999999997000 ) ) ;
#3993 = VERTEX_POINT ( 'NONE', #6670 ) ;
#3994 = CYLINDRICAL_SURFACE ( 'NONE', #1880, 1.249999999999999300 ) ;
#3995 = DIRECTION ( 'NONE',  ( 0.0000000000000000000, 1.000000000000000000, -0.0000000000000000000 ) ) ;
#3996 = CARTESIAN_POINT ( 'NONE',  ( 0.0000000000000000000, 14.30000000000000200, 0.0000000000000000000 ) ) ;
#3997 = DIRECTION ( 'NONE',  ( 0.0000000000000000000, 1.000000000000000000, -0.0000000000000000000 ) ) ;
#3998 = CARTESIAN_POINT ( 'NONE',  ( -0.1999999999999953200, 14.30000000000000200, -5.200000000000001100 ) ) ;
#3999 = CARTESIAN_POINT ( 'NONE',  ( -23.00000000000000000, 2.000000000000000000, -15.00000000000000200 ) ) ;
#4000 = ADVANCED_FACE ( 'NONE', ( #5254 ), #2006, .T. ) ;
#4001 = VECTOR ( 'NONE', #5671, 1000.000000000000000 ) ;
#4002 = FACE_OUTER_BOUND ( 'NONE', #1552, .T. ) ;
#4003 = AXIS2_PLACEMENT_3D ( 'NONE', #2791, #3323, #3845 ) ;
#4004 = CARTESIAN_POINT ( 'NONE',  ( 5.100000000000000500, 17.60000000000000100, 0.7999999999999956000 ) ) ;
#4005 = VERTEX_POINT ( 'NONE', #3132 ) ;
#4006 = CIRCLE ( 'NONE', #1980, 1.249999999999999300 ) ;
#4007 = FILL_AREA_STYLE ('',( #1900 ) ) ;
#4008 = LINE ( 'NONE', #1029, #2270 ) ;
#4009 = CARTESIAN_POINT ( 'NONE',  ( -19.80000000000001100, 15.00000000000000200, -0.8000000000000008200 ) ) ;
#4010 = FACE_OUTER_BOUND ( 'NONE', #1970, .T. ) ;
#4011 = CIRCLE ( 'NONE', #6341, 1.249999999999999300 ) ;
#4012 = AXIS2_PLACEMENT_3D ( 'NONE', #2465, #256, #3479 ) ;
#4013 = FILL_AREA_STYLE ('',( #3939 ) ) ;
#4014 = CARTESIAN_POINT ( 'NONE',  ( 9.400000000000002100, 16.30000000000000100, -1.700000000000002000 ) ) ;
#4015 = VECTOR ( 'NONE', #4758, 1000.000000000000000 ) ;
#4016 = CARTESIAN_POINT ( 'NONE',  ( 19.79530452489198900, 17.38068341952714100, -4.578583929792007000E-015 ) ) ;
#4017 = LINE ( 'NONE', #4626, #1533 ) ;
#4018 = DIRECTION ( 'NONE',  ( 1.000000000000000000, -0.0000000000000000000, 0.0000000000000000000 ) ) ;
#4019 = EDGE_LOOP ( 'NONE', ( #1886, #6829, #5449, #5217 ) ) ;
#4020 = DIRECTION ( 'NONE',  ( 1.345632960768743800E-016, 0.0000000000000000000, 1.000000000000000000 ) ) ;
#4021 = PRESENTATION_LAYER_ASSIGNMENT (  '', '', ( #1323 ) ) ;
#4022 = DIRECTION ( 'NONE',  ( -1.000000000000000000, 0.0000000000000000000, 1.236370898448382100E-016 ) ) ;
#4023 = EDGE_CURVE ( 'NONE', #4569, #3279, #89, .T. ) ;
#4024 = EDGE_CURVE ( 'NONE', #5676, #1656, #3815, .T. ) ;
#4025 = ORIENTED_EDGE ( 'NONE', *, *, #6882, .T. ) ;
#4026 = CIRCLE ( 'NONE', #6544, 4.000000000000000000 ) ;
#4027 = VERTEX_POINT ( 'NONE', #2030 ) ;
#4028 = CARTESIAN_POINT ( 'NONE',  ( 22.99999999999999600, 2.000000000000000000, -15.00000000000000400 ) ) ;
#4029 = DIRECTION ( 'NONE',  ( -1.000000000000000000, 0.0000000000000000000, 0.0000000000000000000 ) ) ;
#4030 = EDGE_CURVE ( 'NONE', #324, #6252, #839, .T. ) ;
#4031 = VERTEX_POINT ( 'NONE', #2419 ) ;
#4032 = ADVANCED_FACE ( 'NONE', ( #1014 ), #3086, .F. ) ;
#4033 = VERTEX_POINT ( 'NONE', #6838 ) ;
#4034 = VECTOR ( 'NONE', #6816, 1000.000000000000000 ) ;
#4035 = ORIENTED_EDGE ( 'NONE', *, *, #6700, .F. ) ;
#4036 = ORIENTED_EDGE ( 'NONE', *, *, #673, .F. ) ;
#4037 = CARTESIAN_POINT ( 'NONE',  ( 19.40000000000000600, 14.05000000000000200, 0.0000000000000000000 ) ) ;
#4038 = VECTOR ( 'NONE', #3446, 1000.000000000000000 ) ;
#4039 = AXIS2_PLACEMENT_3D ( 'NONE', #4212, #6837, #1054 ) ;
#4040 = PLANE ( 'NONE',  #6385 ) ;
#4041 = CARTESIAN_POINT ( 'NONE',  ( 5.700000000000002000, 32.18483977907960300, -5.700000000000002000 ) ) ;
#4042 = VERTEX_POINT ( 'NONE', #1518 ) ;
#4043 = ORIENTED_EDGE ( 'NONE', *, *, #6578, .T. ) ;
#4044 = VECTOR ( 'NONE', #1601, 1000.000000000000100 ) ;
#4045 = DIRECTION ( 'NONE',  ( 0.0000000000000000000, 0.0000000000000000000, 1.000000000000000000 ) ) ;
#4046 = EDGE_CURVE ( 'NONE', #2169, #1823, #5085, .T. ) ;
#4047 = CARTESIAN_POINT ( 'NONE',  ( 9.700000000000002800, 16.30000000000000100, -4.150000000000002100 ) ) ;
#4048 = FILL_AREA_STYLE ('',( #6740 ) ) ;
#4049 = CARTESIAN_POINT ( 'NONE',  ( -0.7999999999999970500, 14.05000000000000200, -12.08284271247462600 ) ) ;
#4050 = ORIENTED_EDGE ( 'NONE', *, *, #3575, .F. ) ;
#4051 = FACE_BOUND ( 'NONE', #4838, .T. ) ;
#4052 = EDGE_LOOP ( 'NONE', ( #2362, #509, #4393, #3164, #810 ) ) ;
#4053 = FACE_OUTER_BOUND ( 'NONE', #401, .T. ) ;
#4054 = PLANE ( 'NONE',  #4881 ) ;
#4055 = EDGE_LOOP ( 'NONE', ( #3853, #6736, #5525, #4150 ) ) ;
#4056 = ORIENTED_EDGE ( 'NONE', *, *, #1114, .T. ) ;
#4057 = FACE_OUTER_BOUND ( 'NONE', #4635, .T. ) ;
#4058 = EDGE_CURVE ( 'NONE', #6268, #3879, #1914, .T. ) ;
#4059 = DIRECTION ( 'NONE',  ( 0.7071067811865361400, 0.0000000000000000000, 0.7071067811865589000 ) ) ;
#4060 = DIRECTION ( 'NONE',  ( 0.0000000000000000000, -0.0000000000000000000, -1.000000000000000000 ) ) ;
#4061 = VERTEX_POINT ( 'NONE', #1882 ) ;
#4062 = VERTEX_POINT ( 'NONE', #6353 ) ;
#4063 = EDGE_LOOP ( 'NONE', ( #2165, #672, #3770 ) ) ;
#4064 = FACE_OUTER_BOUND ( 'NONE', #3978, .T. ) ;
#4065 = AXIS2_PLACEMENT_3D ( 'NONE', #4983, #5987, #1750 ) ;
#4066 = EDGE_CURVE ( 'NONE', #4742, #3658, #4743, .T. ) ;
#4067 = ORIENTED_EDGE ( 'NONE', *, *, #4096, .F. ) ;
#4068 = FILL_AREA_STYLE_COLOUR ( '', #4528 ) ;
#4069 = EDGE_CURVE ( 'NONE', #238, #4916, #3982, .T. ) ;
#4070 = DIRECTION ( 'NONE',  ( -0.0000000000000000000, -0.0000000000000000000, 1.000000000000000000 ) ) ;
#4071 = ADVANCED_FACE ( 'NONE', ( #5758 ), #3405, .T. ) ;
#4072 = DIRECTION ( 'NONE',  ( 1.000000000000000000, 0.0000000000000000000, -0.0000000000000000000 ) ) ;
#4073 = CARTESIAN_POINT ( 'NONE',  ( 5.700000000000002000, 32.18483977907960300, -5.700000000000002000 ) ) ;
#4074 = CARTESIAN_POINT ( 'NONE',  ( -1.814213562373119900, 13.80000000000000100, -1.814213562373127700 ) ) ;
#4075 = ORIENTED_EDGE ( 'NONE', *, *, #5841, .T. ) ;
#4076 = AXIS2_PLACEMENT_3D ( 'NONE', #5860, #1691, #2686 ) ;
#4077 = SURFACE_SIDE_STYLE ('',( #1771 ) ) ;
#4078 = CARTESIAN_POINT ( 'NONE',  ( -22.50000000000000000, 11.69999999999999900, -14.50000000000000000 ) ) ;
#4079 = LINE ( 'NONE', #4501, #5531 ) ;
#4080 = COLOUR_RGB ( '',1.000000000000000000, 0.8117647058823529400, 0.5019607843137254800 ) ;
#4081 = VERTEX_POINT ( 'NONE', #1655 ) ;
#4082 = VECTOR ( 'NONE', #4366, 1000.000000000000000 ) ;
#4083 = CARTESIAN_POINT ( 'NONE',  ( 4.800000000000000700, 14.60000000000000100, 0.0000000000000000000 ) ) ;
#4084 = DIRECTION ( 'NONE',  ( -1.000000000000000000, 0.0000000000000000000, 1.141265444721583800E-016 ) ) ;
#4085 = B_SPLINE_CURVE_WITH_KNOTS ( 'NONE', 3,
 ( #3297, #4925, #3207, #1660, #17 ),
 .UNSPECIFIED., .F., .F.,
 ( 4, 1, 4 ),
 ( 0.0007428838607817758900, 0.0007500537318004181000, 0.0007572236028190603000 ),
 .UNSPECIFIED. ) ;
#4086 = AXIS2_PLACEMENT_3D ( 'NONE', #3966, #729, #712 ) ;
#4087 = LINE ( 'NONE', #6698, #703 ) ;
#4088 = DIRECTION ( 'NONE',  ( -1.000000000000000000, 0.0000000000000000000, 0.0000000000000000000 ) ) ;
#4089 = CARTESIAN_POINT ( 'NONE',  ( -12.57170480451952700, 24.12270982520809800, 5.053026106080011500 ) ) ;
#4090 = CARTESIAN_POINT ( 'NONE',  ( 20.19999999999999600, 15.00000000000000200, 2.999999999999996900 ) ) ;
#4091 = CARTESIAN_POINT ( 'NONE',  ( -19.99999999999998900, 17.60000000000000100, 0.0000000000000000000 ) ) ;
#4092 = LINE ( 'NONE', #1618, #2034 ) ;
#4093 = FACE_OUTER_BOUND ( 'NONE', #2488, .T. ) ;
#4094 = EDGE_LOOP ( 'NONE', ( #98, #6295, #6865, #1696, #364 ) ) ;
#4095 = AXIS2_PLACEMENT_3D ( 'NONE', #1982, #5715, #2515 ) ;
#4096 = EDGE_CURVE ( 'NONE', #6655, #4817, #5508, .T. ) ;
#4097 = ORIENTED_EDGE ( 'NONE', *, *, #380, .T. ) ;
#4098 = DIRECTION ( 'NONE',  ( -0.0000000000000000000, 1.000000000000000000, -0.0000000000000000000 ) ) ;
#4099 = CARTESIAN_POINT ( 'NONE',  ( 15.80000000000000100, 16.30000000000000100, -4.450000000000002000 ) ) ;
#4100 = CYLINDRICAL_SURFACE ( 'NONE', #6200, 1.249999999999999300 ) ;
#4101 = CARTESIAN_POINT ( 'NONE',  ( 23.00000000000000400, 14.60000000000000100, 5.808089297201378900 ) ) ;
#4102 = ADVANCED_FACE ( 'NONE', ( #79 ), #5387, .F. ) ;
#4103 = DIRECTION ( 'NONE',  ( -1.000000000000000000, 0.0000000000000000000, 0.0000000000000000000 ) ) ;
#4104 = AXIS2_PLACEMENT_3D ( 'NONE', #2867, #4495, #5552 ) ;
#4105 = ORIENTED_EDGE ( 'NONE', *, *, #2797, .T. ) ;
#4106 = CARTESIAN_POINT ( 'NONE',  ( 3.827207793864204200, 13.80000000000000100, -7.879898987322351700 ) ) ;
#4107 = FACE_OUTER_BOUND ( 'NONE', #5575, .T. ) ;
#4108 = EDGE_CURVE ( 'NONE', #3279, #2456, #5583, .T. ) ;
#4109 = EDGE_CURVE ( 'NONE', #4993, #727, #6245, .T. ) ;
#4110 = VERTEX_POINT ( 'NONE', #14 ) ;
#4111 = ORIENTED_EDGE ( 'NONE', *, *, #4563, .T. ) ;
#4112 = DIRECTION ( 'NONE',  ( 0.0000000000000000000, 1.000000000000000000, 0.0000000000000000000 ) ) ;
#4113 = VECTOR ( 'NONE', #75, 1000.000000000000000 ) ;
#4114 = CARTESIAN_POINT ( 'NONE',  ( 1.084202172485504800E-015, 14.60000000000000100, -15.00000000000000400 ) ) ;
#4115 = CARTESIAN_POINT ( 'NONE',  ( 23.00000000000000700, 2.000000000000000000, 15.00000000000000200 ) ) ;
#4116 = PRESENTATION_STYLE_ASSIGNMENT (( #2595 ) ) ;
#4117 = EDGE_CURVE ( 'NONE', #2961, #5709, #3727, .T. ) ;
#4118 = DIRECTION ( 'NONE',  ( -0.0000000000000000000, -0.0000000000000000000, 1.000000000000000000 ) ) ;
#4119 = ORIENTED_EDGE ( 'NONE', *, *, #3364, .T. ) ;
#4120 = UNCERTAINTY_MEASURE_WITH_UNIT (LENGTH_MEASURE( 1.000000000000000100E-005 ), #1449, 'distance_accuracy_value', 'NONE');
#4121 = LINE ( 'NONE', #2646, #5407 ) ;
#4122 = DIRECTION ( 'NONE',  ( -0.0000000000000000000, -0.0000000000000000000, 1.000000000000000000 ) ) ;
#4123 = DIRECTION ( 'NONE',  ( -0.0000000000000000000, -1.000000000000000000, -0.0000000000000000000 ) ) ;
#4124 = CARTESIAN_POINT ( 'NONE',  ( 20.50000000000000400, 14.60000000000000100, -5.500000000000004400 ) ) ;
#4125 = AXIS2_PLACEMENT_3D ( 'NONE', #5046, #5136, #5064 ) ;
#4126 = DIRECTION ( 'NONE',  ( 0.0000000000000000000, 1.000000000000000000, -0.0000000000000000000 ) ) ;
#4127 = SURFACE_SIDE_STYLE ('',( #1558 ) ) ;
#4128 = VERTEX_POINT ( 'NONE', #590 ) ;
#4129 = CARTESIAN_POINT ( 'NONE',  ( -9.799999999999998900, 12.09999999999999800, -2.300000000000001600 ) ) ;
#4130 = CARTESIAN_POINT ( 'NONE',  ( -21.40000000000000600, 15.80000000000000100, -0.8000000000000008200 ) ) ;
#4131 = ORIENTED_EDGE ( 'NONE', *, *, #4420, .T. ) ;
#4132 = LINE ( 'NONE', #5979, #2741 ) ;
#4133 = CARTESIAN_POINT ( 'NONE',  ( -0.2000000000000028100, 14.30000000000003400, -0.7000000000000008400 ) ) ;
#4134 = ORIENTED_EDGE ( 'NONE', *, *, #5440, .F. ) ;
#4135 = CARTESIAN_POINT ( 'NONE',  ( -19.80000000000000800, 15.00000000000000200, 0.3999999999999990800 ) ) ;
#4136 = ORIENTED_EDGE ( 'NONE', *, *, #2209, .T. ) ;
#4137 = FACE_OUTER_BOUND ( 'NONE', #1884, .T. ) ;
#4138 = CARTESIAN_POINT ( 'NONE',  ( 20.19999999999999900, 15.80000000000000100, 4.185640646055103000 ) ) ;
#4139 = EDGE_CURVE ( 'NONE', #3064, #5534, #164, .T. ) ;
#4140 = SURFACE_STYLE_USAGE ( .BOTH. , #3193 ) ;
#4141 = DIRECTION ( 'NONE',  ( -0.0000000000000000000, 1.000000000000000000, -0.0000000000000000000 ) ) ;
#4142 = ADVANCED_FACE ( 'NONE', ( #4137 ), #4224, .T. ) ;
#4143 = ORIENTED_EDGE ( 'NONE', *, *, #4548, .F. ) ;
#4144 = ORIENTED_EDGE ( 'NONE', *, *, #4793, .F. ) ;
#4145 = EDGE_LOOP ( 'NONE', ( #1754, #3977, #1384, #318, #4708, #6463 ) ) ;
#4146 = CIRCLE ( 'NONE', #2290, 20.50000000000001400 ) ;
#4147 = DIRECTION ( 'NONE',  ( 1.635512977795596600E-016, -0.7071067811865487900, 0.7071067811865463500 ) ) ;
#4148 = DIRECTION ( 'NONE',  ( -5.782411586589356500E-015, -0.0000000000000000000, 1.000000000000000000 ) ) ;
#4149 = AXIS2_PLACEMENT_3D ( 'NONE', #3310, #736, #697 ) ;
#4150 = ORIENTED_EDGE ( 'NONE', *, *, #5884, .F. ) ;
#4151 = VERTEX_POINT ( 'NONE', #2126 ) ;
#4152 = EDGE_CURVE ( 'NONE', #5906, #4742, #2572, .T. ) ;
#4153 = EDGE_LOOP ( 'NONE', ( #2103, #6485, #6634, #978 ) ) ;
#4154 = CARTESIAN_POINT ( 'NONE',  ( -7.699999999999998400, 17.60000000000000100, 4.300000000000002500 ) ) ;
#4155 = CARTESIAN_POINT ( 'NONE',  ( 20.00000000000000400, 15.80000000000000100, 0.7999999999999938300 ) ) ;
#4156 = VERTEX_POINT ( 'NONE', #702 ) ;
#4157 = CIRCLE ( 'NONE', #4457, 0.2999999999999999300 ) ;
#4158 = AXIS2_PLACEMENT_3D ( 'NONE', #2923, #1814, #6638 ) ;
#4159 = EDGE_CURVE ( 'NONE', #570, #3725, #6293, .T. ) ;
#4160 = CARTESIAN_POINT ( 'NONE',  ( -12.70664505672606600, 24.40713128038899200, 5.192868719611045200 ) ) ;
#4161 = VECTOR ( 'NONE', #5485, 1000.000000000000000 ) ;
#4162 = CARTESIAN_POINT ( 'NONE',  ( -0.9999999999999974500, 14.60000000000000100, -15.00000000000000400 ) ) ;
#4163 = CYLINDRICAL_SURFACE ( 'NONE', #602, 4.500000000000000000 ) ;
#4164 = CARTESIAN_POINT ( 'NONE',  ( 0.0000000000000000000, 14.05000000000000200, -12.00000000000000700 ) ) ;
#4165 = VERTEX_POINT ( 'NONE', #4262 ) ;
#4166 = LINE ( 'NONE', #1378, #694 ) ;
#4167 = SURFACE_STYLE_FILL_AREA ( #3452 ) ;
#4168 = VECTOR ( 'NONE', #2845, 1000.000000000000000 ) ;
#4169 = AXIS2_PLACEMENT_3D ( 'NONE', #4321, #3768, #4298 ) ;
#4170 = CARTESIAN_POINT ( 'NONE',  ( 20.99999999999999600, 2.000000000000000000, -16.99999999999999600 ) ) ;
#4171 = FACE_OUTER_BOUND ( 'NONE', #4509, .T. ) ;
#4172 = ADVANCED_FACE ( 'NONE', ( #4833 ), #2298, .F. ) ;
#4173 = LINE ( 'NONE', #2983, #6599 ) ;
#4174 = DIRECTION ( 'NONE',  ( -0.0000000000000000000, 1.000000000000000000, -0.0000000000000000000 ) ) ;
#4175 = LINE ( 'NONE', #757, #5461 ) ;
#4176 = AXIS2_PLACEMENT_3D ( 'NONE', #3676, #3285, #3221 ) ;
#4177 = CARTESIAN_POINT ( 'NONE',  ( -20.00000000000000400, 15.20000000000000100, -2.400000000000003900 ) ) ;
#4178 = VERTEX_POINT ( 'NONE', #6481 ) ;
#4179 = FACE_OUTER_BOUND ( 'NONE', #4278, .T. ) ;
#4180 = DIRECTION ( 'NONE',  ( 0.0000000000000000000, 1.000000000000000000, -0.0000000000000000000 ) ) ;
#4181 = CARTESIAN_POINT ( 'NONE',  ( -0.1999999999999953200, -12.72792206135785700, -0.7000000000000008400 ) ) ;
#4182 = VERTEX_POINT ( 'NONE', #119 ) ;
#4183 = LINE ( 'NONE', #4773, #3282 ) ;
#4184 = AXIS2_PLACEMENT_3D ( 'NONE', #4014, #6810, #2049 ) ;
#4185 = VERTEX_POINT ( 'NONE', #1723 ) ;
#4186 = EDGE_CURVE ( 'NONE', #15, #4110, #1416, .T. ) ;
#4187 = DIRECTION ( 'NONE',  ( 0.0000000000000000000, 1.000000000000000000, -0.0000000000000000000 ) ) ;
#4188 = DIRECTION ( 'NONE',  ( 1.000000000000000000, 0.0000000000000000000, 0.0000000000000000000 ) ) ;
#4189 = EDGE_LOOP ( 'NONE', ( #2326, #5599 ) ) ;
#4190 = FACE_OUTER_BOUND ( 'NONE', #3314, .T. ) ;
#4191 = ORIENTED_EDGE ( 'NONE', *, *, #2531, .F. ) ;
#4192 = CARTESIAN_POINT ( 'NONE',  ( -8.199999999999999300, 12.09999999999999800, 0.0000000000000000000 ) ) ;
#4193 = CARTESIAN_POINT ( 'NONE',  ( 19.40000000000000600, 13.80000000000000100, -14.50000000000000000 ) ) ;
#4194 = DIRECTION ( 'NONE',  ( -0.0000000000000000000, 1.000000000000000000, -0.0000000000000000000 ) ) ;
#4195 = ORIENTED_EDGE ( 'NONE', *, *, #4108, .T. ) ;
#4196 = PLANE ( 'NONE',  #631 ) ;
#4197 = EDGE_CURVE ( 'NONE', #582, #1667, #5421, .T. ) ;
#4198 = ORIENTED_EDGE ( 'NONE', *, *, #1060, .F. ) ;
#4199 = EDGE_CURVE ( 'NONE', #2319, #4748, #589, .T. ) ;
#4200 = FACE_OUTER_BOUND ( 'NONE', #4094, .T. ) ;
#4201 = ORIENTED_EDGE ( 'NONE', *, *, #3423, .F. ) ;
#4202 =( NAMED_UNIT ( * ) SI_UNIT ( $, .STERADIAN. ) SOLID_ANGLE_UNIT ( ) );
#4203 = ORIENTED_EDGE ( 'NONE', *, *, #6777, .F. ) ;
#4204 = DIRECTION ( 'NONE',  ( 0.0000000000000000000, 0.0000000000000000000, 1.000000000000000000 ) ) ;
#4205 = ADVANCED_FACE ( 'NONE', ( #4057 ), #3808, .T. ) ;
#4206 = FILL_AREA_STYLE ('',( #4768 ) ) ;
#4207 = UNCERTAINTY_MEASURE_WITH_UNIT (LENGTH_MEASURE( 1.000000000000000100E-005 ), #958, 'distance_accuracy_value', 'NONE');
#4208 = EDGE_CURVE ( 'NONE', #796, #6711, #6643, .T. ) ;
#4209 = LINE ( 'NONE', #3016, #2893 ) ;
#4210 = VECTOR ( 'NONE', #2268, 1000.000000000000000 ) ;
#4211 = AXIS2_PLACEMENT_3D ( 'NONE', #1141, #4, #5977 ) ;
#4212 = CARTESIAN_POINT ( 'NONE',  ( 0.0000000000000000000, 17.30000000000000100, 0.0000000000000000000 ) ) ;
#4213 = CARTESIAN_POINT ( 'NONE',  ( 20.00000000000000400, 15.80000000000000100, 2.799999999999997200 ) ) ;
#4214 = DIRECTION ( 'NONE',  ( -0.0000000000000000000, -1.000000000000000000, 0.0000000000000000000 ) ) ;
#4215 = EDGE_LOOP ( 'NONE', ( #2552, #4305, #1395, #889 ) ) ;
#4216 = PRESENTATION_STYLE_ASSIGNMENT (( #540 ) ) ;
#4217 = CARTESIAN_POINT ( 'NONE',  ( -19.80000000000000800, 15.79997192002099200, 0.3928226889992859600 ) ) ;
#4218 = ORIENTED_EDGE ( 'NONE', *, *, #3980, .F. ) ;
#4219 = AXIS2_PLACEMENT_3D ( 'NONE', #5648, #6650, #5129 ) ;
#4220 = PLANE ( 'NONE',  #6318 ) ;
#4221 = FILL_AREA_STYLE_COLOUR ( '', #2122 ) ;
#4222 = ORIENTED_EDGE ( 'NONE', *, *, #6404, .F. ) ;
#4223 = ORIENTED_EDGE ( 'NONE', *, *, #1418, .F. ) ;
#4224 = SPHERICAL_SURFACE ( 'NONE', #5961, 0.2999999999999999900 ) ;
#4225 = ORIENTED_EDGE ( 'NONE', *, *, #1379, .F. ) ;
#4226 = DIRECTION ( 'NONE',  ( 0.0000000000000000000, 0.0000000000000000000, 1.000000000000000000 ) ) ;
#4227 = VERTEX_POINT ( 'NONE', #5460 ) ;
#4228 = STYLED_ITEM ( 'NONE', ( #3588 ), #3243 ) ;
#4229 = CARTESIAN_POINT ( 'NONE',  ( 5.700000000000002000, 18.30000000000000100, -5.700000000000002000 ) ) ;
#4230 = EDGE_LOOP ( 'NONE', ( #2354, #2447 ) ) ;
#4231 = DIRECTION ( 'NONE',  ( -1.000000000000000000, 0.0000000000000000000, 0.0000000000000000000 ) ) ;
#4232 = ORIENTED_EDGE ( 'NONE', *, *, #5374, .T. ) ;
#4233 = LINE ( 'NONE', #1615, #3 ) ;
#4234 = DIRECTION ( 'NONE',  ( 0.0000000000000000000, 1.000000000000000000, 0.0000000000000000000 ) ) ;
#4235 = CARTESIAN_POINT ( 'NONE',  ( -22.69999999999999900, 90.11812087098393000, 14.70000000000000100 ) ) ;
#4236 = DIRECTION ( 'NONE',  ( 0.0000000000000000000, 1.000000000000000000, 0.0000000000000000000 ) ) ;
#4237 = AXIS2_PLACEMENT_3D ( 'NONE', #3621, #1160, #3740 ) ;
#4238 = CARTESIAN_POINT ( 'NONE',  ( -19.80000000000000800, 15.79983162191123800, 0.3999999999999990800 ) ) ;
#4239 = EDGE_CURVE ( 'NONE', #1327, #5823, #2748, .T. ) ;
#4240 = VECTOR ( 'NONE', #2559, 1000.000000000000000 ) ;
#4241 = EDGE_CURVE ( 'NONE', #6866, #5818, #2405, .T. ) ;
#4242 = LINE ( 'NONE', #1316, #4767 ) ;
#4243 = ADVANCED_FACE ( 'NONE', ( #2990 ), #5988, .T. ) ;
#4244 = CARTESIAN_POINT ( 'NONE',  ( -19.99999999999999600, 14.30000000000000200, 12.00000000000000700 ) ) ;
#4245 = LINE ( 'NONE', #5153, #2854 ) ;
#4246 = CARTESIAN_POINT ( 'NONE',  ( -19.88175104581392100, 17.30000000000000100, 11.87573593128808700 ) ) ;
#4247 = FILL_AREA_STYLE_COLOUR ( '', #5784 ) ;
#4248 = FACE_OUTER_BOUND ( 'NONE', #1293, .T. ) ;
#4249 = CARTESIAN_POINT ( 'NONE',  ( 19.40000000000000600, 14.05000000000000200, -6.800000000000004300 ) ) ;
#4250 = LINE ( 'NONE', #5412, #6191 ) ;
#4251 = EDGE_LOOP ( 'NONE', ( #233, #5852, #809, #3076 ) ) ;
#4252 = VECTOR ( 'NONE', #2308, 1000.000000000000000 ) ;
#4253 = EDGE_CURVE ( 'NONE', #2171, #2220, #4646, .T. ) ;
#4254 = CARTESIAN_POINT ( 'NONE',  ( -0.1999999999999953200, 14.30000000000003400, 3.800000000000005600 ) ) ;
#4255 = CARTESIAN_POINT ( 'NONE',  ( 6.300000000000001600, 17.69999999999999900, -1.700000000000002000 ) ) ;
#4256 = CARTESIAN_POINT ( 'NONE',  ( 5.500000000000005300, 14.60000000000000100, -5.500000000000031100 ) ) ;
#4257 = VECTOR ( 'NONE', #1694, 1000.000000000000000 ) ;
#4258 = CARTESIAN_POINT ( 'NONE',  ( 0.0000000000000000000, 14.30000000000000200, 0.0000000000000000000 ) ) ;
#4259 = AXIS2_PLACEMENT_3D ( 'NONE', #493, #464, #3087 ) ;
#4260 = VERTEX_POINT ( 'NONE', #4331 ) ;
#4261 = PLANE ( 'NONE',  #2592 ) ;
#4262 = CARTESIAN_POINT ( 'NONE',  ( 19.88175104581392800, 17.30000000000000100, 7.110062261462912800 ) ) ;
#4263 = CIRCLE ( 'NONE', #3160, 0.5999999999999998700 ) ;
#4264 = CARTESIAN_POINT ( 'NONE',  ( -0.9999999999999991100, 2.000000000000000000, -14.99999999999999500 ) ) ;
#4265 = FILL_AREA_STYLE ('',( #1111 ) ) ;
#4266 = ORIENTED_EDGE ( 'NONE', *, *, #667, .F. ) ;
#4267 = FILL_AREA_STYLE ('',( #4221 ) ) ;
#4268 = CARTESIAN_POINT ( 'NONE',  ( -19.80000000000001100, 15.80000000000000100, -1.200000000000001100 ) ) ;
#4269 = CYLINDRICAL_SURFACE ( 'NONE', #5223, 4.500000000000000000 ) ;
#4270 = EDGE_LOOP ( 'NONE', ( #2145, #3958, #2425, #1622 ) ) ;
#4271 = EDGE_CURVE ( 'NONE', #5709, #6411, #833, .T. ) ;
#4272 = AXIS2_PLACEMENT_3D ( 'NONE', #863, #6235, #5710 ) ;
#4273 = VERTEX_POINT ( 'NONE', #3984 ) ;
#4274 = CARTESIAN_POINT ( 'NONE',  ( 11.00000000000000200, 16.30000000000000100, -4.150000000000002100 ) ) ;
#4275 = CARTESIAN_POINT ( 'NONE',  ( 19.93332932837948600, 15.80000351665893100, 4.199999999999996600 ) ) ;
#4276 = CIRCLE ( 'NONE', #621, 2.000000000000003600 ) ;
#4277 = CARTESIAN_POINT ( 'NONE',  ( -18.45000000000000300, 17.30000000000000100, 4.350000000000001400 ) ) ;
#4278 = EDGE_LOOP ( 'NONE', ( #503, #2054, #5918, #7 ) ) ;
#4279 = ADVANCED_FACE ( 'NONE', ( #6323 ), #3318, .T. ) ;
#4280 = CARTESIAN_POINT ( 'NONE',  ( 19.96666580150149500, 15.80000000000006500, 1.399999999999996600 ) ) ;
#4281 = AXIS2_PLACEMENT_3D ( 'NONE', #3121, #2575, #4688 ) ;
#4282 = VERTEX_POINT ( 'NONE', #1355 ) ;
#4283 = VECTOR ( 'NONE', #1473, 1000.000000000000000 ) ;
#4284 = EDGE_CURVE ( 'NONE', #272, #2915, #4394, .T. ) ;
#4285 = CARTESIAN_POINT ( 'NONE',  ( 22.50000000000000700, 14.30000000000000200, 14.50000000000000000 ) ) ;
#4286 = DIRECTION ( 'NONE',  ( 1.000000000000000000, -0.0000000000000000000, 1.224646799147353200E-016 ) ) ;
#4287 = CARTESIAN_POINT ( 'NONE',  ( 19.80000000000000100, 15.80000000000000100, 4.185640646055102100 ) ) ;
#4288 = ORIENTED_EDGE ( 'NONE', *, *, #4473, .T. ) ;
#4289 = FACE_OUTER_BOUND ( 'NONE', #2683, .T. ) ;
#4290 = CARTESIAN_POINT ( 'NONE',  ( -8.199999999999999300, 17.60000000000000100, 0.0000000000000000000 ) ) ;
#4291 = AXIS2_PLACEMENT_3D ( 'NONE', #5051, #5589, #1373 ) ;
#4292 = CARTESIAN_POINT ( 'NONE',  ( -18.60000000000000900, 15.00000000000000200, -1.200000000000001100 ) ) ;
#4293 = EDGE_CURVE ( 'NONE', #5155, #4858, #5331, .T. ) ;
#4294 = DIRECTION ( 'NONE',  ( -1.000000000000000000, 0.0000000000000000000, 0.0000000000000000000 ) ) ;
#4295 = EDGE_LOOP ( 'NONE', ( #2968, #4111, #2217, #3889 ) ) ;
#4296 = VERTEX_POINT ( 'NONE', #4426 ) ;
#4297 = LINE ( 'NONE', #4300, #1166 ) ;
#4298 = DIRECTION ( 'NONE',  ( 1.000000000000000000, 0.0000000000000000000, -1.807003620809185000E-016 ) ) ;
#4299 = CARTESIAN_POINT ( 'NONE',  ( 1.841475689883072000E-015, 17.60000000000000100, 6.899999999999997700 ) ) ;
#4300 = CARTESIAN_POINT ( 'NONE',  ( 4.039339828220168000, 13.80000000000000100, -7.667766952966390500 ) ) ;
#4301 = CARTESIAN_POINT ( 'NONE',  ( -18.60000000000000900, 15.00000000000000200, -0.8000000000000008200 ) ) ;
#4302 =( GEOMETRIC_REPRESENTATION_CONTEXT ( 3 ) GLOBAL_UNCERTAINTY_ASSIGNED_CONTEXT ( ( #2265 ) ) GLOBAL_UNIT_ASSIGNED_CONTEXT ( ( #2713, #3231, #45 ) ) REPRESENTATION_CONTEXT ( 'NONE', 'WORKASPACE' ) );
#4303 = VERTEX_POINT ( 'NONE', #1815 ) ;
#4304 = FACE_BOUND ( 'NONE', #1326, .T. ) ;
#4305 = ORIENTED_EDGE ( 'NONE', *, *, #4152, .T. ) ;
#4306 = SURFACE_STYLE_FILL_AREA ( #4013 ) ;
#4307 = ORIENTED_EDGE ( 'NONE', *, *, #5661, .T. ) ;
#4308 = FILL_AREA_STYLE ('',( #37 ) ) ;
#4309 = ORIENTED_EDGE ( 'NONE', *, *, #4911, .F. ) ;
#4310 = ORIENTED_EDGE ( 'NONE', *, *, #1539, .T. ) ;
#4311 = VECTOR ( 'NONE', #3901, 1000.000000000000000 ) ;
#4312 = ADVANCED_FACE ( 'NONE', ( #2657 ), #269, .F. ) ;
#4313 = STYLED_ITEM ( 'NONE', ( #4785 ), #1851 ) ;
#4314 = DIRECTION ( 'NONE',  ( 0.0000000000000000000, 0.0000000000000000000, 1.000000000000000000 ) ) ;
#4315 = CARTESIAN_POINT ( 'NONE',  ( 20.30000000000000400, 14.30000000000000200, -14.50000000000000000 ) ) ;
#4316 = CARTESIAN_POINT ( 'NONE',  ( 3.615075759508239500, 13.80000000000000100, -7.667766952966389700 ) ) ;
#4317 = ORIENTED_EDGE ( 'NONE', *, *, #4804, .T. ) ;
#4318 = ORIENTED_EDGE ( 'NONE', *, *, #5935, .T. ) ;
#4319 = CARTESIAN_POINT ( 'NONE',  ( -0.1999999999998443300, 14.80000000000000200, -0.7000000000000008400 ) ) ;
#4320 = ORIENTED_EDGE ( 'NONE', *, *, #1818, .F. ) ;
#4321 = CARTESIAN_POINT ( 'NONE',  ( -21.40000000000000600, 15.00000000000000200, -0.8000000000000008200 ) ) ;
#4322 = DIRECTION ( 'NONE',  ( -0.0000000000000000000, 1.000000000000000000, -0.0000000000000000000 ) ) ;
#4323 = DIRECTION ( 'NONE',  ( -1.000000000000000000, 0.0000000000000000000, 1.236370898448382100E-016 ) ) ;
#4324 =( GEOMETRIC_REPRESENTATION_CONTEXT ( 3 ) GLOBAL_UNCERTAINTY_ASSIGNED_CONTEXT ( ( #431 ) ) GLOBAL_UNIT_ASSIGNED_CONTEXT ( ( #3849, #4382, #1756 ) ) REPRESENTATION_CONTEXT ( 'NONE', 'WORKASPACE' ) );
#4325 = ORIENTED_EDGE ( 'NONE', *, *, #3891, .F. ) ;
#4326 = CARTESIAN_POINT ( 'NONE',  ( -19.80000000000000800, 15.00000000000000200, 0.3999999999999990800 ) ) ;
#4327 = FILL_AREA_STYLE ('',( #2144 ) ) ;
#4328 = EDGE_CURVE ( 'NONE', #4260, #6327, #6073, .T. ) ;
#4329 = LINE ( 'NONE', #1131, #1200 ) ;
#4330 = CARTESIAN_POINT ( 'NONE',  ( 20.99999999999999600, 0.0000000000000000000, -16.99999999999999600 ) ) ;
#4331 = CARTESIAN_POINT ( 'NONE',  ( -19.80000000000001100, 15.00000000000000200, -0.8000000000000008200 ) ) ;
#4332 = ORIENTED_EDGE ( 'NONE', *, *, #1679, .T. ) ;
#4333 = FACE_OUTER_BOUND ( 'NONE', #843, .T. ) ;
#4334 = AXIS2_PLACEMENT_3D ( 'NONE', #584, #734, #6177 ) ;
#4335 = EDGE_CURVE ( 'NONE', #5404, #6254, #6002, .T. ) ;
#4336 = EDGE_CURVE ( 'NONE', #2309, #2220, #321, .T. ) ;
#4337 = PLANE ( 'NONE',  #2553 ) ;
#4338 = UNCERTAINTY_MEASURE_WITH_UNIT (LENGTH_MEASURE( 1.000000000000000100E-005 ), #5382, 'distance_accuracy_value', 'NONE');
#4339 = CARTESIAN_POINT ( 'NONE',  ( 9.700000000000002800, 16.30000000000000100, -4.450000000000002000 ) ) ;
#4340 = CARTESIAN_POINT ( 'NONE',  ( -23.00000000000000000, 17.60000000000000100, -12.00000000000001200 ) ) ;
#4341 = VECTOR ( 'NONE', #2135, 1000.000000000000000 ) ;
#4342 = COLOUR_RGB ( '',1.000000000000000000, 0.8117647058823529400, 0.5019607843137254800 ) ;
#4343 = EDGE_CURVE ( 'NONE', #272, #592, #3890, .T. ) ;
#4344 = AXIS2_PLACEMENT_3D ( 'NONE', #5663, #2458, #6189 ) ;
#4345 = CARTESIAN_POINT ( 'NONE',  ( -20.00000000000000400, 15.80000000000000100, -1.000000000000000900 ) ) ;
#4346 = CARTESIAN_POINT ( 'NONE',  ( -19.99999999999998900, 14.60000000000000100, 1.601077025535001500 ) ) ;
#4347 = ADVANCED_FACE ( 'NONE', ( #4053 ), #6664, .F. ) ;
#4348 = DIRECTION ( 'NONE',  ( 0.0000000000000000000, 0.0000000000000000000, 1.000000000000000000 ) ) ;
#4349 = ORIENTED_EDGE ( 'NONE', *, *, #1213, .F. ) ;
#4350 = VECTOR ( 'NONE', #6768, 1000.000000000000000 ) ;
#4351 = CARTESIAN_POINT ( 'NONE',  ( -4.799999999999997200, 13.60000000000000300, 12.00000000000000700 ) ) ;
#4352 = AXIS2_PLACEMENT_3D ( 'NONE', #6373, #3706, #543 ) ;
#4353 = ORIENTED_EDGE ( 'NONE', *, *, #1015, .F. ) ;
#4354 = PLANE ( 'NONE',  #2865 ) ;
#4355 = LINE ( 'NONE', #4235, #4703 ) ;
#4356 = EDGE_LOOP ( 'NONE', ( #2957, #4889, #1409, #5330 ) ) ;
#4357 = DIRECTION ( 'NONE',  ( 0.0000000000000000000, 0.0000000000000000000, -1.000000000000000000 ) ) ;
#4358 = DIRECTION ( 'NONE',  ( 0.0000000000000000000, 0.0000000000000000000, 1.000000000000000000 ) ) ;
#4359 = CARTESIAN_POINT ( 'NONE',  ( -12.70664505672606600, 24.40713128038899200, -5.192868719611045200 ) ) ;
#4360 = ORIENTED_EDGE ( 'NONE', *, *, #1412, .F. ) ;
#4361 = VECTOR ( 'NONE', #5783, 1000.000000000000000 ) ;
#4362 = DIRECTION ( 'NONE',  ( -1.000000000000000000, 0.0000000000000000000, 0.0000000000000000000 ) ) ;
#4363 = VERTEX_POINT ( 'NONE', #766 ) ;
#4364 = LINE ( 'NONE', #4679, #51 ) ;
#4365 = ORIENTED_EDGE ( 'NONE', *, *, #162, .F. ) ;
#4366 = DIRECTION ( 'NONE',  ( -1.000000000000000000, 0.0000000000000000000, 2.668805347656626700E-016 ) ) ;
#4367 = ORIENTED_EDGE ( 'NONE', *, *, #527, .T. ) ;
#4368 = DIRECTION ( 'NONE',  ( 5.782411586589356500E-015, 0.0000000000000000000, 1.000000000000000000 ) ) ;
#4369 = DIRECTION ( 'NONE',  ( 0.0000000000000000000, -1.000000000000000000, 0.0000000000000000000 ) ) ;
#4370 = SURFACE_STYLE_FILL_AREA ( #6702 ) ;
#4371 = AXIS2_PLACEMENT_3D ( 'NONE', #1329, #2883, #6144 ) ;
#4372 = VERTEX_POINT ( 'NONE', #2924 ) ;
#4373 = EDGE_CURVE ( 'NONE', #3486, #1299, #2827, .T. ) ;
#4374 = VERTEX_POINT ( 'NONE', #5007 ) ;
#4375 = EDGE_CURVE ( 'NONE', #1738, #1432, #1253, .T. ) ;
#4376 = CARTESIAN_POINT ( 'NONE',  ( -23.00000000000000000, 90.11812087098393000, 14.70000000000000100 ) ) ;
#4377 = CARTESIAN_POINT ( 'NONE',  ( -19.89999718138965800, 15.80000723708626300, 0.3999999999999990800 ) ) ;
#4378 = CIRCLE ( 'NONE', #1211, 1.250000000000001100 ) ;
#4379 = ORIENTED_EDGE ( 'NONE', *, *, #871, .F. ) ;
#4380 = LINE ( 'NONE', #510, #2567 ) ;
#4381 = ADVANCED_FACE ( 'NONE', ( #3477 ), #248, .F. ) ;
#4382 =( NAMED_UNIT ( * ) PLANE_ANGLE_UNIT ( ) SI_UNIT ( $, .RADIAN. ) );
#4383 = AXIS2_PLACEMENT_3D ( 'NONE', #225, #6739, #1997 ) ;
#4384 = ORIENTED_EDGE ( 'NONE', *, *, #440, .F. ) ;
#4385 = EDGE_CURVE ( 'NONE', #4658, #308, #5502, .T. ) ;
#4386 = ORIENTED_EDGE ( 'NONE', *, *, #5749, .T. ) ;
#4387 = VECTOR ( 'NONE', #2900, 1000.000000000000000 ) ;
#4388 =( NAMED_UNIT ( * ) PLANE_ANGLE_UNIT ( ) SI_UNIT ( $, .RADIAN. ) );
#4389 = CARTESIAN_POINT ( 'NONE',  ( 23.00000000000000400, 14.60000000000000100, -3.643711410727542700E-015 ) ) ;
#4390 = DIRECTION ( 'NONE',  ( -0.0000000000000000000, 1.000000000000000000, -0.0000000000000000000 ) ) ;
#4391 = ORIENTED_EDGE ( 'NONE', *, *, #5790, .T. ) ;
#4392 = CARTESIAN_POINT ( 'NONE',  ( -22.69999999999999900, 14.66963430942633000, 14.50610162186174700 ) ) ;
#4393 = ORIENTED_EDGE ( 'NONE', *, *, #1412, .T. ) ;
#4394 = CIRCLE ( 'NONE', #1056, 0.2999999999999999300 ) ;
#4395 = DIRECTION ( 'NONE',  ( 0.0000000000000000000, -0.0000000000000000000, 1.000000000000000000 ) ) ;
#4396 = AXIS2_PLACEMENT_3D ( 'NONE', #6241, #4649, #1444 ) ;
#4397 = ORIENTED_EDGE ( 'NONE', *, *, #1739, .F. ) ;
#4398 = ORIENTED_EDGE ( 'NONE', *, *, #3534, .F. ) ;
#4399 = ORIENTED_EDGE ( 'NONE', *, *, #1325, .T. ) ;
#4400 = VECTOR ( 'NONE', #596, 1000.000000000000000 ) ;
#4401 = CARTESIAN_POINT ( 'NONE',  ( -20.00000000000000400, 15.80000000000000100, 0.3999999999999990800 ) ) ;
#4402 = DIRECTION ( 'NONE',  ( -1.000000000000000000, -0.0000000000000000000, -0.0000000000000000000 ) ) ;
#4403 = ORIENTED_EDGE ( 'NONE', *, *, #1538, .T. ) ;
#4404 = EDGE_CURVE ( 'NONE', #5327, #3443, #157, .T. ) ;
#4405 = AXIS2_PLACEMENT_3D ( 'NONE', #5665, #1979, #1394 ) ;
#4406 = ORIENTED_EDGE ( 'NONE', *, *, #103, .F. ) ;
#4407 = CARTESIAN_POINT ( 'NONE',  ( 0.0000000000000000000, 0.2000000000000000100, 0.0000000000000000000 ) ) ;
#4408 = FACE_OUTER_BOUND ( 'NONE', #4412, .T. ) ;
#4409 = DIRECTION ( 'NONE',  ( -1.000000000000000000, 0.0000000000000000000, 1.236370898448382100E-016 ) ) ;
#4410 = LINE ( 'NONE', #3085, #4586 ) ;
#4411 = DIRECTION ( 'NONE',  ( -2.891205793294678600E-015, 0.0000000000000000000, -1.000000000000000000 ) ) ;
#4412 = EDGE_LOOP ( 'NONE', ( #6140, #1907, #4050, #4945 ) ) ;
#4413 = DIRECTION ( 'NONE',  ( -0.0000000000000000000, 0.9063077870366494900, 0.4226182617407002200 ) ) ;
#4414 = CARTESIAN_POINT ( 'NONE',  ( -4.799999999999997200, 14.30000000000000200, 12.00000000000000700 ) ) ;
#4415 = AXIS2_PLACEMENT_3D ( 'NONE', #4774, #3249, #1585 ) ;
#4416 = CARTESIAN_POINT ( 'NONE',  ( -0.9999999999999991100, 0.0000000000000000000, -14.99999999999999500 ) ) ;
#4417 = ADVANCED_FACE ( 'NONE', ( #2492 ), #3517, .F. ) ;
#4418 = VECTOR ( 'NONE', #5494, 1000.000000000000000 ) ;
#4419 = DIRECTION ( 'NONE',  ( 1.000000000000000000, 0.0000000000000000000, 0.0000000000000000000 ) ) ;
#4420 = EDGE_CURVE ( 'NONE', #929, #405, #1410, .T. ) ;
#4421 = LINE ( 'NONE', #1611, #4771 ) ;
#4422 = VERTEX_POINT ( 'NONE', #1838 ) ;
#4423 = CYLINDRICAL_SURFACE ( 'NONE', #4508, 2.000000000000003100 ) ;
#4424 = CARTESIAN_POINT ( 'NONE',  ( 0.0000000000000000000, 14.30000000000000200, 0.0000000000000000000 ) ) ;
#4425 = LINE ( 'NONE', #3562, #535 ) ;
#4426 = CARTESIAN_POINT ( 'NONE',  ( -6.249999999999998200, 17.60000000000000100, 7.950000000000002000 ) ) ;
#4427 = VECTOR ( 'NONE', #3881, 1000.000000000000000 ) ;
#4428 = UNCERTAINTY_MEASURE_WITH_UNIT (LENGTH_MEASURE( 1.000000000000000100E-005 ), #6560, 'distance_accuracy_value', 'NONE');
#4429 = STYLED_ITEM ( 'NONE', ( #5245 ), #5815 ) ;
#4430 = EDGE_CURVE ( 'NONE', #6159, #3668, #2240, .T. ) ;
#4431 = EDGE_CURVE ( 'NONE', #5327, #2331, #1659, .T. ) ;
#4432 = CARTESIAN_POINT ( 'NONE',  ( -23.00000000000000000, 11.70000000000000300, 15.00000000000000200 ) ) ;
#4433 = VERTEX_POINT ( 'NONE', #5189 ) ;
#4434 = LINE ( 'NONE', #646, #5203 ) ;
#4435 = PLANE ( 'NONE',  #4086 ) ;
#4436 = PRESENTATION_LAYER_ASSIGNMENT (  '', '', ( #134 ) ) ;
#4437 = VERTEX_POINT ( 'NONE', #316 ) ;
#4438 = CARTESIAN_POINT ( 'NONE',  ( 2.999999999999999100, 13.50000000000000200, 10.00000000000000200 ) ) ;
#4439 = PLANE ( 'NONE',  #6044 ) ;
#4440 = FACE_OUTER_BOUND ( 'NONE', #791, .T. ) ;
#4441 = CARTESIAN_POINT ( 'NONE',  ( -23.00000000000000000, 14.60000000000000100, 15.00000000000000200 ) ) ;
#4442 = CARTESIAN_POINT ( 'NONE',  ( 19.83333075501162700, 15.79994331691107100, 1.399999999999997000 ) ) ;
#4443 = EDGE_LOOP ( 'NONE', ( #5898, #252, #1994, #399 ) ) ;
#4444 = LINE ( 'NONE', #580, #2140 ) ;
#4445 = ORIENTED_EDGE ( 'NONE', *, *, #6486, .F. ) ;
#4446 = PLANE ( 'NONE',  #6457 ) ;
#4447 = CARTESIAN_POINT ( 'NONE',  ( 6.300000000000001600, 17.69999999999999900, -1.700000000000002000 ) ) ;
#4448 = CARTESIAN_POINT ( 'NONE',  ( -18.60239204290642700, 15.79988773389020700, -1.200000000000001100 ) ) ;
#4449 = ORIENTED_EDGE ( 'NONE', *, *, #5962, .F. ) ;
#4450 = ADVANCED_FACE ( 'NONE', ( #2322 ), #743, .F. ) ;
#4451 = VECTOR ( 'NONE', #5836, 1000.000000000000000 ) ;
#4452 = CARTESIAN_POINT ( 'NONE',  ( 5.641421356237302100, 14.05000000000000200, -5.641421356237119200 ) ) ;
#4453 = DIRECTION ( 'NONE',  ( 0.0000000000000000000, 0.0000000000000000000, 1.000000000000000000 ) ) ;
#4454 = VECTOR ( 'NONE', #4390, 1000.000000000000000 ) ;
#4455 = CARTESIAN_POINT ( 'NONE',  ( 23.00000000000000400, 14.60000000000000100, 5.808089297201378900 ) ) ;
#4456 = ORIENTED_EDGE ( 'NONE', *, *, #3967, .T. ) ;
#4457 = AXIS2_PLACEMENT_3D ( 'NONE', #194, #4996, #6070 ) ;
#4458 = VERTEX_POINT ( 'NONE', #4028 ) ;
#4459 = EDGE_CURVE ( 'NONE', #593, #4182, #4994, .T. ) ;
#4460 = ADVANCED_FACE ( 'NONE', ( #6239 ), #4731, .T. ) ;
#4461 = VECTOR ( 'NONE', #4070, 1000.000000000000000 ) ;
#4462 = DIRECTION ( 'NONE',  ( -0.0000000000000000000, 1.000000000000000000, -0.0000000000000000000 ) ) ;
#4463 = ORIENTED_EDGE ( 'NONE', *, *, #5030, .F. ) ;
#4464 = PRESENTATION_LAYER_ASSIGNMENT (  '', '', ( #3049 ) ) ;
#4465 = ORIENTED_EDGE ( 'NONE', *, *, #1905, .F. ) ;
#4466 = EDGE_CURVE ( 'NONE', #5745, #4042, #3964, .T. ) ;
#4467 = EDGE_CURVE ( 'NONE', #947, #1420, #6152, .T. ) ;
#4468 = DIRECTION ( 'NONE',  ( 0.0000000000000000000, 1.000000000000000000, 0.0000000000000000000 ) ) ;
#4469 = ORIENTED_EDGE ( 'NONE', *, *, #3766, .T. ) ;
#4470 = ORIENTED_EDGE ( 'NONE', *, *, #6659, .F. ) ;
#4471 = SURFACE_STYLE_USAGE ( .BOTH. , #4513 ) ;
#4472 = CARTESIAN_POINT ( 'NONE',  ( -19.99999999999999600, -9.806836608136517700, -5.799999999999990900 ) ) ;
#4473 = EDGE_CURVE ( 'NONE', #39, #2404, #3883, .T. ) ;
#4474 = EDGE_LOOP ( 'NONE', ( #1086, #3944, #2952, #553, #6016, #6408, #6454, #6562, #1352, #2365, #298, #5643 ) ) ;
#4475 = ORIENTED_EDGE ( 'NONE', *, *, #5256, .F. ) ;
#4476 = DIRECTION ( 'NONE',  ( 0.0000000000000000000, 0.0000000000000000000, -1.000000000000000000 ) ) ;
#4477 = VERTEX_POINT ( 'NONE', #3081 ) ;
#4478 = CARTESIAN_POINT ( 'NONE',  ( 4.039339828220167100, 13.80000000000000100, -8.092031021678314700 ) ) ;
#4479 = SURFACE_SIDE_STYLE ('',( #4370 ) ) ;
#4480 = VERTEX_POINT ( 'NONE', #4665 ) ;
#4481 = DIRECTION ( 'NONE',  ( 0.0000000000000000000, 0.0000000000000000000, -1.000000000000000000 ) ) ;
#4482 = ADVANCED_FACE ( 'NONE', ( #313 ), #5261, .T. ) ;
#4483 = ORIENTED_EDGE ( 'NONE', *, *, #1213, .T. ) ;
#4484 = VERTEX_POINT ( 'NONE', #1556 ) ;
#4485 = LINE ( 'NONE', #6038, #847 ) ;
#4486 = CARTESIAN_POINT ( 'NONE',  ( -9.799999999999998900, 17.30000000000000100, -2.300000000000001600 ) ) ;
#4487 = ORIENTED_EDGE ( 'NONE', *, *, #4431, .F. ) ;
#4488 = DIRECTION ( 'NONE',  ( -1.000000000000000000, 0.0000000000000000000, 0.0000000000000000000 ) ) ;
#4489 = CYLINDRICAL_SURFACE ( 'NONE', #3398, 0.2999999999999981600 ) ;
#4490 = ADVANCED_FACE ( 'NONE', ( #6723 ), #6808, .F. ) ;
#4491 = CARTESIAN_POINT ( 'NONE',  ( -20.16666924498839500, 15.79994331691107100, -2.400000000000001700 ) ) ;
#4492 = EDGE_CURVE ( 'NONE', #4372, #2469, #904, .T. ) ;
#4493 = AXIS2_PLACEMENT_3D ( 'NONE', #5403, #3786, #6406 ) ;
#4494 = LINE ( 'NONE', #1517, #4240 ) ;
#4495 = DIRECTION ( 'NONE',  ( 0.0000000000000000000, 1.000000000000000000, 0.0000000000000000000 ) ) ;
#4496 = SURFACE_STYLE_FILL_AREA ( #5360 ) ;
#4497 = CARTESIAN_POINT ( 'NONE',  ( 20.99999999999999600, 2.000000000000000000, -15.00000000000000400 ) ) ;
#4498 = ORIENTED_EDGE ( 'NONE', *, *, #6700, .T. ) ;
#4499 = FACE_OUTER_BOUND ( 'NONE', #6658, .T. ) ;
#4500 = DIRECTION ( 'NONE',  ( 0.0000000000000000000, 0.0000000000000000000, -1.000000000000000000 ) ) ;
#4501 = CARTESIAN_POINT ( 'NONE',  ( 16.21809221376423300, 17.49739395700227700, 1.099999999999994300 ) ) ;
#4502 = DIRECTION ( 'NONE',  ( 0.6966437450907566600, 0.6502008287513727500, 0.3031936257854919200 ) ) ;
#4503 = CARTESIAN_POINT ( 'NONE',  ( -20.00000000000000400, 17.60000000000000100, -1.000000000000000900 ) ) ;
#4504 = EDGE_CURVE ( 'NONE', #5906, #4151, #4380, .T. ) ;
#4505 = VERTEX_POINT ( 'NONE', #5282 ) ;
#4506 = FACE_OUTER_BOUND ( 'NONE', #601, .T. ) ;
#4507 = CARTESIAN_POINT ( 'NONE',  ( 21.39282268899928900, 15.79997192002099200, 2.599999999999997000 ) ) ;
#4508 = AXIS2_PLACEMENT_3D ( 'NONE', #573, #6530, #1776 ) ;
#4509 = EDGE_LOOP ( 'NONE', ( #5514, #2645, #4897, #5158 ) ) ;
#4510 = CIRCLE ( 'NONE', #2725, 0.2999999999999999300 ) ;
#4511 = EDGE_CURVE ( 'NONE', #1266, #6866, #5824, .T. ) ;
#4512 = ADVANCED_FACE ( 'NONE', ( #1402 ), #2230, .T. ) ;
#4513 = SURFACE_SIDE_STYLE ('',( #4306 ) ) ;
#4514 = DIRECTION ( 'NONE',  ( 1.000000000000000000, 0.0000000000000000000, 0.0000000000000000000 ) ) ;
#4515 = DIRECTION ( 'NONE',  ( 0.0000000000000000000, 0.0000000000000000000, -1.000000000000000000 ) ) ;
#4516 = EDGE_LOOP ( 'NONE', ( #4483, #6019, #243, #5518, #5587, #5426, #137, #1652, #1846, #232 ) ) ;
#4517 = DIRECTION ( 'NONE',  ( -1.156482317317873100E-015, 0.0000000000000000000, 1.000000000000000000 ) ) ;
#4518 = LINE ( 'NONE', #6074, #3115 ) ;
#4519 = CARTESIAN_POINT ( 'NONE',  ( 21.00000000000000400, 0.0000000000000000000, 15.00000000000000200 ) ) ;
#4520 = EDGE_LOOP ( 'NONE', ( #5177, #2654, #4309, #36 ) ) ;
#4521 = AXIS2_PLACEMENT_3D ( 'NONE', #5423, #3217, #2669 ) ;
#4522 = CARTESIAN_POINT ( 'NONE',  ( 2.999999999999999100, 13.50000000000000200, 9.000000000000001800 ) ) ;
#4523 =( GEOMETRIC_REPRESENTATION_CONTEXT ( 3 ) GLOBAL_UNCERTAINTY_ASSIGNED_CONTEXT ( ( #730 ) ) GLOBAL_UNIT_ASSIGNED_CONTEXT ( ( #4779, #1616, #2084 ) ) REPRESENTATION_CONTEXT ( 'NONE', 'WORKASPACE' ) );
#4524 = CARTESIAN_POINT ( 'NONE',  ( 22.70000000000000600, 12.09999999999999800, 14.70000000000000100 ) ) ;
#4525 = CARTESIAN_POINT ( 'NONE',  ( 12.90000000000000200, 16.30000000000000100, -1.700000000000002000 ) ) ;
#4526 = VERTEX_POINT ( 'NONE', #4162 ) ;
#4527 = DIRECTION ( 'NONE',  ( -0.0000000000000000000, -0.0000000000000000000, 1.000000000000000000 ) ) ;
#4528 = COLOUR_RGB ( '',1.000000000000000000, 0.8117647058823529400, 0.5019607843137254800 ) ;
#4529 = ORIENTED_EDGE ( 'NONE', *, *, #2878, .T. ) ;
#4530 = CARTESIAN_POINT ( 'NONE',  ( 20.30000000000000400, 14.05000000000000200, -14.50000000000000000 ) ) ;
#4531 = EDGE_LOOP ( 'NONE', ( #5429, #1380, #6498 ) ) ;
#4532 = ORIENTED_EDGE ( 'NONE', *, *, #1512, .F. ) ;
#4533 = CARTESIAN_POINT ( 'NONE',  ( 22.70000000000001000, 84.13579597104839500, 31.43630257841382300 ) ) ;
#4534 = VECTOR ( 'NONE', #953, 1000.000000000000000 ) ;
#4535 = AXIS2_PLACEMENT_3D ( 'NONE', #4920, #6014, #4986 ) ;
#4536 = DIRECTION ( 'NONE',  ( 0.0000000000000000000, 0.0000000000000000000, 1.000000000000000000 ) ) ;
#4537 = FACE_OUTER_BOUND ( 'NONE', #6340, .T. ) ;
#4538 = DIRECTION ( 'NONE',  ( -0.0000000000000000000, -1.000000000000000000, -0.0000000000000000000 ) ) ;
#4539 = ORIENTED_EDGE ( 'NONE', *, *, #1296, .F. ) ;
#4540 = CARTESIAN_POINT ( 'NONE',  ( 20.00000000000000400, 15.80000000000000100, 2.799999999999997200 ) ) ;
#4541 = ORIENTED_EDGE ( 'NONE', *, *, #4763, .F. ) ;
#4542 = VECTOR ( 'NONE', #2769, 1000.000000000000000 ) ;
#4543 = ORIENTED_EDGE ( 'NONE', *, *, #5300, .F. ) ;
#4544 = FACE_OUTER_BOUND ( 'NONE', #6569, .T. ) ;
#4545 = CARTESIAN_POINT ( 'NONE',  ( 0.1000000000000029100, 13.80000000000000100, -13.50000000000000000 ) ) ;
#4546 = STYLED_ITEM ( 'NONE', ( #1672 ), #4071 ) ;
#4547 = DIRECTION ( 'NONE',  ( -0.3236155771181880000, 0.8891264907159858200, 0.3236155771181880600 ) ) ;
#4548 = EDGE_CURVE ( 'NONE', #4526, #1993, #5493, .T. ) ;
#4549 = UNCERTAINTY_MEASURE_WITH_UNIT (LENGTH_MEASURE( 1.000000000000000100E-005 ), #6426, 'distance_accuracy_value', 'NONE');
#4550 = CARTESIAN_POINT ( 'NONE',  ( 20.03333419849850100, 15.80000000000006500, 4.199999999999998400 ) ) ;
#4551 = CARTESIAN_POINT ( 'NONE',  ( 9.400000000000002100, 16.30000000000000100, -1.700000000000002000 ) ) ;
#4552 = DIRECTION ( 'NONE',  ( -0.0000000000000000000, 0.0000000000000000000, 1.000000000000000000 ) ) ;
#4553 = VERTEX_POINT ( 'NONE', #485 ) ;
#4554 = LINE ( 'NONE', #3702, #3475 ) ;
#4555 = CARTESIAN_POINT ( 'NONE',  ( 15.80000000000000100, 16.30000000000000100, -4.450000000000002000 ) ) ;
#4556 = ORIENTED_EDGE ( 'NONE', *, *, #4981, .T. ) ;
#4557 = VECTOR ( 'NONE', #2486, 1000.000000000000000 ) ;
#4558 = ADVANCED_FACE ( 'NONE', ( #2975 ), #3101, .T. ) ;
#4559 = PLANE ( 'NONE',  #3390 ) ;
#4560 = AXIS2_PLACEMENT_3D ( 'NONE', #2328, #3393, #1820 ) ;
#4561 = VERTEX_POINT ( 'NONE', #5819 ) ;
#4562 = EDGE_CURVE ( 'NONE', #5084, #163, #3802, .T. ) ;
#4563 = EDGE_CURVE ( 'NONE', #2890, #3918, #6889, .T. ) ;
#4564 = ORIENTED_EDGE ( 'NONE', *, *, #4385, .T. ) ;
#4565 = PRESENTATION_STYLE_ASSIGNMENT (( #5736 ) ) ;
#4566 = SURFACE_STYLE_USAGE ( .BOTH. , #288 ) ;
#4567 = CARTESIAN_POINT ( 'NONE',  ( -19.80000000000001100, 15.80000000000000100, -0.8000000000000008200 ) ) ;
#4568 = DIRECTION ( 'NONE',  ( -1.000000000000000000, 0.0000000000000000000, 8.988204538739931800E-017 ) ) ;
#4569 = VERTEX_POINT ( 'NONE', #2095 ) ;
#4570 = ORIENTED_EDGE ( 'NONE', *, *, #3582, .F. ) ;
#4571 = DIRECTION ( 'NONE',  ( 2.312964634635743000E-016, 0.0000000000000000000, 1.000000000000000000 ) ) ;
#4572 = ORIENTED_EDGE ( 'NONE', *, *, #6882, .F. ) ;
#4573 = PRESENTATION_STYLE_ASSIGNMENT (( #186 ) ) ;
#4574 = EDGE_CURVE ( 'NONE', #3501, #5155, #69, .T. ) ;
#4575 = DIRECTION ( 'NONE',  ( 0.0000000000000000000, 0.0000000000000000000, 1.000000000000000000 ) ) ;
#4576 = CARTESIAN_POINT ( 'NONE',  ( -18.61196191825781200, 15.80000000000000100, -0.8000000000000009300 ) ) ;
#4577 = AXIS2_PLACEMENT_3D ( 'NONE', #1022, #500, #5879 ) ;
#4578 = ORIENTED_EDGE ( 'NONE', *, *, #3270, .F. ) ;
#4579 = DIRECTION ( 'NONE',  ( -0.0000000000000000000, -0.0000000000000000000, -1.000000000000000000 ) ) ;
#4580 = ORIENTED_EDGE ( 'NONE', *, *, #6424, .F. ) ;
#4581 = VECTOR ( 'NONE', #43, 1000.000000000000000 ) ;
#4582 = CARTESIAN_POINT ( 'NONE',  ( 18.60000000000000100, 15.79983162191123800, 2.999999999999996900 ) ) ;
#4583 = CARTESIAN_POINT ( 'NONE',  ( 0.1000000000000067500, 13.80000000000000100, -2.846030702774643900E-017 ) ) ;
#4584 = DIRECTION ( 'NONE',  ( 0.0000000000000000000, 0.0000000000000000000, 1.000000000000000000 ) ) ;
#4585 = CARTESIAN_POINT ( 'NONE',  ( 2.999999999999999600, 17.60000000000000100, 6.800000000000000700 ) ) ;
#4586 = VECTOR ( 'NONE', #4147, 1000.000000000000000 ) ;
#4587 = LINE ( 'NONE', #5941, #2441 ) ;
#4588 =( GEOMETRIC_REPRESENTATION_CONTEXT ( 3 ) GLOBAL_UNCERTAINTY_ASSIGNED_CONTEXT ( ( #2387 ) ) GLOBAL_UNIT_ASSIGNED_CONTEXT ( ( #2453, #3949, #6682 ) ) REPRESENTATION_CONTEXT ( 'NONE', 'WORKASPACE' ) );
#4589 = DIRECTION ( 'NONE',  ( -1.000000000000000000, 0.0000000000000000000, 0.0000000000000000000 ) ) ;
#4590 = ORIENTED_EDGE ( 'NONE', *, *, #1991, .F. ) ;
#4591 = CARTESIAN_POINT ( 'NONE',  ( -0.1999999999999947700, 2.000000000000000000, 3.799999999999998500 ) ) ;
#4592 = CARTESIAN_POINT ( 'NONE',  ( 18.60000000000000100, 15.00000000000000200, 2.599999999999997000 ) ) ;
#4593 = LINE ( 'NONE', #3185, #1777 ) ;
#4594 = CARTESIAN_POINT ( 'NONE',  ( 0.1000000000000028600, 14.05000000000000200, -12.45563491861041100 ) ) ;
#4595 = VECTOR ( 'NONE', #4369, 1000.000000000000000 ) ;
#4596 = AXIS2_PLACEMENT_3D ( 'NONE', #303, #3971, #6652 ) ;
#4597 = COLOUR_RGB ( '',1.000000000000000000, 0.8117647058823529400, 0.5019607843137254800 ) ;
#4598 = DIRECTION ( 'NONE',  ( 1.000000000000000000, 0.0000000000000000000, 0.0000000000000000000 ) ) ;
#4599 = VECTOR ( 'NONE', #1161, 1000.000000000000000 ) ;
#4600 = DIRECTION ( 'NONE',  ( 0.0000000000000000000, 0.0000000000000000000, -1.000000000000000000 ) ) ;
#4601 = DIRECTION ( 'NONE',  ( 0.0000000000000000000, 1.000000000000000000, 0.0000000000000000000 ) ) ;
#4602 = ADVANCED_FACE ( 'NONE', ( #1328 ), #963, .T. ) ;
#4603 = DIRECTION ( 'NONE',  ( -0.0000000000000000000, 0.0000000000000000000, 1.000000000000000000 ) ) ;
#4604 = ORIENTED_EDGE ( 'NONE', *, *, #1539, .F. ) ;
#4605 = DIRECTION ( 'NONE',  ( 1.000000000000000000, 0.0000000000000000000, 2.891205793294678200E-015 ) ) ;
#4606 = CARTESIAN_POINT ( 'NONE',  ( 2.999999999999999600, 17.30000000000000100, 6.800000000000000700 ) ) ;
#4607 = DIRECTION ( 'NONE',  ( 0.6038772616713568000, 0.5636187775599327300, 0.5636187775599307300 ) ) ;
#4608 = VECTOR ( 'NONE', #856, 1000.000000000000000 ) ;
#4609 = AXIS2_PLACEMENT_3D ( 'NONE', #4135, #4685, #1092 ) ;
#4610 =( NAMED_UNIT ( * ) PLANE_ANGLE_UNIT ( ) SI_UNIT ( $, .RADIAN. ) );
#4611 = ORIENTED_EDGE ( 'NONE', *, *, #335, .T. ) ;
#4612 = EDGE_CURVE ( 'NONE', #4553, #1586, #5861, .T. ) ;
#4613 = EDGE_CURVE ( 'NONE', #3052, #2171, #5578, .T. ) ;
#4614 = CARTESIAN_POINT ( 'NONE',  ( -19.80000000000000800, 15.00000000000000200, 0.3999999999999990800 ) ) ;
#4615 = ORIENTED_EDGE ( 'NONE', *, *, #6017, .F. ) ;
#4616 = VECTOR ( 'NONE', #1466, 1000.000000000000000 ) ;
#4617 =( NAMED_UNIT ( * ) PLANE_ANGLE_UNIT ( ) SI_UNIT ( $, .RADIAN. ) );
#4618 = CARTESIAN_POINT ( 'NONE',  ( -9.799999999999998900, 17.60000000000000100, -3.550000000000001200 ) ) ;
#4619 = DIRECTION ( 'NONE',  ( -0.0000000000000000000, 1.000000000000000000, -0.0000000000000000000 ) ) ;
#4620 = EDGE_CURVE ( 'NONE', #6254, #742, #5069, .T. ) ;
#4621 = VERTEX_POINT ( 'NONE', #4813 ) ;
#4622 = PRESENTATION_STYLE_ASSIGNMENT (( #905 ) ) ;
#4623 = ORIENTED_EDGE ( 'NONE', *, *, #3320, .T. ) ;
#4624 =( LENGTH_UNIT ( ) NAMED_UNIT ( * ) SI_UNIT ( .MILLI., .METRE. ) );
#4625 = ORIENTED_EDGE ( 'NONE', *, *, #6801, .F. ) ;
#4626 = CARTESIAN_POINT ( 'NONE',  ( 17.30000000000000100, 14.90000000000000200, -1.700000000000002000 ) ) ;
#4627 = LINE ( 'NONE', #5350, #4451 ) ;
#4628 = AXIS2_PLACEMENT_3D ( 'NONE', #4091, #964, #6831 ) ;
#4629 = CARTESIAN_POINT ( 'NONE',  ( 20.00000000000000400, 15.80000000000000100, 4.199999999999997500 ) ) ;
#4630 = VECTOR ( 'NONE', #1765, 1000.000000000000000 ) ;
#4631 = DIRECTION ( 'NONE',  ( 2.891205793294678200E-015, 0.0000000000000000000, -1.000000000000000000 ) ) ;
#4632 = DIRECTION ( 'NONE',  ( 0.0000000000000000000, 0.0000000000000000000, 1.000000000000000000 ) ) ;
#4633 = CARTESIAN_POINT ( 'NONE',  ( 18.50000000000000400, 14.30000000000000200, 0.0000000000000000000 ) ) ;
#4634 = FILL_AREA_STYLE ('',( #802 ) ) ;
#4635 = EDGE_LOOP ( 'NONE', ( #1237, #2460, #4119, #3961 ) ) ;
#4636 = B_SPLINE_CURVE_WITH_KNOTS ( 'NONE', 3,
 ( #6826, #2719, #1093, #3787, #2743 ),
 .UNSPECIFIED., .F., .F.,
 ( 4, 1, 4 ),
 ( 0.0007428838607817758900, 0.0007500537318004181000, 0.0007572236028190603000 ),
 .UNSPECIFIED. ) ;
#4637 = CARTESIAN_POINT ( 'NONE',  ( 20.30000000000000400, 14.05000000000000200, 0.0000000000000000000 ) ) ;
#4638 = ORIENTED_EDGE ( 'NONE', *, *, #1163, .F. ) ;
#4639 = EDGE_CURVE ( 'NONE', #1063, #5582, #552, .T. ) ;
#4640 = AXIS2_PLACEMENT_3D ( 'NONE', #1927, #4072, #2440 ) ;
#4641 = DIRECTION ( 'NONE',  ( 1.734723475976807300E-016, 0.0000000000000000000, 1.000000000000000000 ) ) ;
#4642 = ADVANCED_FACE ( 'NONE', ( #1244 ), #4863, .T. ) ;
#4643 = CARTESIAN_POINT ( 'NONE',  ( 9.400000000000002100, 16.30000000000000100, -4.150000000000002100 ) ) ;
#4644 = ORIENTED_EDGE ( 'NONE', *, *, #4096, .T. ) ;
#4645 = VERTEX_POINT ( 'NONE', #4229 ) ;
#4646 = LINE ( 'NONE', #6505, #6558 ) ;
#4647 = PLANE ( 'NONE',  #6799 ) ;
#4648 =( BOUNDED_CURVE ( )  B_SPLINE_CURVE ( 3, ( #3029, #3007, #398, #3069 ),
 .UNSPECIFIED., .F., .F. ) 
 B_SPLINE_CURVE_WITH_KNOTS ( ( 4, 4 ),
 ( 4.262105827412138800, 4.287668359694062100 ),
 .UNSPECIFIED. ) 
 CURVE ( )  GEOMETRIC_REPRESENTATION_ITEM ( )  RATIONAL_B_SPLINE_CURVE ( ( 1.000000000000000000, 0.9999455471532388000, 0.9999455471532388000, 1.000000000000000000 ) ) 
 REPRESENTATION_ITEM ( '' )  );
#4649 = DIRECTION ( 'NONE',  ( 0.0000000000000000000, 1.000000000000000000, -0.0000000000000000000 ) ) ;
#4650 = DIRECTION ( 'NONE',  ( 0.0000000000000000000, 0.0000000000000000000, -1.000000000000000000 ) ) ;
#4651 = ORIENTED_EDGE ( 'NONE', *, *, #2568, .T. ) ;
#4652 = AXIS2_PLACEMENT_3D ( 'NONE', #6828, #2603, #3695 ) ;
#4653 = DIRECTION ( 'NONE',  ( -0.0000000000000000000, 1.000000000000000000, -0.0000000000000000000 ) ) ;
#4654 = ORIENTED_EDGE ( 'NONE', *, *, #1770, .T. ) ;
#4655 = EDGE_CURVE ( 'NONE', #3657, #1921, #4297, .T. ) ;
#4656 = CARTESIAN_POINT ( 'NONE',  ( 17.30000000000000100, 14.90000000000000200, -1.700000000000002000 ) ) ;
#4657 = ORIENTED_EDGE ( 'NONE', *, *, #2625, .T. ) ;
#4658 = VERTEX_POINT ( 'NONE', #3750 ) ;
#4659 = VERTEX_POINT ( 'NONE', #6409 ) ;
#4660 =( GEOMETRIC_REPRESENTATION_CONTEXT ( 3 ) GLOBAL_UNCERTAINTY_ASSIGNED_CONTEXT ( ( #6108 ) ) GLOBAL_UNIT_ASSIGNED_CONTEXT ( ( #789, #3953, #267 ) ) REPRESENTATION_CONTEXT ( 'NONE', 'WORKASPACE' ) );
#4661 = EDGE_CURVE ( 'NONE', #3911, #2788, #826, .T. ) ;
#4662 = ORIENTED_EDGE ( 'NONE', *, *, #1782, .T. ) ;
#4663 = DIRECTION ( 'NONE',  ( -1.000000000000000000, 0.0000000000000000000, -0.0000000000000000000 ) ) ;
#4664 = ORIENTED_EDGE ( 'NONE', *, *, #3053, .F. ) ;
#4665 = CARTESIAN_POINT ( 'NONE',  ( 9.100000000000001400, 16.30000000000000100, -1.700000000000002000 ) ) ;
#4666 = ORIENTED_EDGE ( 'NONE', *, *, #1332, .F. ) ;
#4667 = VECTOR ( 'NONE', #6224, 1000.000000000000000 ) ;
#4668 = CARTESIAN_POINT ( 'NONE',  ( 17.38184844133570600, 14.30000000000000200, 1.099999999999994100 ) ) ;
#4669 = CARTESIAN_POINT ( 'NONE',  ( 20.30000000000000400, 14.05000000000000200, -6.800000000000004300 ) ) ;
#4670 = ORIENTED_EDGE ( 'NONE', *, *, #4046, .T. ) ;
#4671 = LINE ( 'NONE', #6540, #3252 ) ;
#4672 = CARTESIAN_POINT ( 'NONE',  ( 4.251471862576130100, 14.30000000000000200, -7.879898987322351700 ) ) ;
#4673 = CARTESIAN_POINT ( 'NONE',  ( 0.0000000000000000000, 14.30000000000000200, -5.500000000000004400 ) ) ;
#4674 = FACE_OUTER_BOUND ( 'NONE', #3613, .T. ) ;
#4675 = ADVANCED_FACE ( 'NONE', ( #1898 ), #2397, .T. ) ;
#4676 = VERTEX_POINT ( 'NONE', #2765 ) ;
#4677 = LINE ( 'NONE', #5125, #6429 ) ;
#4678 = CARTESIAN_POINT ( 'NONE',  ( 19.80000000000000400, 0.0000000000000000000, 14.50000000000000000 ) ) ;
#4679 = CARTESIAN_POINT ( 'NONE',  ( 6.277817459305206100, 14.30000000000000200, -6.277817459305151900 ) ) ;
#4680 = DIRECTION ( 'NONE',  ( 0.0000000000000000000, 0.0000000000000000000, -1.000000000000000000 ) ) ;
#4681 = CARTESIAN_POINT ( 'NONE',  ( 0.0000000000000000000, 14.05000000000000200, -14.50000000000000000 ) ) ;
#4682 = B_SPLINE_CURVE_WITH_KNOTS ( 'NONE', 3,
 ( #5929, #2154, #1639, #5323, #4802, #5952 ),
 .UNSPECIFIED., .F., .F.,
 ( 4, 2, 4 ),
 ( 0.006669247038319663100, 0.006769671543532411500, 0.006870096048745159000 ),
 .UNSPECIFIED. ) ;
#4683 = CIRCLE ( 'NONE', #5039, 1.249999999999999300 ) ;
#4684 = CARTESIAN_POINT ( 'NONE',  ( -20.00000000000000400, 17.60000000000000100, -1.000000000000000900 ) ) ;
#4685 = DIRECTION ( 'NONE',  ( 1.000000000000000000, 0.0000000000000000000, -2.891205793294678600E-015 ) ) ;
#4686 = CARTESIAN_POINT ( 'NONE',  ( 17.38184844133570600, 14.30000000000000200, 6.018151558664292200 ) ) ;
#4687 = DIRECTION ( 'NONE',  ( 0.0000000000000000000, 0.0000000000000000000, -1.000000000000000000 ) ) ;
#4688 = DIRECTION ( 'NONE',  ( 0.0000000000000000000, -0.0000000000000000000, 1.000000000000000000 ) ) ;
#4689 = CARTESIAN_POINT ( 'NONE',  ( -13.65000000000000000, 17.60000000000000100, -5.700000000000000200 ) ) ;
#4690 = ORIENTED_EDGE ( 'NONE', *, *, #4271, .T. ) ;
#4691 = VECTOR ( 'NONE', #1621, 1000.000000000000000 ) ;
#4692 = STYLED_ITEM ( 'NONE', ( #4573 ), #3920 ) ;
#4693 = EDGE_CURVE ( 'NONE', #1658, #3725, #152, .T. ) ;
#4694 = VERTEX_POINT ( 'NONE', #3194 ) ;
#4695 = DIRECTION ( 'NONE',  ( 0.0000000000000000000, 0.0000000000000000000, -1.000000000000000000 ) ) ;
#4696 = SURFACE_SIDE_STYLE ('',( #2506 ) ) ;
#4697 = FACE_OUTER_BOUND ( 'NONE', #899, .T. ) ;
#4698 = DIRECTION ( 'NONE',  ( 1.000000000000000000, -7.324388009679841800E-015, 0.0000000000000000000 ) ) ;
#4699 = CARTESIAN_POINT ( 'NONE',  ( 22.50000000000000700, 11.69999999999999900, 14.50000000000000000 ) ) ;
#4700 = PLANE ( 'NONE',  #539 ) ;
#4701 = EDGE_LOOP ( 'NONE', ( #5668, #5560, #1094, #2566, #487 ) ) ;
#4702 = CARTESIAN_POINT ( 'NONE',  ( -21.38564064605510900, 15.80000000000000100, -0.8000000000000008200 ) ) ;
#4703 = VECTOR ( 'NONE', #4795, 1000.000000000000000 ) ;
#4704 = EDGE_CURVE ( 'NONE', #2728, #4296, #5994, .T. ) ;
#4705 = EDGE_CURVE ( 'NONE', #5094, #4796, #6316, .T. ) ;
#4706 = ORIENTED_EDGE ( 'NONE', *, *, #5924, .F. ) ;
#4707 = CARTESIAN_POINT ( 'NONE',  ( 22.70000000000000300, 14.66963430942633000, -5.250429720623136700E-015 ) ) ;
#4708 = ORIENTED_EDGE ( 'NONE', *, *, #5796, .F. ) ;
#4709 =( NAMED_UNIT ( * ) PLANE_ANGLE_UNIT ( ) SI_UNIT ( $, .RADIAN. ) );
#4710 = VECTOR ( 'NONE', #1570, 1000.000000000000000 ) ;
#4711 = DIRECTION ( 'NONE',  ( 1.000000000000000000, 0.0000000000000000000, 0.0000000000000000000 ) ) ;
#4712 = ORIENTED_EDGE ( 'NONE', *, *, #1287, .F. ) ;
#4713 = ADVANCED_FACE ( 'NONE', ( #3635 ), #2696, .F. ) ;
#4714 = LINE ( 'NONE', #897, #6136 ) ;
#4715 = EDGE_CURVE ( 'NONE', #2237, #3708, #5238, .T. ) ;
#4716 = ORIENTED_EDGE ( 'NONE', *, *, #162, .T. ) ;
#4717 = AXIS2_PLACEMENT_3D ( 'NONE', #456, #4180, #4226 ) ;
#4718 = VERTEX_POINT ( 'NONE', #5540 ) ;
#4719 = VECTOR ( 'NONE', #554, 1000.000000000000000 ) ;
#4720 = DIRECTION ( 'NONE',  ( -0.0000000000000000000, -0.0000000000000000000, 1.000000000000000000 ) ) ;
#4721 = DIRECTION ( 'NONE',  ( -0.0000000000000000000, -0.0000000000000000000, 1.000000000000000000 ) ) ;
#4722 = ORIENTED_EDGE ( 'NONE', *, *, #1245, .T. ) ;
#4723 = DIRECTION ( 'NONE',  ( -0.0000000000000000000, 1.000000000000000000, -0.0000000000000000000 ) ) ;
#4724 = CARTESIAN_POINT ( 'NONE',  ( -1.213407612729890800E-015, 13.80000000000000100, -13.50000000000000000 ) ) ;
#4725 =( NAMED_UNIT ( * ) PLANE_ANGLE_UNIT ( ) SI_UNIT ( $, .RADIAN. ) );
#4726 =( NAMED_UNIT ( * ) SI_UNIT ( $, .STERADIAN. ) SOLID_ANGLE_UNIT ( ) );
#4727 = ORIENTED_EDGE ( 'NONE', *, *, #4466, .F. ) ;
#4728 = SURFACE_STYLE_FILL_AREA ( #4007 ) ;
#4729 = DIRECTION ( 'NONE',  ( -0.0000000000000000000, -1.000000000000000000, -0.0000000000000000000 ) ) ;
#4730 = VERTEX_POINT ( 'NONE', #2317 ) ;
#4731 = CYLINDRICAL_SURFACE ( 'NONE', #9, 0.2999999999999999300 ) ;
#4732 = ORIENTED_EDGE ( 'NONE', *, *, #1246, .F. ) ;
#4733 = VECTOR ( 'NONE', #793, 1000.000000000000000 ) ;
#4734 = ORIENTED_EDGE ( 'NONE', *, *, #6668, .F. ) ;
#4735 = SURFACE_STYLE_FILL_AREA ( #5028 ) ;
#4736 = CARTESIAN_POINT ( 'NONE',  ( 22.50000000000000700, 11.69999999999999900, 14.50000000000000000 ) ) ;
#4737 = STYLED_ITEM ( 'NONE', ( #3342 ), #3550 ) ;
#4738 = CARTESIAN_POINT ( 'NONE',  ( 20.19999999999999900, 15.00000000000000200, 4.199999999999997500 ) ) ;
#4739 = DIRECTION ( 'NONE',  ( 1.000000000000000000, -0.0000000000000000000, 0.0000000000000000000 ) ) ;
#4740 = UNCERTAINTY_MEASURE_WITH_UNIT (LENGTH_MEASURE( 1.000000000000000100E-005 ), #5656, 'distance_accuracy_value', 'NONE');
#4741 = ORIENTED_EDGE ( 'NONE', *, *, #528, .F. ) ;
#4742 = VERTEX_POINT ( 'NONE', #3837 ) ;
#4743 = CIRCLE ( 'NONE', #3362, 0.5999999999999999800 ) ;
#4744 = DIRECTION ( 'NONE',  ( -0.0000000000000000000, 1.000000000000000000, -0.0000000000000000000 ) ) ;
#4745 = DIRECTION ( 'NONE',  ( 0.0000000000000000000, 0.0000000000000000000, 1.000000000000000000 ) ) ;
#4746 = PLANE ( 'NONE',  #4352 ) ;
#4747 = AXIS2_PLACEMENT_3D ( 'NONE', #1774, #6462, #1242 ) ;
#4748 = VERTEX_POINT ( 'NONE', #4346 ) ;
#4749 = SURFACE_SIDE_STYLE ('',( #5863 ) ) ;
#4750 = EDGE_LOOP ( 'NONE', ( #707, #1232 ) ) ;
#4751 = EDGE_CURVE ( 'NONE', #4363, #6711, #2314, .T. ) ;
#4752 = EDGE_CURVE ( 'NONE', #3946, #5805, #6637, .T. ) ;
#4753 = ORIENTED_EDGE ( 'NONE', *, *, #2201, .F. ) ;
#4754 = FACE_OUTER_BOUND ( 'NONE', #1760, .T. ) ;
#4755 = ADVANCED_FACE ( 'NONE', ( #4544 ), #234, .F. ) ;
#4756 = DIRECTION ( 'NONE',  ( 1.000000000000000000, 0.0000000000000000000, -0.0000000000000000000 ) ) ;
#4757 = DIRECTION ( 'NONE',  ( -0.0000000000000000000, -1.000000000000000000, -0.0000000000000000000 ) ) ;
#4758 = DIRECTION ( 'NONE',  ( 1.000000000000000000, 0.0000000000000000000, 0.0000000000000000000 ) ) ;
#4759 = CARTESIAN_POINT ( 'NONE',  ( 22.50000000000000000, 12.09999999999999800, -14.50000000000000000 ) ) ;
#4760 = EDGE_LOOP ( 'NONE', ( #4367, #1871, #6665, #2805 ) ) ;
#4761 = VECTOR ( 'NONE', #3094, 1000.000000000000000 ) ;
#4762 = AXIS2_PLACEMENT_3D ( 'NONE', #195, #3910, #4934 ) ;
#4763 = EDGE_CURVE ( 'NONE', #3483, #6494, #1742, .T. ) ;
#4764 = CARTESIAN_POINT ( 'NONE',  ( 4.300000000000011400, 14.30000000000000100, -0.7000000000000014000 ) ) ;
#4765 = CARTESIAN_POINT ( 'NONE',  ( 4.800000000000000700, 17.30000000000000100, -5.775735931288104500 ) ) ;
#4766 = LINE ( 'NONE', #3989, #5688 ) ;
#4767 = VECTOR ( 'NONE', #1277, 1000.000000000000000 ) ;
#4768 = FILL_AREA_STYLE_COLOUR ( '', #4080 ) ;
#4769 = VECTOR ( 'NONE', #2336, 1000.000000000000000 ) ;
#4770 = LINE ( 'NONE', #5785, #5695 ) ;
#4771 = VECTOR ( 'NONE', #1078, 1000.000000000000000 ) ;
#4772 = AXIS2_PLACEMENT_3D ( 'NONE', #1631, #5368, #3757 ) ;
#4773 = CARTESIAN_POINT ( 'NONE',  ( -22.69999999999999900, 17.38786796564403800, 11.78786796564404900 ) ) ;
#4774 = CARTESIAN_POINT ( 'NONE',  ( 2.680936281055066400E-015, 2.000000000000000000, -17.00000000000000000 ) ) ;
#4775 = ORIENTED_EDGE ( 'NONE', *, *, #5343, .T. ) ;
#4776 = CARTESIAN_POINT ( 'NONE',  ( -19.80000000000000400, 15.79988773389020700, 0.3976079570935747700 ) ) ;
#4777 = CARTESIAN_POINT ( 'NONE',  ( -19.99999999999999600, 13.60000000000000300, 12.00000000000000700 ) ) ;
#4778 = CARTESIAN_POINT ( 'NONE',  ( -0.1999999999999947700, 14.30000000000000200, 3.799999999999998500 ) ) ;
#4779 =( LENGTH_UNIT ( ) NAMED_UNIT ( * ) SI_UNIT ( .MILLI., .METRE. ) );
#4780 = FACE_OUTER_BOUND ( 'NONE', #5145, .T. ) ;
#4781 = PLANE ( 'NONE',  #1724 ) ;
#4782 = B_SPLINE_CURVE_WITH_KNOTS ( 'NONE', 3,
 ( #4582, #1405, #1427, #5677, #3027 ),
 .UNSPECIFIED., .F., .F.,
 ( 4, 1, 4 ),
 ( 0.003018520113191400500, 0.003025609494165859600, 0.003032698875140318600 ),
 .UNSPECIFIED. ) ;
#4783 = CARTESIAN_POINT ( 'NONE',  ( 19.40000000000000600, 13.80000000000000100, -13.50000000000000200 ) ) ;
#4784 = ORIENTED_EDGE ( 'NONE', *, *, #1035, .T. ) ;
#4785 = PRESENTATION_STYLE_ASSIGNMENT (( #127 ) ) ;
#4786 = DIRECTION ( 'NONE',  ( -1.224646799147353200E-016, 1.000000000000000000, 0.0000000000000000000 ) ) ;
#4787 = CARTESIAN_POINT ( 'NONE',  ( 21.39999999999999500, 15.79999999999711200, 2.866982063370462800 ) ) ;
#4788 = ADVANCED_FACE ( 'NONE', ( #665 ), #1073, .T. ) ;
#4789 = CARTESIAN_POINT ( 'NONE',  ( 14.20000000000000100, 16.30000000000000100, -1.700000000000002000 ) ) ;
#4790 = ORIENTED_EDGE ( 'NONE', *, *, #817, .F. ) ;
#4791 = FACE_OUTER_BOUND ( 'NONE', #4474, .T. ) ;
#4792 = MECHANICAL_DESIGN_GEOMETRIC_PRESENTATION_REPRESENTATION (  '', ( #777 ), #869 ) ;
#4793 = EDGE_CURVE ( 'NONE', #2257, #5654, #5150, .T. ) ;
#4794 = PLANE ( 'NONE',  #1112 ) ;
#4795 = DIRECTION ( 'NONE',  ( 0.0000000000000000000, -1.000000000000000000, 0.0000000000000000000 ) ) ;
#4796 = VERTEX_POINT ( 'NONE', #1716 ) ;
#4797 = CARTESIAN_POINT ( 'NONE',  ( 19.80000000000000100, 15.80000000000000100, 4.188038081742179800 ) ) ;
#4798 = ORIENTED_EDGE ( 'NONE', *, *, #6756, .T. ) ;
#4799 = DIRECTION ( 'NONE',  ( -1.000000000000000000, 0.0000000000000000000, 8.988204538739933000E-017 ) ) ;
#4800 = CARTESIAN_POINT ( 'NONE',  ( -6.249999999999998200, 17.30000000000000100, 7.950000000000002000 ) ) ;
#4801 = AXIS2_PLACEMENT_3D ( 'NONE', #1956, #6214, #5195 ) ;
#4802 = CARTESIAN_POINT ( 'NONE',  ( -20.03349073937594600, 15.80000000000006100, 0.3999999999999990800 ) ) ;
#4803 = CARTESIAN_POINT ( 'NONE',  ( -21.39281444919824800, 15.79997202703584800, -0.8000000000000008200 ) ) ;
#4804 = EDGE_CURVE ( 'NONE', #6366, #3408, #4132, .T. ) ;
#4805 = VERTEX_POINT ( 'NONE', #4441 ) ;
#4806 = EDGE_CURVE ( 'NONE', #1873, #2409, #5660, .T. ) ;
#4807 = VECTOR ( 'NONE', #2585, 1000.000000000000000 ) ;
#4808 = DIRECTION ( 'NONE',  ( -1.141265444721583800E-016, 0.0000000000000000000, -1.000000000000000000 ) ) ;
#4809 = FACE_OUTER_BOUND ( 'NONE', #6447, .T. ) ;
#4810 = CARTESIAN_POINT ( 'NONE',  ( 17.30000000000000100, 14.90000000000000200, -1.700000000000002000 ) ) ;
#4811 = CARTESIAN_POINT ( 'NONE',  ( 19.83332771820276000, 15.79994330673438800, 4.199999999999998400 ) ) ;
#4812 = VERTEX_POINT ( 'NONE', #4392 ) ;
#4813 = CARTESIAN_POINT ( 'NONE',  ( -21.40000000000000600, 15.00000000000000200, -1.200000000000001100 ) ) ;
#4814 = DIRECTION ( 'NONE',  ( 0.7071067811865491300, 0.0000000000000000000, 0.7071067811865459100 ) ) ;
#4815 =( GEOMETRIC_REPRESENTATION_CONTEXT ( 3 ) GLOBAL_UNCERTAINTY_ASSIGNED_CONTEXT ( ( #1045 ) ) GLOBAL_UNIT_ASSIGNED_CONTEXT ( ( #5095, #1899, #5635 ) ) REPRESENTATION_CONTEXT ( 'NONE', 'WORKASPACE' ) );
#4816 = COLOUR_RGB ( '',1.000000000000000000, 0.8117647058823529400, 0.5019607843137254800 ) ;
#4817 = VERTEX_POINT ( 'NONE', #153 ) ;
#4818 = DIRECTION ( 'NONE',  ( 1.000000000000000000, 0.0000000000000000000, 0.0000000000000000000 ) ) ;
#4819 = ORIENTED_EDGE ( 'NONE', *, *, #81, .F. ) ;
#4820 = SURFACE_STYLE_FILL_AREA ( #683 ) ;
#4821 = DIRECTION ( 'NONE',  ( 0.0000000000000000000, 0.7071067811865462400, 0.7071067811865487900 ) ) ;
#4822 = ORIENTED_EDGE ( 'NONE', *, *, #6230, .F. ) ;
#4823 = ADVANCED_FACE ( 'NONE', ( #5746 ), #6068, .F. ) ;
#4824 = MECHANICAL_DESIGN_GEOMETRIC_PRESENTATION_REPRESENTATION (  '', ( #6734 ), #5186 ) ;
#4825 = DIRECTION ( 'NONE',  ( -0.0000000000000000000, 0.0000000000000000000, 1.000000000000000000 ) ) ;
#4826 = DIRECTION ( 'NONE',  ( 1.000000000000000000, -0.0000000000000000000, 0.0000000000000000000 ) ) ;
#4827 = CARTESIAN_POINT ( 'NONE',  ( -20.20000000000000600, 15.00000000000000200, 0.3999999999999990800 ) ) ;
#4828 = SURFACE_STYLE_USAGE ( .BOTH. , #5321 ) ;
#4829 = SURFACE_STYLE_USAGE ( .BOTH. , #74 ) ;
#4830 = VERTEX_POINT ( 'NONE', #3861 ) ;
#4831 = B_SPLINE_CURVE_WITH_KNOTS ( 'NONE', 3,
 ( #2151, #6843, #1042, #5272, #3617, #548 ),
 .UNSPECIFIED., .F., .F.,
 ( 4, 2, 4 ),
 ( 0.006669247038319660500, 0.006769671543532408000, 0.006870096048745156400 ),
 .UNSPECIFIED. ) ;
#4832 = ORIENTED_EDGE ( 'NONE', *, *, #6754, .T. ) ;
#4833 = FACE_OUTER_BOUND ( 'NONE', #2102, .T. ) ;
#4834 = EDGE_LOOP ( 'NONE', ( #1285, #4556 ) ) ;
#4835 = DIRECTION ( 'NONE',  ( 0.0000000000000000000, 0.0000000000000000000, -1.000000000000000000 ) ) ;
#4836 = VERTEX_POINT ( 'NONE', #2784 ) ;
#4837 = MECHANICAL_DESIGN_GEOMETRIC_PRESENTATION_REPRESENTATION (  '', ( #4692 ), #5517 ) ;
#4838 = EDGE_LOOP ( 'NONE', ( #2178, #6226 ) ) ;
#4839 = PRESENTATION_STYLE_ASSIGNMENT (( #1535 ) ) ;
#4840 = DIRECTION ( 'NONE',  ( -0.0000000000000000000, 1.000000000000000000, -0.0000000000000000000 ) ) ;
#4841 = EDGE_CURVE ( 'NONE', #1588, #2469, #3143, .T. ) ;
#4842 = ORIENTED_EDGE ( 'NONE', *, *, #3534, .T. ) ;
#4843 = ORIENTED_EDGE ( 'NONE', *, *, #3855, .F. ) ;
#4844 = EDGE_LOOP ( 'NONE', ( #3899, #4043, #381, #6071 ) ) ;
#4845 = FACE_OUTER_BOUND ( 'NONE', #1514, .T. ) ;
#4846 = DIRECTION ( 'NONE',  ( 1.000000000000000000, 0.0000000000000000000, 0.0000000000000000000 ) ) ;
#4847 = DIRECTION ( 'NONE',  ( -1.000000000000000000, 0.0000000000000000000, 0.0000000000000000000 ) ) ;
#4848 = MECHANICAL_DESIGN_GEOMETRIC_PRESENTATION_REPRESENTATION (  '', ( #3049 ), #5919 ) ;
#4849 = CARTESIAN_POINT ( 'NONE',  ( 19.80000000000000400, 0.2000000000000000100, 9.000000000000001800 ) ) ;
#4850 = EDGE_CURVE ( 'NONE', #5920, #2161, #6229, .T. ) ;
#4851 = ORIENTED_EDGE ( 'NONE', *, *, #5576, .F. ) ;
#4852 = EDGE_CURVE ( 'NONE', #5640, #3147, #3548, .T. ) ;
#4853 = CARTESIAN_POINT ( 'NONE',  ( 20.19999999999999600, 15.00000000000000200, 2.599999999999997000 ) ) ;
#4854 = PLANE ( 'NONE',  #512 ) ;
#4855 = FILL_AREA_STYLE ('',( #4247 ) ) ;
#4856 = CIRCLE ( 'NONE', #1342, 0.2999999999999999300 ) ;
#4857 = CARTESIAN_POINT ( 'NONE',  ( 18.50000000000000400, 14.60000000000000100, -5.500000000000004400 ) ) ;
#4858 = VERTEX_POINT ( 'NONE', #1788 ) ;
#4859 = FACE_OUTER_BOUND ( 'NONE', #4052, .T. ) ;
#4860 = EDGE_CURVE ( 'NONE', #2913, #1489, #3392, .T. ) ;
#4861 = CARTESIAN_POINT ( 'NONE',  ( 12.90000000000000200, 16.30000000000000100, -4.450000000000002000 ) ) ;
#4862 = DIRECTION ( 'NONE',  ( 0.0000000000000000000, -0.0000000000000000000, 1.000000000000000000 ) ) ;
#4863 = PLANE ( 'NONE',  #3662 ) ;
#4864 = ADVANCED_FACE ( 'NONE', ( #1983 ), #1830, .F. ) ;
#4865 = VECTOR ( 'NONE', #2484, 1000.000000000000000 ) ;
#4866 = DIRECTION ( 'NONE',  ( 1.000000000000000000, 0.0000000000000000000, 0.0000000000000000000 ) ) ;
#4867 = CARTESIAN_POINT ( 'NONE',  ( 16.28993773853708400, 17.30000000000000100, 1.099999999999994300 ) ) ;
#4868 = PLANE ( 'NONE',  #3804 ) ;
#4869 = STYLED_ITEM ( 'NONE', ( #5550 ), #1540 ) ;
#4870 = VECTOR ( 'NONE', #1084, 1000.000000000000000 ) ;
#4871 =( LENGTH_UNIT ( ) NAMED_UNIT ( * ) SI_UNIT ( .MILLI., .METRE. ) );
#4872 = LINE ( 'NONE', #5631, #5036 ) ;
#4873 = SURFACE_STYLE_USAGE ( .BOTH. , #1154 ) ;
#4874 = DIRECTION ( 'NONE',  ( 1.000000000000000000, 0.0000000000000000000, 0.0000000000000000000 ) ) ;
#4875 = CARTESIAN_POINT ( 'NONE',  ( -23.00000000000000000, 17.60000000000000100, -12.00000000000001200 ) ) ;
#4876 = VERTEX_POINT ( 'NONE', #5606 ) ;
#4877 = CARTESIAN_POINT ( 'NONE',  ( 21.38564064605510900, 15.80000000000000100, 2.999999999999996900 ) ) ;
#4878 = DIRECTION ( 'NONE',  ( 0.0000000000000000000, 1.000000000000000000, -0.0000000000000000000 ) ) ;
#4879 = SURFACE_STYLE_FILL_AREA ( #5609 ) ;
#4880 = EDGE_CURVE ( 'NONE', #2525, #2416, #6627, .T. ) ;
#4881 = AXIS2_PLACEMENT_3D ( 'NONE', #2903, #3440, #5598 ) ;
#4882 = EDGE_LOOP ( 'NONE', ( #848, #4732, #6786, #4662 ) ) ;
#4883 = CARTESIAN_POINT ( 'NONE',  ( 14.20000000000000100, 16.30000000000000100, -4.150000000000002100 ) ) ;
#4884 = FACE_BOUND ( 'NONE', #5586, .T. ) ;
#4885 = ORIENTED_EDGE ( 'NONE', *, *, #1810, .F. ) ;
#4886 = CARTESIAN_POINT ( 'NONE',  ( 20.00000000000000400, 15.80000000000000100, 1.399999999999996800 ) ) ;
#4887 = DIRECTION ( 'NONE',  ( 0.0000000000000000000, 1.000000000000000000, -0.0000000000000000000 ) ) ;
#4888 = PRESENTATION_LAYER_ASSIGNMENT (  '', '', ( #1769 ) ) ;
#4889 = ORIENTED_EDGE ( 'NONE', *, *, #2294, .T. ) ;
#4890 = VECTOR ( 'NONE', #6910, 1000.000000000000000 ) ;
#4891 = EDGE_CURVE ( 'NONE', #2161, #6871, #2221, .T. ) ;
#4892 = ORIENTED_EDGE ( 'NONE', *, *, #3099, .F. ) ;
#4893 = PLANE ( 'NONE',  #1451 ) ;
#4894 = VECTOR ( 'NONE', #6752, 1000.000000000000200 ) ;
#4895 = CARTESIAN_POINT ( 'NONE',  ( -19.99999999999998900, 17.60000000000000100, 12.00000000000001200 ) ) ;
#4896 = ORIENTED_EDGE ( 'NONE', *, *, #972, .F. ) ;
#4897 = ORIENTED_EDGE ( 'NONE', *, *, #3921, .F. ) ;
#4898 = ADVANCED_FACE ( 'NONE', ( #5649 ), #3463, .T. ) ;
#4899 = CYLINDRICAL_SURFACE ( 'NONE', #1370, 0.2999999999999999300 ) ;
#4900 = PRESENTATION_LAYER_ASSIGNMENT (  '', '', ( #5880 ) ) ;
#4901 = LINE ( 'NONE', #5425, #3627 ) ;
#4902 = DIRECTION ( 'NONE',  ( -0.0000000000000000000, -0.0000000000000000000, 1.000000000000000000 ) ) ;
#4903 = EDGE_CURVE ( 'NONE', #405, #578, #2644, .T. ) ;
#4904 = DIRECTION ( 'NONE',  ( -1.000000000000000000, 0.0000000000000000000, -0.0000000000000000000 ) ) ;
#4905 = EDGE_LOOP ( 'NONE', ( #822, #3782, #5939, #915, #6529, #6542, #4929 ) ) ;
#4906 = ORIENTED_EDGE ( 'NONE', *, *, #787, .T. ) ;
#4907 = VECTOR ( 'NONE', #2339, 1000.000000000000000 ) ;
#4908 = DIRECTION ( 'NONE',  ( 0.0000000000000000000, 1.000000000000000000, 0.0000000000000000000 ) ) ;
#4909 = DIRECTION ( 'NONE',  ( 1.000000000000000000, 0.0000000000000000000, 0.0000000000000000000 ) ) ;
#4910 = CARTESIAN_POINT ( 'NONE',  ( 17.30000000000000100, 17.69999999999999900, -5.700000000000002000 ) ) ;
#4911 = EDGE_CURVE ( 'NONE', #4621, #2632, #5229, .T. ) ;
#4912 = CARTESIAN_POINT ( 'NONE',  ( -4.799999999999997200, -9.806836608136517700, 12.00000000000000700 ) ) ;
#4913 =( GEOMETRIC_REPRESENTATION_CONTEXT ( 3 ) GLOBAL_UNCERTAINTY_ASSIGNED_CONTEXT ( ( #1972 ) ) GLOBAL_UNIT_ASSIGNED_CONTEXT ( ( #522, #2133, #4726 ) ) REPRESENTATION_CONTEXT ( 'NONE', 'WORKASPACE' ) );
#4914 = ORIENTED_EDGE ( 'NONE', *, *, #6362, .T. ) ;
#4915 = FACE_OUTER_BOUND ( 'NONE', #6649, .T. ) ;
#4916 = VERTEX_POINT ( 'NONE', #1387 ) ;
#4917 = DIRECTION ( 'NONE',  ( 0.0000000000000000000, 0.0000000000000000000, 1.000000000000000000 ) ) ;
#4918 = DIRECTION ( 'NONE',  ( 0.0000000000000000000, 1.000000000000000000, 0.0000000000000000000 ) ) ;
#4919 = DIRECTION ( 'NONE',  ( 0.0000000000000000000, 0.0000000000000000000, -1.000000000000000000 ) ) ;
#4920 = CARTESIAN_POINT ( 'NONE',  ( 12.60000000000000100, 16.30000000000000100, -1.700000000000002000 ) ) ;
#4921 = EDGE_LOOP ( 'NONE', ( #2804, #799, #6662, #6522, #6534, #4143, #4906, #1633, #1571, #494 ) ) ;
#4922 = ORIENTED_EDGE ( 'NONE', *, *, #2708, .T. ) ;
#4923 = MECHANICAL_DESIGN_GEOMETRIC_PRESENTATION_REPRESENTATION (  '', ( #5140 ), #2772 ) ;
#4924 = CARTESIAN_POINT ( 'NONE',  ( 18.60000000000000100, 15.00000000000000200, 2.999999999999996900 ) ) ;
#4925 = CARTESIAN_POINT ( 'NONE',  ( -21.38803259849176900, 15.80000000000001800, -1.200000000000001100 ) ) ;
#4926 = CARTESIAN_POINT ( 'NONE',  ( -9.799999999999998900, 17.30000000000000100, -3.550000000000001200 ) ) ;
#4927 = CARTESIAN_POINT ( 'NONE',  ( -1.299999999999997800, 14.30000000000000200, -14.70000000000000100 ) ) ;
#4928 = ORIENTED_EDGE ( 'NONE', *, *, #4420, .F. ) ;
#4929 = ORIENTED_EDGE ( 'NONE', *, *, #6208, .F. ) ;
#4930 = SURFACE_STYLE_USAGE ( .BOTH. , #6024 ) ;
#4931 = ORIENTED_EDGE ( 'NONE', *, *, #6476, .F. ) ;
#4932 = CIRCLE ( 'NONE', #275, 2.200000000000000600 ) ;
#4933 = CARTESIAN_POINT ( 'NONE',  ( 2.999999999999999100, 13.50000000000000200, 9.000000000000001800 ) ) ;
#4934 = DIRECTION ( 'NONE',  ( -1.000000000000000000, 0.0000000000000000000, -0.0000000000000000000 ) ) ;
#4935 = MECHANICAL_DESIGN_GEOMETRIC_PRESENTATION_REPRESENTATION (  '', ( #4546 ), #5646 ) ;
#4936 = VERTEX_POINT ( 'NONE', #5113 ) ;
#4937 = DIRECTION ( 'NONE',  ( -2.312964634635743000E-016, 0.0000000000000000000, -1.000000000000000000 ) ) ;
#4938 = ADVANCED_FACE ( 'NONE', ( #6875 ), #4899, .T. ) ;
#4939 = DIRECTION ( 'NONE',  ( 0.0000000000000000000, 1.000000000000000000, 0.0000000000000000000 ) ) ;
#4940 = EDGE_CURVE ( 'NONE', #3717, #4480, #6798, .T. ) ;
#4941 = LINE ( 'NONE', #3028, #2677 ) ;
#4942 = FACE_OUTER_BOUND ( 'NONE', #5830, .T. ) ;
#4943 = SPHERICAL_SURFACE ( 'NONE', #230, 0.2999999999999999900 ) ;
#4944 = CARTESIAN_POINT ( 'NONE',  ( -19.96666580150150200, 15.80000000000006500, 0.3999999999999990800 ) ) ;
#4945 = ORIENTED_EDGE ( 'NONE', *, *, #1992, .T. ) ;
#4946 = LINE ( 'NONE', #4299, #4082 ) ;
#4947 = AXIS2_PLACEMENT_3D ( 'NONE', #2204, #5945, #4917 ) ;
#4948 = DIRECTION ( 'NONE',  ( -0.7095034569200100400, 0.6622032264586756900, 0.2410222634660026100 ) ) ;
#4949 = EDGE_CURVE ( 'NONE', #5307, #4730, #2064, .T. ) ;
#4950 = EDGE_CURVE ( 'NONE', #5512, #5676, #6714, .T. ) ;
#4951 = LINE ( 'NONE', #5258, #6850 ) ;
#4952 = CARTESIAN_POINT ( 'NONE',  ( -19.80000000000001100, 15.00000000000000200, -1.200000000000001100 ) ) ;
#4953 = LINE ( 'NONE', #3751, #6513 ) ;
#4954 = CARTESIAN_POINT ( 'NONE',  ( 4.800000000000000700, 14.30000000000000200, 0.0000000000000000000 ) ) ;
#4955 = VECTOR ( 'NONE', #1023, 1000.000000000000000 ) ;
#4956 = CIRCLE ( 'NONE', #2111, 0.2999999999999999300 ) ;
#4957 = EDGE_CURVE ( 'NONE', #5511, #6494, #2892, .T. ) ;
#4958 = CARTESIAN_POINT ( 'NONE',  ( 2.999999999999999100, 14.30000000000000200, 9.000000000000001800 ) ) ;
#4959 = ORIENTED_EDGE ( 'NONE', *, *, #514, .F. ) ;
#4960 = CARTESIAN_POINT ( 'NONE',  ( -0.1999999999999953200, 2.000000000000000000, -0.7000000000000008400 ) ) ;
#4961 = VECTOR ( 'NONE', #2761, 1000.000000000000000 ) ;
#4962 = ORIENTED_EDGE ( 'NONE', *, *, #173, .T. ) ;
#4963 = FILL_AREA_STYLE_COLOUR ( '', #918 ) ;
#4964 = DIRECTION ( 'NONE',  ( 0.0000000000000000000, 0.0000000000000000000, -1.000000000000000000 ) ) ;
#4965 = MANIFOLD_SOLID_BREP ( 'Housing', #6052 ) ;
#4966 = ORIENTED_EDGE ( 'NONE', *, *, #1447, .T. ) ;
#4967 = LINE ( 'NONE', #3043, #2949 ) ;
#4968 = ADVANCED_FACE ( 'NONE', ( #4289 ), #1918, .F. ) ;
#4969 = PLANE ( 'NONE',  #1581 ) ;
#4970 = DIRECTION ( 'NONE',  ( -0.0000000000000000000, -0.0000000000000000000, 1.000000000000000000 ) ) ;
#4971 = ORIENTED_EDGE ( 'NONE', *, *, #1905, .T. ) ;
#4972 = AXIS2_PLACEMENT_3D ( 'NONE', #5131, #5627, #4020 ) ;
#4973 = EDGE_LOOP ( 'NONE', ( #6380, #3358, #3973, #2951, #5499 ) ) ;
#4974 = DIRECTION ( 'NONE',  ( -0.0000000000000000000, 1.000000000000000000, -0.0000000000000000000 ) ) ;
#4975 = ORIENTED_EDGE ( 'NONE', *, *, #1296, .T. ) ;
#4976 = FILL_AREA_STYLE_COLOUR ( '', #577 ) ;
#4977 = FACE_OUTER_BOUND ( 'NONE', #6083, .T. ) ;
#4978 = AXIS2_PLACEMENT_3D ( 'NONE', #643, #5903, #6422 ) ;
#4979 = EDGE_CURVE ( 'NONE', #4694, #3295, #477, .T. ) ;
#4980 = ORIENTED_EDGE ( 'NONE', *, *, #2435, .T. ) ;
#4981 = EDGE_CURVE ( 'NONE', #1738, #2296, #5734, .T. ) ;
#4982 = CARTESIAN_POINT ( 'NONE',  ( -23.00000000000000000, 17.60000000000000100, 12.00000000000001200 ) ) ;
#4983 = CARTESIAN_POINT ( 'NONE',  ( 20.00000000000000400, 15.20000000000000100, 2.799999999999997200 ) ) ;
#4984 = CARTESIAN_POINT ( 'NONE',  ( 7.800000000000001600, 16.30000000000000100, -4.150000000000002100 ) ) ;
#4985 = SPHERICAL_SURFACE ( 'NONE', #2809, 0.2999999999999999900 ) ;
#4986 = DIRECTION ( 'NONE',  ( -1.000000000000000000, 0.0000000000000000000, -0.0000000000000000000 ) ) ;
#4987 = VECTOR ( 'NONE', #6680, 1000.000000000000000 ) ;
#4988 = DIRECTION ( 'NONE',  ( 1.000000000000000000, 0.0000000000000000000, 0.0000000000000000000 ) ) ;
#4989 = CARTESIAN_POINT ( 'NONE',  ( 21.00000000000000400, 2.000000000000000000, 17.00000000000000000 ) ) ;
#4990 = ORIENTED_EDGE ( 'NONE', *, *, #5246, .T. ) ;
#4991 = EDGE_CURVE ( 'NONE', #610, #3501, #5981, .T. ) ;
#4992 = PRESENTATION_STYLE_ASSIGNMENT (( #2348 ) ) ;
#4993 = VERTEX_POINT ( 'NONE', #5226 ) ;
#4994 = CIRCLE ( 'NONE', #2375, 0.2999999999999999300 ) ;
#4995 = DIRECTION ( 'NONE',  ( 0.0000000000000000000, 0.0000000000000000000, 1.000000000000000000 ) ) ;
#4996 = DIRECTION ( 'NONE',  ( 0.0000000000000000000, 0.0000000000000000000, -1.000000000000000000 ) ) ;
#4997 = ORIENTED_EDGE ( 'NONE', *, *, #5477, .T. ) ;
#4998 = DIRECTION ( 'NONE',  ( 0.0000000000000000000, 0.0000000000000000000, 1.000000000000000000 ) ) ;
#4999 = ORIENTED_EDGE ( 'NONE', *, *, #335, .F. ) ;
#5000 = VECTOR ( 'NONE', #3679, 1000.000000000000000 ) ;
#5001 = ADVANCED_FACE ( 'NONE', ( #3054 ), #3050, .F. ) ;
#5002 = AXIS2_PLACEMENT_3D ( 'NONE', #3123, #3286, #4204 ) ;
#5003 = VERTEX_POINT ( 'NONE', #425 ) ;
#5004 = ORIENTED_EDGE ( 'NONE', *, *, #1727, .F. ) ;
#5005 = ORIENTED_EDGE ( 'NONE', *, *, #1895, .F. ) ;
#5006 = DIRECTION ( 'NONE',  ( 0.0000000000000000000, 1.000000000000000000, 0.0000000000000000000 ) ) ;
#5007 = CARTESIAN_POINT ( 'NONE',  ( 14.50000000000000000, 16.30000000000000100, -1.700000000000002000 ) ) ;
#5008 = DIRECTION ( 'NONE',  ( -1.000000000000000000, 0.0000000000000000000, -0.0000000000000000000 ) ) ;
#5009 = DIRECTION ( 'NONE',  ( 0.0000000000000000000, 1.000000000000000000, -0.0000000000000000000 ) ) ;
#5010 = ORIENTED_EDGE ( 'NONE', *, *, #666, .F. ) ;
#5011 = EDGE_CURVE ( 'NONE', #2404, #39, #1475, .T. ) ;
#5012 = ORIENTED_EDGE ( 'NONE', *, *, #6006, .T. ) ;
#5013 = CARTESIAN_POINT ( 'NONE',  ( 16.50000000000000400, 17.60000000000000100, 6.899999999999993200 ) ) ;
#5014 = DIRECTION ( 'NONE',  ( 1.000000000000000000, 0.0000000000000000000, -0.0000000000000000000 ) ) ;
#5015 = DIRECTION ( 'NONE',  ( -0.0000000000000000000, -1.000000000000000000, -0.0000000000000000000 ) ) ;
#5016 = ORIENTED_EDGE ( 'NONE', *, *, #4957, .T. ) ;
#5017 = VECTOR ( 'NONE', #760, 1000.000000000000000 ) ;
#5018 =( NAMED_UNIT ( * ) SI_UNIT ( $, .STERADIAN. ) SOLID_ANGLE_UNIT ( ) );
#5019 = AXIS2_PLACEMENT_3D ( 'NONE', #4277, #2199, #5455 ) ;
#5020 = DIRECTION ( 'NONE',  ( 0.0000000000000000000, 1.000000000000000000, -0.0000000000000000000 ) ) ;
#5021 = LINE ( 'NONE', #1806, #2188 ) ;
#5022 = EDGE_CURVE ( 'NONE', #4561, #3657, #2385, .T. ) ;
#5023 = ORIENTED_EDGE ( 'NONE', *, *, #2841, .F. ) ;
#5024 = VECTOR ( 'NONE', #4322, 1000.000000000000000 ) ;
#5025 = CARTESIAN_POINT ( 'NONE',  ( -0.1999999999999947700, -12.72792206135785700, -5.200000000000001100 ) ) ;
#5026 = CARTESIAN_POINT ( 'NONE',  ( 15.80000000000000100, 16.30000000000000100, -4.150000000000002100 ) ) ;
#5027 = VECTOR ( 'NONE', #3983, 1000.000000000000000 ) ;
#5028 = FILL_AREA_STYLE ('',( #3473 ) ) ;
#5029 = AXIS2_PLACEMENT_3D ( 'NONE', #3091, #3667, #4698 ) ;
#5030 = EDGE_CURVE ( 'NONE', #4876, #2044, #6465, .T. ) ;
#5031 = ADVANCED_FACE ( 'NONE', ( #5060 ), #1066, .F. ) ;
#5032 = CARTESIAN_POINT ( 'NONE',  ( -20.20000000000001400, 15.80000000000000100, -1.200000000000001100 ) ) ;
#5033 = CARTESIAN_POINT ( 'NONE',  ( 20.30000000000000400, 14.05000000000000200, -14.50000000000000000 ) ) ;
#5034 = ORIENTED_EDGE ( 'NONE', *, *, #6487, .F. ) ;
#5035 = DIRECTION ( 'NONE',  ( 0.0000000000000000000, 0.0000000000000000000, -1.000000000000000000 ) ) ;
#5036 = VECTOR ( 'NONE', #1945, 1000.000000000000000 ) ;
#5037 = EDGE_LOOP ( 'NONE', ( #2118, #5916, #5301, #845 ) ) ;
#5038 = DIRECTION ( 'NONE',  ( -1.224646799147353200E-016, 1.000000000000000000, 0.0000000000000000000 ) ) ;
#5039 = AXIS2_PLACEMENT_3D ( 'NONE', #4618, #2962, #4045 ) ;
#5040 = DIRECTION ( 'NONE',  ( 0.0000000000000000000, -0.7071067811865487900, -0.7071067811865463500 ) ) ;
#5041 = ORIENTED_EDGE ( 'NONE', *, *, #4058, .F. ) ;
#5042 = CARTESIAN_POINT ( 'NONE',  ( 15.50000000000000200, 16.30000000000000100, -4.150000000000002100 ) ) ;
#5043 =( LENGTH_UNIT ( ) NAMED_UNIT ( * ) SI_UNIT ( .MILLI., .METRE. ) );
#5044 = LINE ( 'NONE', #1960, #4350 ) ;
#5045 =( NAMED_UNIT ( * ) SI_UNIT ( $, .STERADIAN. ) SOLID_ANGLE_UNIT ( ) );
#5046 = CARTESIAN_POINT ( 'NONE',  ( 3.827207793864204200, 13.80000000000000100, -7.879898987322351700 ) ) ;
#5047 = EDGE_LOOP ( 'NONE', ( #3304, #5023, #2514, #6243 ) ) ;
#5048 = VECTOR ( 'NONE', #5173, 1000.000000000000000 ) ;
#5049 = EDGE_LOOP ( 'NONE', ( #6862, #6557, #6901, #5864, #2995 ) ) ;
#5050 = CARTESIAN_POINT ( 'NONE',  ( -21.38564064605510900, 15.80000000000000100, -0.8000000000000008200 ) ) ;
#5051 = CARTESIAN_POINT ( 'NONE',  ( -7.699999999999998400, 17.60000000000000100, 3.050000000000002500 ) ) ;
#5052 = ORIENTED_EDGE ( 'NONE', *, *, #1857, .F. ) ;
#5053 = ORIENTED_EDGE ( 'NONE', *, *, #1992, .F. ) ;
#5054 = CARTESIAN_POINT ( 'NONE',  ( -23.00000000000000000, 12.09999999999999800, -15.00000000000000200 ) ) ;
#5055 = CARTESIAN_POINT ( 'NONE',  ( 6.300000000000001600, 17.69999999999999900, -5.700000000000002000 ) ) ;
#5056 = ORIENTED_EDGE ( 'NONE', *, *, #3533, .F. ) ;
#5057 = PRESENTATION_LAYER_ASSIGNMENT (  '', '', ( #4692 ) ) ;
#5058 = ORIENTED_EDGE ( 'NONE', *, *, #2099, .T. ) ;
#5059 = CARTESIAN_POINT ( 'NONE',  ( 0.0000000000000000000, 2.000000000000000000, 17.00000000000000000 ) ) ;
#5060 = FACE_OUTER_BOUND ( 'NONE', #3402, .T. ) ;
#5061 = EDGE_CURVE ( 'NONE', #64, #610, #561, .T. ) ;
#5062 = DIRECTION ( 'NONE',  ( -0.0000000000000000000, 1.000000000000000000, -0.0000000000000000000 ) ) ;
#5063 = ADVANCED_FACE ( 'NONE', ( #5313 ), #6273, .F. ) ;
#5064 = DIRECTION ( 'NONE',  ( 0.0000000000000000000, 0.0000000000000000000, 1.000000000000000000 ) ) ;
#5065 = ORIENTED_EDGE ( 'NONE', *, *, #2910, .T. ) ;
#5066 = AXIS2_PLACEMENT_3D ( 'NONE', #6046, #1826, #4995 ) ;
#5067 = LINE ( 'NONE', #5963, #2228 ) ;
#5068 = ORIENTED_EDGE ( 'NONE', *, *, #927, .F. ) ;
#5069 = LINE ( 'NONE', #4255, #490 ) ;
#5070 = EDGE_CURVE ( 'NONE', #197, #1317, #5399, .T. ) ;
#5071 = EDGE_CURVE ( 'NONE', #4526, #5262, #3213, .T. ) ;
#5072 = CARTESIAN_POINT ( 'NONE',  ( -0.1999999999999987900, 17.30000000000000100, -0.7000000000000009500 ) ) ;
#5073 = CARTESIAN_POINT ( 'NONE',  ( -18.60717731100072200, 15.79997192002099200, -1.200000000000001100 ) ) ;
#5074 = DIRECTION ( 'NONE',  ( 0.0000000000000000000, 0.0000000000000000000, -1.000000000000000000 ) ) ;
#5075 = ORIENTED_EDGE ( 'NONE', *, *, #6660, .F. ) ;
#5076 = VECTOR ( 'NONE', #2702, 1000.000000000000000 ) ;
#5077 = VERTEX_POINT ( 'NONE', #4585 ) ;
#5078 = DIRECTION ( 'NONE',  ( 1.000000000000000000, 0.0000000000000000000, 0.0000000000000000000 ) ) ;
#5079 = DIRECTION ( 'NONE',  ( 1.776984736720136300E-015, 0.9063077870366494900, 0.4226182617407002200 ) ) ;
#5080 = EDGE_CURVE ( 'NONE', #2469, #3807, #3614, .T. ) ;
#5081 = PLANE ( 'NONE',  #1426 ) ;
#5082 = AXIS2_PLACEMENT_3D ( 'NONE', #5356, #585, #4862 ) ;
#5083 = ORIENTED_EDGE ( 'NONE', *, *, #3847, .T. ) ;
#5084 = VERTEX_POINT ( 'NONE', #2115 ) ;
#5085 = CIRCLE ( 'NONE', #5286, 1.400000000000003700 ) ;
#5086 = UNCERTAINTY_MEASURE_WITH_UNIT (LENGTH_MEASURE( 1.000000000000000100E-005 ), #1505, 'distance_accuracy_value', 'NONE');
#5087 = ORIENTED_EDGE ( 'NONE', *, *, #5726, .T. ) ;
#5088 = CARTESIAN_POINT ( 'NONE',  ( -8.199999999999999300, 12.09999999999999800, -1.250000000000000000 ) ) ;
#5089 = VERTEX_POINT ( 'NONE', #5205 ) ;
#5090 = PRODUCT_DEFINITION_SHAPE ( 'NONE', 'NONE',  #5268 ) ;
#5091 = ORIENTED_EDGE ( 'NONE', *, *, #4850, .T. ) ;
#5092 = VECTOR ( 'NONE', #642, 1000.000000000000000 ) ;
#5093 = AXIS2_PLACEMENT_3D ( 'NONE', #2493, #370, #5718 ) ;
#5094 = VERTEX_POINT ( 'NONE', #3188 ) ;
#5095 =( LENGTH_UNIT ( ) NAMED_UNIT ( * ) SI_UNIT ( .MILLI., .METRE. ) );
#5096 = DIRECTION ( 'NONE',  ( 0.0000000000000000000, 1.000000000000000000, -0.0000000000000000000 ) ) ;
#5097 = EDGE_LOOP ( 'NONE', ( #5249, #3569 ) ) ;
#5098 = VECTOR ( 'NONE', #3618, 1000.000000000000000 ) ;
#5099 = ADVANCED_FACE ( 'NONE', ( #3948 ), #4781, .T. ) ;
#5100 = MECHANICAL_DESIGN_GEOMETRIC_PRESENTATION_REPRESENTATION (  '', ( #4737 ), #3437 ) ;
#5101 = CARTESIAN_POINT ( 'NONE',  ( 23.00000000000000700, 14.79999999999999400, 12.00000000000001200 ) ) ;
#5102 = VECTOR ( 'NONE', #4517, 1000.000000000000000 ) ;
#5103 = VECTOR ( 'NONE', #4568, 1000.000000000000000 ) ;
#5104 = ORIENTED_EDGE ( 'NONE', *, *, #5030, .T. ) ;
#5105 = FACE_OUTER_BOUND ( 'NONE', #376, .T. ) ;
#5106 = CARTESIAN_POINT ( 'NONE',  ( -23.00000000000000000, 14.79999999999999400, -12.00000000000001200 ) ) ;
#5107 = FACE_OUTER_BOUND ( 'NONE', #4356, .T. ) ;
#5108 = DIRECTION ( 'NONE',  ( 1.000000000000000000, 0.0000000000000000000, 0.0000000000000000000 ) ) ;
#5109 = LINE ( 'NONE', #4455, #4252 ) ;
#5110 = DIRECTION ( 'NONE',  ( -0.0000000000000000000, 1.000000000000000000, -0.0000000000000000000 ) ) ;
#5111 = DIRECTION ( 'NONE',  ( 1.000000000000000000, 0.0000000000000000000, 0.0000000000000000000 ) ) ;
#5112 = PRESENTATION_LAYER_ASSIGNMENT (  '', '', ( #6179 ) ) ;
#5113 = CARTESIAN_POINT ( 'NONE',  ( -22.50000000000000000, 11.69999999999999900, -14.50000000000000000 ) ) ;
#5114 = EDGE_CURVE ( 'NONE', #4836, #6005, #3783, .T. ) ;
#5115 = EDGE_CURVE ( 'NONE', #1472, #205, #3457, .T. ) ;
#5116 = ORIENTED_EDGE ( 'NONE', *, *, #5232, .T. ) ;
#5117 = FACE_OUTER_BOUND ( 'NONE', #1758, .T. ) ;
#5118 = PLANE ( 'NONE',  #4344 ) ;
#5119 = PRESENTATION_LAYER_ASSIGNMENT (  '', '', ( #2932 ) ) ;
#5120 = ORIENTED_EDGE ( 'NONE', *, *, #4806, .F. ) ;
#5121 = CARTESIAN_POINT ( 'NONE',  ( 6.277817459305206100, 14.05000000000000200, -6.277817459305151900 ) ) ;
#5122 = CIRCLE ( 'NONE', #4772, 0.2999999999999981600 ) ;
#5123 = EDGE_CURVE ( 'NONE', #2319, #911, #6060, .T. ) ;
#5124 = DIRECTION ( 'NONE',  ( -0.0000000000000000000, 0.9063077870366494900, -0.4226182617407002200 ) ) ;
#5125 = CARTESIAN_POINT ( 'NONE',  ( 19.80000000000000100, 15.00000000000000200, 1.399999999999996800 ) ) ;
#5126 = ORIENTED_EDGE ( 'NONE', *, *, #5161, .F. ) ;
#5127 = CARTESIAN_POINT ( 'NONE',  ( -20.20000000000001400, 15.00000000000000200, -0.8000000000000010400 ) ) ;
#5128 = CARTESIAN_POINT ( 'NONE',  ( -0.1999999999999953200, 2.000000000000000000, -5.200000000000001100 ) ) ;
#5129 = DIRECTION ( 'NONE',  ( -1.000000000000000000, 0.0000000000000000000, 0.0000000000000000000 ) ) ;
#5130 = ORIENTED_EDGE ( 'NONE', *, *, #5080, .T. ) ;
#5131 = CARTESIAN_POINT ( 'NONE',  ( -0.7999999999999953800, 14.05000000000000200, 1.076506368614988700E-016 ) ) ;
#5132 = DIRECTION ( 'NONE',  ( -0.0000000000000000000, 1.000000000000000000, -0.0000000000000000000 ) ) ;
#5133 = EDGE_LOOP ( 'NONE', ( #4386, #1318, #3470, #5472 ) ) ;
#5134 = CARTESIAN_POINT ( 'NONE',  ( -19.99999999999999600, 13.60000000000000300, 12.00000000000000700 ) ) ;
#5135 = EDGE_LOOP ( 'NONE', ( #1467, #4928, #6256, #4896, #3325, #1582 ) ) ;
#5136 = DIRECTION ( 'NONE',  ( 0.0000000000000000000, 1.000000000000000000, -0.0000000000000000000 ) ) ;
#5137 = VERTEX_POINT ( 'NONE', #6847 ) ;
#5138 = EDGE_CURVE ( 'NONE', #1867, #796, #4627, .T. ) ;
#5139 = VECTOR ( 'NONE', #2777, 1000.000000000000000 ) ;
#5140 = STYLED_ITEM ( 'NONE', ( #1436 ), #2269 ) ;
#5141 = SURFACE_STYLE_USAGE ( .BOTH. , #884 ) ;
#5142 = LINE ( 'NONE', #6653, #2307 ) ;
#5143 = CARTESIAN_POINT ( 'NONE',  ( -2.999999999999999100, 0.0000000000000000000, -15.00000000000000200 ) ) ;
#5144 = ORIENTED_EDGE ( 'NONE', *, *, #4404, .T. ) ;
#5145 = EDGE_LOOP ( 'NONE', ( #4225, #1940, #4475 ) ) ;
#5146 = CARTESIAN_POINT ( 'NONE',  ( 20.19999999999999600, 15.80000000000000100, 2.999999999999996900 ) ) ;
#5147 = LINE ( 'NONE', #3036, #2313 ) ;
#5148 = CARTESIAN_POINT ( 'NONE',  ( -22.69999999999999900, 14.66963430942633000, 0.0000000000000000000 ) ) ;
#5149 = ORIENTED_EDGE ( 'NONE', *, *, #70, .F. ) ;
#5150 = LINE ( 'NONE', #6519, #4210 ) ;
#5151 = CARTESIAN_POINT ( 'NONE',  ( -21.40000000000000600, 15.00000000000000200, -0.8000000000000008200 ) ) ;
#5152 = EDGE_CURVE ( 'NONE', #4742, #6742, #467, .T. ) ;
#5153 = CARTESIAN_POINT ( 'NONE',  ( -18.45000000000000300, 12.09999999999999800, 3.100000000000000500 ) ) ;
#5154 =( NAMED_UNIT ( * ) PLANE_ANGLE_UNIT ( ) SI_UNIT ( $, .RADIAN. ) );
#5155 = VERTEX_POINT ( 'NONE', #5324 ) ;
#5156 = VECTOR ( 'NONE', #2274, 1000.000000000000000 ) ;
#5157 = CARTESIAN_POINT ( 'NONE',  ( -4.799999999999997200, 13.60000000000000300, 12.00000000000000700 ) ) ;
#5158 = ORIENTED_EDGE ( 'NONE', *, *, #4860, .F. ) ;
#5159 = AXIS2_PLACEMENT_3D ( 'NONE', #3823, #117, #158 ) ;
#5160 = ORIENTED_EDGE ( 'NONE', *, *, #1147, .T. ) ;
#5161 = EDGE_CURVE ( 'NONE', #1566, #3486, #1468, .T. ) ;
#5162 = DIRECTION ( 'NONE',  ( -1.000000000000000000, 0.0000000000000000000, 0.0000000000000000000 ) ) ;
#5163 = EDGE_CURVE ( 'NONE', #1586, #197, #6423, .T. ) ;
#5164 = EDGE_LOOP ( 'NONE', ( #2672, #3537, #5227, #6690 ) ) ;
#5165 = CARTESIAN_POINT ( 'NONE',  ( 7.500000000000000900, 16.30000000000000100, -4.150000000000002100 ) ) ;
#5166 = CARTESIAN_POINT ( 'NONE',  ( -1.213407612729890800E-015, 13.80000000000000100, -13.50000000000000000 ) ) ;
#5167 = EDGE_LOOP ( 'NONE', ( #4931, #4232, #2555, #2250, #1279 ) ) ;
#5168 = ORIENTED_EDGE ( 'NONE', *, *, #3373, .T. ) ;
#5169 = EDGE_LOOP ( 'NONE', ( #2814, #6001, #713, #2332 ) ) ;
#5170 = DIRECTION ( 'NONE',  ( 0.7071067811865460200, 0.0000000000000000000, 0.7071067811865490200 ) ) ;
#5171 = UNCERTAINTY_MEASURE_WITH_UNIT (LENGTH_MEASURE( 1.000000000000000100E-005 ), #180, 'distance_accuracy_value', 'NONE');
#5172 = DIRECTION ( 'NONE',  ( -0.0000000000000000000, -0.0000000000000000000, 1.000000000000000000 ) ) ;
#5173 = DIRECTION ( 'NONE',  ( 0.0000000000000000000, 0.0000000000000000000, 1.000000000000000000 ) ) ;
#5174 = EDGE_LOOP ( 'NONE', ( #2511, #3142, #3307, #2338 ) ) ;
#5175 = PLANE ( 'NONE',  #902 ) ;
#5176 = ORIENTED_EDGE ( 'NONE', *, *, #3319, .T. ) ;
#5177 = ORIENTED_EDGE ( 'NONE', *, *, #4612, .T. ) ;
#5178 = LINE ( 'NONE', #997, #6020 ) ;
#5179 = ADVANCED_FACE ( 'NONE', ( #6220 ), #475, .T. ) ;
#5180 = CARTESIAN_POINT ( 'NONE',  ( -19.88175104581392100, 17.30000000000000100, 3.189452598767569900 ) ) ;
#5181 = DIRECTION ( 'NONE',  ( 0.0000000000000000000, 0.0000000000000000000, -1.000000000000000000 ) ) ;
#5182 = DIRECTION ( 'NONE',  ( -0.7071067811865459100, 0.0000000000000000000, 0.7071067811865491300 ) ) ;
#5183 = DIRECTION ( 'NONE',  ( 0.0000000000000000000, 0.0000000000000000000, 1.000000000000000000 ) ) ;
#5184 = ORIENTED_EDGE ( 'NONE', *, *, #1949, .F. ) ;
#5185 = B_SPLINE_CURVE_WITH_KNOTS ( 'NONE', 3,
 ( #5992, #3324, #3370, #4491, #228 ),
 .UNSPECIFIED., .F., .F.,
 ( 4, 1, 4 ),
 ( 0.0000000000000000000, 9.995510559795421000E-005, 0.0001999102111959084200 ),
 .UNSPECIFIED. ) ;
#5186 =( GEOMETRIC_REPRESENTATION_CONTEXT ( 3 ) GLOBAL_UNCERTAINTY_ASSIGNED_CONTEXT ( ( #5693 ) ) GLOBAL_UNIT_ASSIGNED_CONTEXT ( ( #2587, #5291, #396 ) ) REPRESENTATION_CONTEXT ( 'NONE', 'WORKASPACE' ) );
#5187 = FILL_AREA_STYLE ('',( #1455 ) ) ;
#5188 = FACE_OUTER_BOUND ( 'NONE', #3547, .T. ) ;
#5189 = CARTESIAN_POINT ( 'NONE',  ( 19.40000000000000600, 14.05000000000000200, -14.50000000000000000 ) ) ;
#5190 = CIRCLE ( 'NONE', #4560, 1.400000000000003700 ) ;
#5191 = DIRECTION ( 'NONE',  ( 0.0000000000000000000, 0.0000000000000000000, 1.000000000000000000 ) ) ;
#5192 = ORIENTED_EDGE ( 'NONE', *, *, #1847, .T. ) ;
#5193 = VECTOR ( 'NONE', #4598, 1000.000000000000000 ) ;
#5194 =( GEOMETRIC_REPRESENTATION_CONTEXT ( 3 ) GLOBAL_UNCERTAINTY_ASSIGNED_CONTEXT ( ( #6603 ) ) GLOBAL_UNIT_ASSIGNED_CONTEXT ( ( #463, #2540, #3062 ) ) REPRESENTATION_CONTEXT ( 'NONE', 'WORKASPACE' ) );
#5195 = DIRECTION ( 'NONE',  ( 0.0000000000000000000, 0.0000000000000000000, 1.000000000000000000 ) ) ;
#5196 = EDGE_CURVE ( 'NONE', #3152, #2180, #1879, .T. ) ;
#5197 = CIRCLE ( 'NONE', #2452, 2.000000000000000000 ) ;
#5198 = CARTESIAN_POINT ( 'NONE',  ( 0.5556349186104006000, 13.80000000000000100, -12.00000000000000700 ) ) ;
#5199 = DIRECTION ( 'NONE',  ( 0.0000000000000000000, -0.0000000000000000000, 1.000000000000000000 ) ) ;
#5200 = CARTESIAN_POINT ( 'NONE',  ( -18.61435935394489900, 15.80000000000000100, -0.8000000000000008200 ) ) ;
#5201 = CARTESIAN_POINT ( 'NONE',  ( 15.80000000000000100, 16.30000000000000100, -1.700000000000002000 ) ) ;
#5202 = CARTESIAN_POINT ( 'NONE',  ( 5.100000000000000500, 14.60000000000000100, -5.900000000000035000 ) ) ;
#5203 = VECTOR ( 'NONE', #6449, 1000.000000000000000 ) ;
#5204 = STYLED_ITEM ( 'NONE', ( #3954 ), #4965 ) ;
#5205 = CARTESIAN_POINT ( 'NONE',  ( -19.99999999999999600, 14.30000000000000200, -5.799999999999990900 ) ) ;
#5206 = VERTEX_POINT ( 'NONE', #5789 ) ;
#5207 = EDGE_CURVE ( 'NONE', #4062, #6067, #5973, .T. ) ;
#5208 = EDGE_CURVE ( 'NONE', #64, #5214, #2886, .T. ) ;
#5209 = ORIENTED_EDGE ( 'NONE', *, *, #6274, .T. ) ;
#5210 = VECTOR ( 'NONE', #1509, 1000.000000000000000 ) ;
#5211 = CARTESIAN_POINT ( 'NONE',  ( -18.45000000000000300, 17.60000000000000100, 4.350000000000001400 ) ) ;
#5212 = ADVANCED_FACE ( 'NONE', ( #3873 ), #5251, .F. ) ;
#5213 = EDGE_CURVE ( 'NONE', #2915, #238, #3539, .T. ) ;
#5214 = VERTEX_POINT ( 'NONE', #1064 ) ;
#5215 = VECTOR ( 'NONE', #5843, 1000.000000000000000 ) ;
#5216 = FILL_AREA_STYLE_COLOUR ( '', #495 ) ;
#5217 = ORIENTED_EDGE ( 'NONE', *, *, #6320, .F. ) ;
#5218 = CARTESIAN_POINT ( 'NONE',  ( -18.45000000000000300, 12.09999999999999800, 5.600000000000002300 ) ) ;
#5219 = SURFACE_SIDE_STYLE ('',( #505 ) ) ;
#5220 = ORIENTED_EDGE ( 'NONE', *, *, #6362, .F. ) ;
#5221 = SURFACE_STYLE_USAGE ( .BOTH. , #4749 ) ;
#5222 = FACE_OUTER_BOUND ( 'NONE', #5135, .T. ) ;
#5223 = AXIS2_PLACEMENT_3D ( 'NONE', #4960, #2272, #3387 ) ;
#5224 = CARTESIAN_POINT ( 'NONE',  ( 19.80000000000000100, 15.79988770240010300, 1.402390700488921800 ) ) ;
#5225 = ORIENTED_EDGE ( 'NONE', *, *, #4979, .T. ) ;
#5226 = CARTESIAN_POINT ( 'NONE',  ( 5.700000000000002000, 14.30000000000000200, -5.700000000000002000 ) ) ;
#5227 = ORIENTED_EDGE ( 'NONE', *, *, #173, .F. ) ;
#5228 = B_SPLINE_CURVE_WITH_KNOTS ( 'NONE', 3,
 ( #4238, #4776, #4217, #5316, #3181 ),
 .UNSPECIFIED., .F., .F.,
 ( 4, 1, 4 ),
 ( 0.002935749199989601400, 0.002942926685564913200, 0.002950104171140224700 ),
 .UNSPECIFIED. ) ;
#5229 = LINE ( 'NONE', #6133, #1650 ) ;
#5230 = DIRECTION ( 'NONE',  ( -7.426784881525699100E-015, -1.000000000000000000, -0.0000000000000000000 ) ) ;
#5231 = TOROIDAL_SURFACE ( 'NONE', #6284, 1.400000000000003200, 0.5999999999999999800 ) ;
#5232 = EDGE_CURVE ( 'NONE', #1051, #88, #983, .T. ) ;
#5233 = AXIS2_PLACEMENT_3D ( 'NONE', #6765, #3545, #391 ) ;
#5234 = DIRECTION ( 'NONE',  ( 0.0000000000000000000, 1.000000000000000000, -0.0000000000000000000 ) ) ;
#5235 = ORIENTED_EDGE ( 'NONE', *, *, #2032, .F. ) ;
#5236 = VECTOR ( 'NONE', #3894, 1000.000000000000000 ) ;
#5237 = EDGE_LOOP ( 'NONE', ( #1665, #3812, #1339, #767 ) ) ;
#5238 = LINE ( 'NONE', #3813, #2897 ) ;
#5239 = ADVANCED_FACE ( 'NONE', ( #5222 ), #6887, .F. ) ;
#5240 = CARTESIAN_POINT ( 'NONE',  ( 19.40000000000000600, 13.80000000000000100, -13.50000000000000200 ) ) ;
#5241 = ORIENTED_EDGE ( 'NONE', *, *, #3839, .T. ) ;
#5242 = MECHANICAL_DESIGN_GEOMETRIC_PRESENTATION_REPRESENTATION (  '', ( #1769 ), #5605 ) ;
#5243 = PRESENTATION_STYLE_ASSIGNMENT (( #3796 ) ) ;
#5244 = ORIENTED_EDGE ( 'NONE', *, *, #2652, .F. ) ;
#5245 = PRESENTATION_STYLE_ASSIGNMENT (( #4471 ) ) ;
#5246 = EDGE_CURVE ( 'NONE', #6749, #5432, #1642, .T. ) ;
#5247 = ADVANCED_FACE ( 'NONE', ( #2053, #1313, #5727 ), #5998, .F. ) ;
#5248 = DIRECTION ( 'NONE',  ( -1.000000000000000000, 0.0000000000000000000, 0.0000000000000000000 ) ) ;
#5249 = ORIENTED_EDGE ( 'NONE', *, *, #277, .F. ) ;
#5250 = CARTESIAN_POINT ( 'NONE',  ( 16.50000000000000400, 17.59999999999997700, 0.7999999999999941600 ) ) ;
#5251 = PLANE ( 'NONE',  #6609 ) ;
#5252 = EDGE_LOOP ( 'NONE', ( #312, #4572, #1016, #2885, #2904, #2002, #3082, #5947, #6737, #4706, #3576, #1307 ) ) ;
#5253 = VERTEX_POINT ( 'NONE', #576 ) ;
#5254 = FACE_OUTER_BOUND ( 'NONE', #2676, .T. ) ;
#5255 = CARTESIAN_POINT ( 'NONE',  ( -19.99999999999998900, 17.60000000000000100, -5.000000000000002700 ) ) ;
#5256 = EDGE_CURVE ( 'NONE', #93, #2180, #6543, .T. ) ;
#5257 = ORIENTED_EDGE ( 'NONE', *, *, #699, .F. ) ;
#5258 = CARTESIAN_POINT ( 'NONE',  ( 19.88175104581392800, 17.30000000000000100, -4.598578704359981500E-015 ) ) ;
#5259 = DIRECTION ( 'NONE',  ( 1.000000000000000000, -0.0000000000000000000, 0.0000000000000000000 ) ) ;
#5260 = ORIENTED_EDGE ( 'NONE', *, *, #3988, .T. ) ;
#5261 = PLANE ( 'NONE',  #4281 ) ;
#5262 = VERTEX_POINT ( 'NONE', #2714 ) ;
#5263 = SURFACE_STYLE_USAGE ( .BOTH. , #1071 ) ;
#5264 = VERTEX_POINT ( 'NONE', #4292 ) ;
#5265 = STYLED_ITEM ( 'NONE', ( #6194 ), #177 ) ;
#5266 = CARTESIAN_POINT ( 'NONE',  ( -23.00000000000000000, 11.70000000000000300, 15.00000000000000200 ) ) ;
#5267 =( LENGTH_UNIT ( ) NAMED_UNIT ( * ) SI_UNIT ( .MILLI., .METRE. ) );
#5268 = PRODUCT_DEFINITION ( 'UNKNOWN', '', #6331, #6093 ) ;
#5269 = LINE ( 'NONE', #6722, #4001 ) ;
#5270 = VECTOR ( 'NONE', #4619, 1000.000000000000000 ) ;
#5271 = ORIENTED_EDGE ( 'NONE', *, *, #2366, .T. ) ;
#5272 = CARTESIAN_POINT ( 'NONE',  ( 20.06667067162051100, 15.80000351665893100, 1.399999999999996800 ) ) ;
#5273 = FACE_OUTER_BOUND ( 'NONE', #1333, .T. ) ;
#5274 = CARTESIAN_POINT ( 'NONE',  ( 23.00000000000000700, 14.79999999999999400, 14.80000000000001100 ) ) ;
#5275 = CARTESIAN_POINT ( 'NONE',  ( -6.249999999999998200, 12.09999999999999800, 10.45000000000000100 ) ) ;
#5276 = DIRECTION ( 'NONE',  ( 0.0000000000000000000, 1.000000000000000000, -0.0000000000000000000 ) ) ;
#5277 = CARTESIAN_POINT ( 'NONE',  ( 0.0000000000000000000, 2.000000000000000000, 0.0000000000000000000 ) ) ;
#5278 = AXIS2_PLACEMENT_3D ( 'NONE', #4789, #2043, #2072 ) ;
#5279 = DIRECTION ( 'NONE',  ( 0.0000000000000000000, 0.0000000000000000000, 1.000000000000000000 ) ) ;
#5280 = LINE ( 'NONE', #2293, #5458 ) ;
#5281 = CARTESIAN_POINT ( 'NONE',  ( -19.99999999999998600, 17.18963430942634200, 3.139656711530184100 ) ) ;
#5282 = CARTESIAN_POINT ( 'NONE',  ( 20.30000000000000400, 14.05000000000000200, -6.800000000000004300 ) ) ;
#5283 = ADVANCED_FACE ( 'NONE', ( #3045 ), #5418, .T. ) ;
#5284 = LINE ( 'NONE', #3487, #6772 ) ;
#5285 = VECTOR ( 'NONE', #3482, 1000.000000000000000 ) ;
#5286 = AXIS2_PLACEMENT_3D ( 'NONE', #4213, #5338, #4745 ) ;
#5287 = EDGE_CURVE ( 'NONE', #278, #5433, #804, .T. ) ;
#5288 = ORIENTED_EDGE ( 'NONE', *, *, #569, .F. ) ;
#5289 = DIRECTION ( 'NONE',  ( 1.000000000000000000, -0.0000000000000000000, 0.0000000000000000000 ) ) ;
#5290 = LINE ( 'NONE', #4115, #1048 ) ;
#5291 =( NAMED_UNIT ( * ) PLANE_ANGLE_UNIT ( ) SI_UNIT ( $, .RADIAN. ) );
#5292 = ORIENTED_EDGE ( 'NONE', *, *, #3714, .T. ) ;
#5293 = CARTESIAN_POINT ( 'NONE',  ( -19.80000000000000800, 15.00000000000000200, -2.400000000000001200 ) ) ;
#5294 = SURFACE_STYLE_USAGE ( .BOTH. , #2640 ) ;
#5295 = AXIS2_PLACEMENT_3D ( 'NONE', #4924, #143, #2278 ) ;
#5296 = ORIENTED_EDGE ( 'NONE', *, *, #3319, .F. ) ;
#5297 = DIRECTION ( 'NONE',  ( -1.000000000000000000, 0.0000000000000000000, 0.0000000000000000000 ) ) ;
#5298 = FACE_OUTER_BOUND ( 'NONE', #5922, .T. ) ;
#5299 = EDGE_CURVE ( 'NONE', #2180, #2129, #451, .T. ) ;
#5300 = EDGE_CURVE ( 'NONE', #4484, #4005, #5563, .T. ) ;
#5301 = ORIENTED_EDGE ( 'NONE', *, *, #3938, .T. ) ;
#5302 = CARTESIAN_POINT ( 'NONE',  ( -0.1999999999999953200, -12.72792206135785700, -0.7000000000000008400 ) ) ;
#5303 = EDGE_LOOP ( 'NONE', ( #6290, #5571, #5340, #5209 ) ) ;
#5304 = CARTESIAN_POINT ( 'NONE',  ( 0.0000000000000000000, 17.30000000000000100, 11.87573593128808900 ) ) ;
#5305 = VECTOR ( 'NONE', #5162, 1000.000000000000000 ) ;
#5306 = DIRECTION ( 'NONE',  ( 0.0000000000000000000, 0.0000000000000000000, -1.000000000000000000 ) ) ;
#5307 = VERTEX_POINT ( 'NONE', #124 ) ;
#5308 = PRESENTATION_STYLE_ASSIGNMENT (( #4828 ) ) ;
#5309 = CARTESIAN_POINT ( 'NONE',  ( 12.60000000000000100, 16.30000000000000100, -4.150000000000002100 ) ) ;
#5310 = EDGE_CURVE ( 'NONE', #3433, #755, #645, .T. ) ;
#5311 = VERTEX_POINT ( 'NONE', #3781 ) ;
#5312 = CLOSED_SHELL ( 'NONE', ( #5850, #1498, #3066, #1718, #497, #5001 ) ) ;
#5313 = FACE_OUTER_BOUND ( 'NONE', #4701, .T. ) ;
#5314 = LINE ( 'NONE', #4656, #1315 ) ;
#5315 = ORIENTED_EDGE ( 'NONE', *, *, #721, .T. ) ;
#5316 = CARTESIAN_POINT ( 'NONE',  ( -19.80000000000001100, 15.80000000000000400, 0.3880350550561226200 ) ) ;
#5317 = ORIENTED_EDGE ( 'NONE', *, *, #4335, .T. ) ;
#5318 = ADVANCED_FACE ( 'NONE', ( #1149 ), #5465, .F. ) ;
#5319 = AXIS2_PLACEMENT_3D ( 'NONE', #2091, #5352, #6363 ) ;
#5320 = CARTESIAN_POINT ( 'NONE',  ( 0.1000000000000029100, 14.30000000000000200, -13.50000000000000000 ) ) ;
#5321 = SURFACE_SIDE_STYLE ('',( #6303 ) ) ;
#5322 = FACE_OUTER_BOUND ( 'NONE', #4973, .T. ) ;
#5323 = CARTESIAN_POINT ( 'NONE',  ( -20.06667067162052100, 15.80000351665893100, 0.3999999999999991300 ) ) ;
#5324 = CARTESIAN_POINT ( 'NONE',  ( -4.799999999999997200, 14.30000000000000200, 12.00000000000000700 ) ) ;
#5325 = VECTOR ( 'NONE', #2671, 1000.000000000000000 ) ;
#5326 = B_SPLINE_CURVE_WITH_KNOTS ( 'NONE', 3,
 ( #3107, #4448, #5073, #2413, #6143 ),
 .UNSPECIFIED., .F., .F.,
 ( 4, 1, 4 ),
 ( 0.002935749199989609600, 0.002942926685564918000, 0.002950104171140226400 ),
 .UNSPECIFIED. ) ;
#5327 = VERTEX_POINT ( 'NONE', #2195 ) ;
#5328 = PLANE ( 'NONE',  #5438 ) ;
#5329 = VECTOR ( 'NONE', #3543, 1000.000000000000000 ) ;
#5330 = ORIENTED_EDGE ( 'NONE', *, *, #926, .T. ) ;
#5331 = LINE ( 'NONE', #746, #1908 ) ;
#5332 = CARTESIAN_POINT ( 'NONE',  ( 7.800000000000001600, 16.30000000000000100, -1.700000000000002000 ) ) ;
#5333 = AXIS2_PLACEMENT_3D ( 'NONE', #6357, #5809, #6907 ) ;
#5334 = DIRECTION ( 'NONE',  ( -0.0000000000000000000, 1.000000000000000000, -0.0000000000000000000 ) ) ;
#5335 = ORIENTED_EDGE ( 'NONE', *, *, #1679, .F. ) ;
#5336 = EDGE_LOOP ( 'NONE', ( #2798, #5413, #5065 ) ) ;
#5337 = DIRECTION ( 'NONE',  ( 0.0000000000000000000, 0.0000000000000000000, 1.000000000000000000 ) ) ;
#5338 = DIRECTION ( 'NONE',  ( 0.0000000000000000000, 1.000000000000000000, 0.0000000000000000000 ) ) ;
#5339 = PRESENTATION_LAYER_ASSIGNMENT (  '', '', ( #5204 ) ) ;
#5340 = ORIENTED_EDGE ( 'NONE', *, *, #6055, .T. ) ;
#5341 = CARTESIAN_POINT ( 'NONE',  ( 0.0000000000000000000, 2.000000000000000000, -15.00000000000000200 ) ) ;
#5342 = ORIENTED_EDGE ( 'NONE', *, *, #1877, .F. ) ;
#5343 = EDGE_CURVE ( 'NONE', #5402, #4658, #3700, .T. ) ;
#5344 = EDGE_CURVE ( 'NONE', #6252, #3717, #2146, .T. ) ;
#5345 = ORIENTED_EDGE ( 'NONE', *, *, #2241, .T. ) ;
#5346 = DIRECTION ( 'NONE',  ( 0.0000000000000000000, 0.0000000000000000000, 1.000000000000000000 ) ) ;
#5347 = DIRECTION ( 'NONE',  ( 0.0000000000000000000, 0.0000000000000000000, -1.000000000000000000 ) ) ;
#5348 = CARTESIAN_POINT ( 'NONE',  ( -20.00000000000000400, 14.60000000000000100, -1.000000000000000900 ) ) ;
#5349 = DIRECTION ( 'NONE',  ( 2.846030702774451600E-016, 0.0000000000000000000, 1.000000000000000000 ) ) ;
#5350 = CARTESIAN_POINT ( 'NONE',  ( -20.00000000000000400, 15.80000000000000100, 1.000000000000002200 ) ) ;
#5351 = EDGE_LOOP ( 'NONE', ( #3134, #5315, #6479, #2984 ) ) ;
#5352 = DIRECTION ( 'NONE',  ( -0.0000000000000000000, 1.000000000000000000, -0.0000000000000000000 ) ) ;
#5353 = VECTOR ( 'NONE', #328, 1000.000000000000000 ) ;
#5354 = EDGE_CURVE ( 'NONE', #2570, #3041, #2306, .T. ) ;
#5355 = PLANE ( 'NONE',  #4169 ) ;
#5356 = CARTESIAN_POINT ( 'NONE',  ( 0.0000000000000000000, 15.00000000000000200, 0.0000000000000000000 ) ) ;
#5357 = EDGE_LOOP ( 'NONE', ( #6072, #5674, #6491, #6047 ) ) ;
#5358 = CARTESIAN_POINT ( 'NONE',  ( -21.40000000000000600, 15.79999999999711200, -1.066982063370465000 ) ) ;
#5359 = ADVANCED_FACE ( 'NONE', ( #894 ), #6746, .T. ) ;
#5360 = FILL_AREA_STYLE ('',( #6433 ) ) ;
#5361 = ORIENTED_EDGE ( 'NONE', *, *, #5061, .F. ) ;
#5362 = VECTOR ( 'NONE', #3336, 1000.000000000000000 ) ;
#5363 =( NAMED_UNIT ( * ) SI_UNIT ( $, .STERADIAN. ) SOLID_ANGLE_UNIT ( ) );
#5364 = LINE ( 'NONE', #5166, #5103 ) ;
#5365 = AXIS2_PLACEMENT_3D ( 'NONE', #2070, #4887, #2203 ) ;
#5366 = CARTESIAN_POINT ( 'NONE',  ( 7.800000000000001600, 16.30000000000000100, -1.700000000000002000 ) ) ;
#5368 = DIRECTION ( 'NONE',  ( 0.0000000000000000000, 1.000000000000000000, -0.0000000000000000000 ) ) ;
#5367 = COLOUR_RGB ( '',1.000000000000000000, 0.8117647058823529400, 0.5019607843137254800 ) ;
#5369 = CARTESIAN_POINT ( 'NONE',  ( 19.79999999999999400, 15.80000000000000100, 2.999999999999996400 ) ) ;
#5370 = DIRECTION ( 'NONE',  ( 0.0000000000000000000, 0.0000000000000000000, 1.000000000000000000 ) ) ;
#5371 = FACE_OUTER_BOUND ( 'NONE', #4055, .T. ) ;
#5372 =( NAMED_UNIT ( * ) SI_UNIT ( $, .STERADIAN. ) SOLID_ANGLE_UNIT ( ) );
#5373 = B_SPLINE_CURVE_WITH_KNOTS ( 'NONE', 3,
 ( #669, #3274, #1248, #208, #2824 ),
 .UNSPECIFIED., .F., .F.,
 ( 4, 1, 4 ),
 ( 0.0008251932643149335500, 0.0008323080342449451200, 0.0008394228041749567000 ),
 .UNSPECIFIED. ) ;
#5374 = EDGE_CURVE ( 'NONE', #5464, #4433, #2470, .T. ) ;
#5375 = DIRECTION ( 'NONE',  ( -1.000000000000000000, 0.0000000000000000000, 1.141265444721583800E-016 ) ) ;
#5376 = LINE ( 'NONE', #2114, #4955 ) ;
#5377 = CIRCLE ( 'NONE', #1971, 4.500000000000006200 ) ;
#5378 = DIRECTION ( 'NONE',  ( 0.0000000000000000000, 0.0000000000000000000, 1.000000000000000000 ) ) ;
#5379 = FILL_AREA_STYLE ('',( #1119 ) ) ;
#5380 = CARTESIAN_POINT ( 'NONE',  ( 22.69999999999999900, 90.11812087098393000, -14.70000000000000100 ) ) ;
#5381 = DIRECTION ( 'NONE',  ( -0.0000000000000000000, 1.000000000000000000, -0.0000000000000000000 ) ) ;
#5382 =( LENGTH_UNIT ( ) NAMED_UNIT ( * ) SI_UNIT ( .MILLI., .METRE. ) );
#5383 = ORIENTED_EDGE ( 'NONE', *, *, #5712, .F. ) ;
#5384 = FACE_OUTER_BOUND ( 'NONE', #5174, .T. ) ;
#5385 = AXIS2_PLACEMENT_3D ( 'NONE', #6586, #654, #1745 ) ;
#5386 = EDGE_CURVE ( 'NONE', #6608, #4027, #722, .T. ) ;
#5387 = PLANE ( 'NONE',  #4415 ) ;
#5388 = VERTEX_POINT ( 'NONE', #4927 ) ;
#5389 = CARTESIAN_POINT ( 'NONE',  ( -4.799999999999997200, 13.60000000000000300, -5.799999999999992700 ) ) ;
#5390 = ORIENTED_EDGE ( 'NONE', *, *, #527, .F. ) ;
#5391 = ADVANCED_FACE ( 'NONE', ( #6788 ), #281, .F. ) ;
#5392 = CARTESIAN_POINT ( 'NONE',  ( 21.39999999999999900, 15.00000000000000200, 2.599999999999997000 ) ) ;
#5393 = DIRECTION ( 'NONE',  ( 0.0000000000000000000, 0.0000000000000000000, 1.000000000000000000 ) ) ;
#5394 = UNCERTAINTY_MEASURE_WITH_UNIT (LENGTH_MEASURE( 1.000000000000000100E-005 ), #5043, 'distance_accuracy_value', 'NONE');
#5395 = CARTESIAN_POINT ( 'NONE',  ( -19.80000000000001100, 15.00000000000000200, -1.200000000000001100 ) ) ;
#5396 = CARTESIAN_POINT ( 'NONE',  ( 0.0000000000000000000, 0.0000000000000000000, 0.0000000000000000000 ) ) ;
#5397 = EDGE_CURVE ( 'NONE', #4081, #805, #5476, .T. ) ;
#5398 = ORIENTED_EDGE ( 'NONE', *, *, #2302, .T. ) ;
#5399 = LINE ( 'NONE', #4130, #385 ) ;
#5400 = CARTESIAN_POINT ( 'NONE',  ( -20.19999999999999600, 0.2000000000000000100, 14.50000000000000000 ) ) ;
#5401 = FACE_OUTER_BOUND ( 'NONE', #5925, .T. ) ;
#5402 = VERTEX_POINT ( 'NONE', #3298 ) ;
#5403 = CARTESIAN_POINT ( 'NONE',  ( -1.000000000000014700, 14.60000000000000100, -1.156482317317890300E-015 ) ) ;
#5404 = VERTEX_POINT ( 'NONE', #1733 ) ;
#5405 = CARTESIAN_POINT ( 'NONE',  ( 21.39999999999999500, 15.80005446952545400, 2.933500342485832100 ) ) ;
#5406 = AXIS2_PLACEMENT_3D ( 'NONE', #2436, #1950, #4088 ) ;
#5407 = VECTOR ( 'NONE', #6367, 1000.000000000000000 ) ;
#5408 = MECHANICAL_DESIGN_GEOMETRIC_PRESENTATION_REPRESENTATION (  '', ( #3109 ), #1124 ) ;
#5409 = CARTESIAN_POINT ( 'NONE',  ( 20.00000000000000400, 14.60000000000000100, 2.799999999999997200 ) ) ;
#5410 = EDGE_LOOP ( 'NONE', ( #413, #6450, #5052, #748 ) ) ;
#5411 = COLOUR_RGB ( '',1.000000000000000000, 0.8117647058823529400, 0.5019607843137254800 ) ;
#5412 = CARTESIAN_POINT ( 'NONE',  ( -20.19999999999999600, 0.2000000000000000100, 14.50000000000000000 ) ) ;
#5413 = ORIENTED_EDGE ( 'NONE', *, *, #5935, .F. ) ;
#5414 = VECTOR ( 'NONE', #2042, 1000.000000000000000 ) ;
#5415 = AXIS2_PLACEMENT_3D ( 'NONE', #3716, #2689, #6515 ) ;
#5416 = DIRECTION ( 'NONE',  ( 0.0000000000000000000, 0.0000000000000000000, 1.000000000000000000 ) ) ;
#5417 = CARTESIAN_POINT ( 'NONE',  ( 12.30000000000000200, 16.30000000000000100, -1.700000000000002000 ) ) ;
#5418 = PLANE ( 'NONE',  #1494 ) ;
#5419 = ORIENTED_EDGE ( 'NONE', *, *, #3967, .F. ) ;
#5420 = ORIENTED_EDGE ( 'NONE', *, *, #3542, .F. ) ;
#5421 = LINE ( 'NONE', #3824, #5751 ) ;
#5422 = VERTEX_POINT ( 'NONE', #4315 ) ;
#5423 = CARTESIAN_POINT ( 'NONE',  ( 9.400000000000002100, 16.30000000000000100, -4.150000000000002100 ) ) ;
#5424 = CARTESIAN_POINT ( 'NONE',  ( 18.60000000000000100, 15.00000000000000200, 2.599999999999997000 ) ) ;
#5425 = CARTESIAN_POINT ( 'NONE',  ( 5.100000000000000500, 17.60000000000000100, 0.0000000000000000000 ) ) ;
#5426 = ORIENTED_EDGE ( 'NONE', *, *, #3855, .T. ) ;
#5427 = AXIS2_PLACEMENT_3D ( 'NONE', #5348, #2152, #3738 ) ;
#5428 = DIRECTION ( 'NONE',  ( -0.0000000000000000000, -1.000000000000000000, -0.0000000000000000000 ) ) ;
#5429 = ORIENTED_EDGE ( 'NONE', *, *, #2479, .F. ) ;
#5430 = ADVANCED_FACE ( 'NONE', ( #4977 ), #6445, .F. ) ;
#5431 = EDGE_CURVE ( 'NONE', #1896, #4282, #5373, .T. ) ;
#5432 = VERTEX_POINT ( 'NONE', #5417 ) ;
#5433 = VERTEX_POINT ( 'NONE', #3828 ) ;
#5434 = EDGE_LOOP ( 'NONE', ( #1669, #5763, #4266, #1250, #4975 ) ) ;
#5435 = VECTOR ( 'NONE', #1863, 1000.000000000000000 ) ;
#5436 = CARTESIAN_POINT ( 'NONE',  ( 12.60000000000000100, 16.30000000000000100, -1.700000000000002000 ) ) ;
#5437 = DIRECTION ( 'NONE',  ( 0.0000000000000000000, 0.0000000000000000000, 1.000000000000000000 ) ) ;
#5438 = AXIS2_PLACEMENT_3D ( 'NONE', #4810, #3237, #3260 ) ;
#5439 = CARTESIAN_POINT ( 'NONE',  ( -22.69999999999999900, 14.47573593128807400, -14.70000000000000100 ) ) ;
#5440 = EDGE_CURVE ( 'NONE', #681, #5582, #6535, .T. ) ;
#5441 = EDGE_LOOP ( 'NONE', ( #4399, #2496, #4580, #3600 ) ) ;
#5442 = EDGE_CURVE ( 'NONE', #6763, #3696, #3040, .T. ) ;
#5443 = ORIENTED_EDGE ( 'NONE', *, *, #2569, .T. ) ;
#5444 = VECTOR ( 'NONE', #5618, 1000.000000000000000 ) ;
#5445 = DIRECTION ( 'NONE',  ( 0.0000000000000000000, 0.0000000000000000000, 1.000000000000000000 ) ) ;
#5446 = FACE_OUTER_BOUND ( 'NONE', #5049, .T. ) ;
#5447 = CARTESIAN_POINT ( 'NONE',  ( 20.19999999999999900, 15.80000000000000100, 1.414359353944891300 ) ) ;
#5448 = VECTOR ( 'NONE', #885, 1000.000000000000000 ) ;
#5449 = ORIENTED_EDGE ( 'NONE', *, *, #2435, .F. ) ;
#5450 = VECTOR ( 'NONE', #6171, 1000.000000000000000 ) ;
#5451 = EDGE_CURVE ( 'NONE', #1823, #114, #1620, .T. ) ;
#5452 = CARTESIAN_POINT ( 'NONE',  ( -21.40000000000000600, 15.80000000000000100, -1.200000000000001100 ) ) ;
#5453 = MECHANICAL_DESIGN_GEOMETRIC_PRESENTATION_REPRESENTATION (  '', ( #891 ), #1257 ) ;
#5454 = DIRECTION ( 'NONE',  ( 0.0000000000000000000, 1.000000000000000000, -0.0000000000000000000 ) ) ;
#5455 = DIRECTION ( 'NONE',  ( 0.0000000000000000000, 0.0000000000000000000, 1.000000000000000000 ) ) ;
#5456 = LINE ( 'NONE', #3380, #1115 ) ;
#5457 = CARTESIAN_POINT ( 'NONE',  ( 19.80000000000000100, 15.00000000000000200, 4.199999999999997500 ) ) ;
#5458 = VECTOR ( 'NONE', #3385, 1000.000000000000000 ) ;
#5459 =( NAMED_UNIT ( * ) PLANE_ANGLE_UNIT ( ) SI_UNIT ( $, .RADIAN. ) );
#5460 = CARTESIAN_POINT ( 'NONE',  ( 19.80000000000000100, 15.79983162191122800, 4.199999999999997500 ) ) ;
#5461 = VECTOR ( 'NONE', #3399, 1000.000000000000000 ) ;
#5462 = ADVANCED_FACE ( 'NONE', ( #4107 ), #1276, .F. ) ;
#5463 = DIRECTION ( 'NONE',  ( -1.000000000000000000, 0.0000000000000000000, 0.0000000000000000000 ) ) ;
#5464 = VERTEX_POINT ( 'NONE', #5033 ) ;
#5465 = PLANE ( 'NONE',  #4978 ) ;
#5466 = CIRCLE ( 'NONE', #4125, 0.2999999999999981600 ) ;
#5467 = AXIS2_PLACEMENT_3D ( 'NONE', #3068, #4126, #973 ) ;
#5468 = DIRECTION ( 'NONE',  ( 0.0000000000000000000, 0.0000000000000000000, 1.000000000000000000 ) ) ;
#5469 = ORIENTED_EDGE ( 'NONE', *, *, #5832, .F. ) ;
#5470 = DIRECTION ( 'NONE',  ( 0.0000000000000000000, 0.0000000000000000000, 1.000000000000000000 ) ) ;
#5471 = FACE_BOUND ( 'NONE', #3867, .T. ) ;
#5472 = ORIENTED_EDGE ( 'NONE', *, *, #6015, .T. ) ;
#5473 = DIRECTION ( 'NONE',  ( 0.0000000000000000000, 1.000000000000000000, 0.0000000000000000000 ) ) ;
#5474 = AXIS2_PLACEMENT_3D ( 'NONE', #1795, #203, #5524 ) ;
#5475 = ORIENTED_EDGE ( 'NONE', *, *, #5287, .F. ) ;
#5476 = LINE ( 'NONE', #5928, #1231 ) ;
#5477 = EDGE_CURVE ( 'NONE', #3651, #4296, #2880, .T. ) ;
#5478 = EDGE_CURVE ( 'NONE', #6366, #511, #1461, .T. ) ;
#5479 = ORIENTED_EDGE ( 'NONE', *, *, #4293, .T. ) ;
#5480 = DIRECTION ( 'NONE',  ( 0.0000000000000000000, 0.0000000000000000000, 1.000000000000000000 ) ) ;
#5481 = DIRECTION ( 'NONE',  ( -0.0000000000000000000, -0.0000000000000000000, 1.000000000000000000 ) ) ;
#5482 = MANIFOLD_SOLID_BREP ( 'Terminal 4', #1504 ) ;
#5483 = ORIENTED_EDGE ( 'NONE', *, *, #4024, .T. ) ;
#5484 = ORIENTED_EDGE ( 'NONE', *, *, #5489, .T. ) ;
#5485 = DIRECTION ( 'NONE',  ( 0.0000000000000000000, 0.0000000000000000000, 1.000000000000000000 ) ) ;
#5486 = PLANE ( 'NONE',  #411 ) ;
#5487 =( GEOMETRIC_REPRESENTATION_CONTEXT ( 3 ) GLOBAL_UNCERTAINTY_ASSIGNED_CONTEXT ( ( #5086 ) ) GLOBAL_UNIT_ASSIGNED_CONTEXT ( ( #1505, #4709, #4202 ) ) REPRESENTATION_CONTEXT ( 'NONE', 'WORKASPACE' ) );
#5488 = CARTESIAN_POINT ( 'NONE',  ( 9.890967187587007500E-017, 14.60000000000000100, 0.7999999999999962700 ) ) ;
#5489 = EDGE_CURVE ( 'NONE', #1812, #5964, #6213, .T. ) ;
#5490 = ORIENTED_EDGE ( 'NONE', *, *, #200, .F. ) ;
#5491 =( NAMED_UNIT ( * ) SI_UNIT ( $, .STERADIAN. ) SOLID_ANGLE_UNIT ( ) );
#5492 = CIRCLE ( 'NONE', #2580, 2.000000000000000000 ) ;
#5493 = LINE ( 'NONE', #4114, #1001 ) ;
#5494 = DIRECTION ( 'NONE',  ( -0.0000000000000000000, 1.000000000000000000, -0.0000000000000000000 ) ) ;
#5495 = DIRECTION ( 'NONE',  ( -1.000000000000000000, 0.0000000000000000000, -5.782411586589356500E-015 ) ) ;
#5496 = ADVANCED_FACE ( 'NONE', ( #1306 ), #1801, .F. ) ;
#5497 = PLANE ( 'NONE',  #1799 ) ;
#5498 = AXIS2_PLACEMENT_3D ( 'NONE', #3896, #6037, #1271 ) ;
#5499 = ORIENTED_EDGE ( 'NONE', *, *, #5354, .T. ) ;
#5500 = LINE ( 'NONE', #888, #5329 ) ;
#5501 = ORIENTED_EDGE ( 'NONE', *, *, #2557, .F. ) ;
#5502 = LINE ( 'NONE', #3585, #4557 ) ;
#5503 = DIRECTION ( 'NONE',  ( 2.891205793294678200E-015, 0.0000000000000000000, -1.000000000000000000 ) ) ;
#5504 = SURFACE_STYLE_USAGE ( .BOTH. , #3844 ) ;
#5505 = DIRECTION ( 'NONE',  ( 0.0000000000000000000, 0.7071067811865462400, 0.7071067811865487900 ) ) ;
#5506 = ORIENTED_EDGE ( 'NONE', *, *, #6578, .F. ) ;
#5507 = ORIENTED_EDGE ( 'NONE', *, *, #1163, .T. ) ;
#5508 = LINE ( 'NONE', #2106, #5000 ) ;
#5509 = AXIS2_PLACEMENT_3D ( 'NONE', #3638, #4653, #1537 ) ;
#5510 = PLANE ( 'NONE',  #1934 ) ;
#5511 = VERTEX_POINT ( 'NONE', #4764 ) ;
#5512 = VERTEX_POINT ( 'NONE', #2626 ) ;
#5513 = CARTESIAN_POINT ( 'NONE',  ( 20.00000000000000400, 15.80000000000000100, 2.799999999999997200 ) ) ;
#5514 = ORIENTED_EDGE ( 'NONE', *, *, #2716, .F. ) ;
#5515 = LINE ( 'NONE', #5054, #5435 ) ;
#5516 = CARTESIAN_POINT ( 'NONE',  ( -21.40000000000000600, 15.00000000000000200, -1.200000000000001100 ) ) ;
#5517 =( GEOMETRIC_REPRESENTATION_CONTEXT ( 3 ) GLOBAL_UNCERTAINTY_ASSIGNED_CONTEXT ( ( #1375 ) ) GLOBAL_UNIT_ASSIGNED_CONTEXT ( ( #231, #724, #6581 ) ) REPRESENTATION_CONTEXT ( 'NONE', 'WORKASPACE' ) );
#5518 = ORIENTED_EDGE ( 'NONE', *, *, #1949, .T. ) ;
#5519 = EDGE_CURVE ( 'NONE', #1840, #2171, #4444, .T. ) ;
#5520 = ORIENTED_EDGE ( 'NONE', *, *, #579, .T. ) ;
#5521 = CIRCLE ( 'NONE', #3965, 1.250000000000000000 ) ;
#5522 = LINE ( 'NONE', #5198, #6502 ) ;
#5523 = CARTESIAN_POINT ( 'NONE',  ( 16.50000000000000400, 17.60000000000000100, 0.7999999999999941600 ) ) ;
#5524 = DIRECTION ( 'NONE',  ( -1.000000000000000000, 0.0000000000000000000, -0.0000000000000000000 ) ) ;
#5525 = ORIENTED_EDGE ( 'NONE', *, *, #4752, .F. ) ;
#5526 = LINE ( 'NONE', #4389, #430 ) ;
#5527 = STYLED_ITEM ( 'NONE', ( #823 ), #6146 ) ;
#5528 = EDGE_CURVE ( 'NONE', #644, #2129, #3532, .T. ) ;
#5529 = EDGE_CURVE ( 'NONE', #4296, #2728, #38, .T. ) ;
#5530 = ADVANCED_FACE ( 'NONE', ( #3203 ), #5328, .F. ) ;
#5531 = VECTOR ( 'NONE', #2936, 1000.000000000000000 ) ;
#5532 = CARTESIAN_POINT ( 'NONE',  ( -0.7999999999999970500, 14.30000000000000200, -12.08284271247462600 ) ) ;
#5533 = CARTESIAN_POINT ( 'NONE',  ( 0.0000000000000000000, 13.80000000000000100, 0.0000000000000000000 ) ) ;
#5534 = VERTEX_POINT ( 'NONE', #6343 ) ;
#5535 = LINE ( 'NONE', #5055, #5193 ) ;
#5536 = DIRECTION ( 'NONE',  ( -1.000000000000000000, 0.0000000000000000000, 0.0000000000000000000 ) ) ;
#5537 = CYLINDRICAL_SURFACE ( 'NONE', #6585, 4.500000000000000000 ) ;
#5538 = AXIS2_PLACEMENT_3D ( 'NONE', #5902, #3254, #5612 ) ;
#5539 = DIRECTION ( 'NONE',  ( 0.0000000000000000000, 1.000000000000000000, 0.0000000000000000000 ) ) ;
#5540 = CARTESIAN_POINT ( 'NONE',  ( -23.00000000000000000, 14.79999999999999400, -3.694338557165999200 ) ) ;
#5541 = CARTESIAN_POINT ( 'NONE',  ( 23.00000000000000000, 12.10000000000000000, -14.70000000000000100 ) ) ;
#5542 = VECTOR ( 'NONE', #3643, 1000.000000000000000 ) ;
#5543 = LINE ( 'NONE', #6633, #3441 ) ;
#5544 = EDGE_LOOP ( 'NONE', ( #2310, #1459, #6477, #6364 ) ) ;
#5545 = DIRECTION ( 'NONE',  ( 0.0000000000000000000, 0.0000000000000000000, 1.000000000000000000 ) ) ;
#5546 = DIRECTION ( 'NONE',  ( 0.0000000000000000000, 1.000000000000000000, -0.0000000000000000000 ) ) ;
#5547 = AXIS2_PLACEMENT_3D ( 'NONE', #5201, #1520, #6769 ) ;
#5548 = SURFACE_SIDE_STYLE ('',( #4735 ) ) ;
#5549 = ORIENTED_EDGE ( 'NONE', *, *, #2201, .T. ) ;
#5550 = PRESENTATION_STYLE_ASSIGNMENT (( #242 ) ) ;
#5551 = PLANE ( 'NONE',  #1816 ) ;
#5552 = DIRECTION ( 'NONE',  ( 0.0000000000000000000, 0.0000000000000000000, 1.000000000000000000 ) ) ;
#5553 = PLANE ( 'NONE',  #5687 ) ;
#5554 = ORIENTED_EDGE ( 'NONE', *, *, #2088, .T. ) ;
#5555 = CYLINDRICAL_SURFACE ( 'NONE', #2792, 4.500000000000000000 ) ;
#5556 = AXIS2_PLACEMENT_3D ( 'NONE', #2866, #1336, #2392 ) ;
#5557 = ORIENTED_EDGE ( 'NONE', *, *, #2955, .T. ) ;
#5558 = EDGE_CURVE ( 'NONE', #156, #2788, #212, .T. ) ;
#5559 = PLANE ( 'NONE',  #1605 ) ;
#5560 = ORIENTED_EDGE ( 'NONE', *, *, #4430, .T. ) ;
#5561 = FILL_AREA_STYLE_COLOUR ( '', #813 ) ;
#5562 = ADVANCED_FACE ( 'NONE', ( #4190 ), #5555, .T. ) ;
#5563 = LINE ( 'NONE', #5930, #5139 ) ;
#5564 = LINE ( 'NONE', #951, #2726 ) ;
#5565 = AXIS2_PLACEMENT_3D ( 'NONE', #377, #6753, #5183 ) ;
#5566 = ORIENTED_EDGE ( 'NONE', *, *, #2253, .T. ) ;
#5567 = EDGE_CURVE ( 'NONE', #4363, #1867, #5889, .T. ) ;
#5568 = ORIENTED_EDGE ( 'NONE', *, *, #2378, .F. ) ;
#5569 = EDGE_CURVE ( 'NONE', #6577, #3560, #2461, .T. ) ;
#5570 = CARTESIAN_POINT ( 'NONE',  ( 20.19999999999999600, 15.00000000000000200, 2.599999999999997000 ) ) ;
#5571 = ORIENTED_EDGE ( 'NONE', *, *, #5489, .F. ) ;
#5572 = CARTESIAN_POINT ( 'NONE',  ( -4.799999999999997200, 13.60000000000000300, -5.799999999999992700 ) ) ;
#5573 = CARTESIAN_POINT ( 'NONE',  ( -9.799999999999998900, 17.60000000000000100, -4.800000000000000700 ) ) ;
#5574 = DIRECTION ( 'NONE',  ( 0.0000000000000000000, 0.0000000000000000000, 1.000000000000000000 ) ) ;
#5575 = EDGE_LOOP ( 'NONE', ( #5479, #6824, #4463, #2571 ) ) ;
#5576 = EDGE_CURVE ( 'NONE', #3879, #2582, #6869, .T. ) ;
#5577 = ORIENTED_EDGE ( 'NONE', *, *, #6208, .T. ) ;
#5578 = LINE ( 'NONE', #109, #3713 ) ;
#5579 = DIRECTION ( 'NONE',  ( 0.0000000000000000000, 1.000000000000000000, 0.0000000000000000000 ) ) ;
#5580 = CARTESIAN_POINT ( 'NONE',  ( 19.80000000000000100, 15.00000000000000200, 4.199999999999997500 ) ) ;
#5581 = ORIENTED_EDGE ( 'NONE', *, *, #1720, .T. ) ;
#5582 = VERTEX_POINT ( 'NONE', #3969 ) ;
#5583 = LINE ( 'NONE', #5896, #6078 ) ;
#5584 = AXIS2_PLACEMENT_3D ( 'NONE', #2976, #6695, #868 ) ;
#5585 = ORIENTED_EDGE ( 'NONE', *, *, #6128, .T. ) ;
#5586 = EDGE_LOOP ( 'NONE', ( #6640, #2670 ) ) ;
#5587 = ORIENTED_EDGE ( 'NONE', *, *, #6368, .T. ) ;
#5588 = PLANE ( 'NONE',  #5623 ) ;
#5589 = DIRECTION ( 'NONE',  ( 0.0000000000000000000, 1.000000000000000000, -0.0000000000000000000 ) ) ;
#5590 = CARTESIAN_POINT ( 'NONE',  ( 5.700000000000002800, 18.30000000000000100, -0.7000000000000027300 ) ) ;
#5591 = ORIENTED_EDGE ( 'NONE', *, *, #3269, .T. ) ;
#5592 = ADVANCED_FACE ( 'NONE', ( #6781 ), #1058, .T. ) ;
#5593 = EDGE_LOOP ( 'NONE', ( #6874, #3236, #2729, #3653 ) ) ;
#5594 = AXIS2_PLACEMENT_3D ( 'NONE', #2472, #800, #6203 ) ;
#5595 = VERTEX_POINT ( 'NONE', #6087 ) ;
#5596 = CYLINDRICAL_SURFACE ( 'NONE', #5871, 2.000000000000003600 ) ;
#5597 = DIRECTION ( 'NONE',  ( -0.0000000000000000000, -0.0000000000000000000, 1.000000000000000000 ) ) ;
#5598 = DIRECTION ( 'NONE',  ( 0.0000000000000000000, 0.0000000000000000000, 1.000000000000000000 ) ) ;
#5599 = ORIENTED_EDGE ( 'NONE', *, *, #1372, .F. ) ;
#5600 = ORIENTED_EDGE ( 'NONE', *, *, #1937, .F. ) ;
#5601 = VECTOR ( 'NONE', #5110, 1000.000000000000000 ) ;
#5602 = UNCERTAINTY_MEASURE_WITH_UNIT (LENGTH_MEASURE( 1.000000000000000100E-005 ), #6885, 'distance_accuracy_value', 'NONE');
#5603 = PLANE ( 'NONE',  #2333 ) ;
#5604 = CARTESIAN_POINT ( 'NONE',  ( 20.00000000000000400, 14.60000000000000100, 0.7999999999999938300 ) ) ;
#5605 =( GEOMETRIC_REPRESENTATION_CONTEXT ( 3 ) GLOBAL_UNCERTAINTY_ASSIGNED_CONTEXT ( ( #2187 ) ) GLOBAL_UNIT_ASSIGNED_CONTEXT ( ( #762, #2914, #5045 ) ) REPRESENTATION_CONTEXT ( 'NONE', 'WORKASPACE' ) );
#5606 = CARTESIAN_POINT ( 'NONE',  ( -4.799999999999997200, 13.60000000000000300, 12.00000000000000700 ) ) ;
#5607 = LINE ( 'NONE', #6509, #4161 ) ;
#5608 = EDGE_CURVE ( 'NONE', #3560, #2284, #555, .T. ) ;
#5609 = FILL_AREA_STYLE ('',( #2918 ) ) ;
#5610 = ORIENTED_EDGE ( 'NONE', *, *, #5431, .T. ) ;
#5611 = LINE ( 'NONE', #6672, #2112 ) ;
#5612 = DIRECTION ( 'NONE',  ( 1.000000000000000000, 0.0000000000000000000, 0.0000000000000000000 ) ) ;
#5613 = CARTESIAN_POINT ( 'NONE',  ( 18.61435935394489900, 15.80000000000000100, 2.999999999999996900 ) ) ;
#5614 =( LENGTH_UNIT ( ) NAMED_UNIT ( * ) SI_UNIT ( .MILLI., .METRE. ) );
#5615 = LINE ( 'NONE', #3800, #4168 ) ;
#5616 = FACE_OUTER_BOUND ( 'NONE', #5133, .T. ) ;
#5617 = EDGE_CURVE ( 'NONE', #476, #5003, #1635, .T. ) ;
#5618 = DIRECTION ( 'NONE',  ( 1.000000000000000000, 0.0000000000000000000, 0.0000000000000000000 ) ) ;
#5619 = DIRECTION ( 'NONE',  ( 3.893042978237944500E-017, 0.0000000000000000000, -1.000000000000000000 ) ) ;
#5620 = VECTOR ( 'NONE', #1892, 1000.000000000000000 ) ;
#5621 = DIRECTION ( 'NONE',  ( 0.0000000000000000000, 1.000000000000000000, 0.0000000000000000000 ) ) ;
#5622 = VECTOR ( 'NONE', #4547, 1000.000000000000200 ) ;
#5623 = AXIS2_PLACEMENT_3D ( 'NONE', #4424, #6114, #744 ) ;
#5624 = ORIENTED_EDGE ( 'NONE', *, *, #698, .T. ) ;
#5625 = CARTESIAN_POINT ( 'NONE',  ( -6.249999999999998200, 17.30000000000000100, 9.200000000000001100 ) ) ;
#5626 = PRESENTATION_LAYER_ASSIGNMENT (  '', '', ( #3109 ) ) ;
#5627 = DIRECTION ( 'NONE',  ( -1.000000000000000000, 0.0000000000000000000, 1.345632960768743800E-016 ) ) ;
#5628 = VECTOR ( 'NONE', #35, 1000.000000000000000 ) ;
#5629 = FILL_AREA_STYLE ('',( #4976 ) ) ;
#5630 = ADVANCED_FACE ( 'NONE', ( #5723 ), #781, .F. ) ;
#5631 = CARTESIAN_POINT ( 'NONE',  ( 18.50000000000000400, 14.60000000000000100, 0.0000000000000000000 ) ) ;
#5632 = ORIENTED_EDGE ( 'NONE', *, *, #2434, .T. ) ;
#5633 = TOROIDAL_SURFACE ( 'NONE', #2013, 1.400000000000003200, 0.5999999999999999800 ) ;
#5634 = ORIENTED_EDGE ( 'NONE', *, *, #2356, .F. ) ;
#5635 =( NAMED_UNIT ( * ) SI_UNIT ( $, .STERADIAN. ) SOLID_ANGLE_UNIT ( ) );
#5636 = PRESENTATION_LAYER_ASSIGNMENT (  '', '', ( #859 ) ) ;
#5637 = DIRECTION ( 'NONE',  ( -0.7071067811865444600, 0.0000000000000000000, -0.7071067811865505700 ) ) ;
#5638 = ORIENTED_EDGE ( 'NONE', *, *, #1948, .F. ) ;
#5639 = VECTOR ( 'NONE', #4825, 1000.000000000000000 ) ;
#5640 = VERTEX_POINT ( 'NONE', #3427 ) ;
#5641 = CONICAL_SURFACE ( 'NONE', #1168, 4.000000000000000900, 0.4363323129985833300 ) ;
#5642 = CARTESIAN_POINT ( 'NONE',  ( -20.00000000000000400, 14.60000000000000100, -1.000000000000000900 ) ) ;
#5643 = ORIENTED_EDGE ( 'NONE', *, *, #600, .T. ) ;
#5644 = DIRECTION ( 'NONE',  ( -0.7071067811865492400, 0.0000000000000000000, -0.7071067811865458000 ) ) ;
#5645 = DIRECTION ( 'NONE',  ( -0.0000000000000000000, 1.000000000000000000, -0.0000000000000000000 ) ) ;
#5646 =( GEOMETRIC_REPRESENTATION_CONTEXT ( 3 ) GLOBAL_UNCERTAINTY_ASSIGNED_CONTEXT ( ( #862 ) ) GLOBAL_UNIT_ASSIGNED_CONTEXT ( ( #2149, #6417, #6877 ) ) REPRESENTATION_CONTEXT ( 'NONE', 'WORKASPACE' ) );
#5647 = ORIENTED_EDGE ( 'NONE', *, *, #6263, .T. ) ;
#5648 = CARTESIAN_POINT ( 'NONE',  ( 14.20000000000000100, 16.30000000000000100, -1.700000000000002000 ) ) ;
#5649 = FACE_OUTER_BOUND ( 'NONE', #3558, .T. ) ;
#5650 = EDGE_CURVE ( 'NONE', #2376, #5654, #291, .T. ) ;
#5651 = VECTOR ( 'NONE', #1647, 1000.000000000000100 ) ;
#5652 = CARTESIAN_POINT ( 'NONE',  ( 19.88175104581392800, 17.30000000000000100, 11.87573593128808700 ) ) ;
#5653 = DIRECTION ( 'NONE',  ( 0.0000000000000000000, 0.0000000000000000000, 1.000000000000000000 ) ) ;
#5654 = VERTEX_POINT ( 'NONE', #3464 ) ;
#5655 = CARTESIAN_POINT ( 'NONE',  ( 13.90000000000000000, 16.30000000000000100, -4.150000000000002100 ) ) ;
#5656 =( LENGTH_UNIT ( ) NAMED_UNIT ( * ) SI_UNIT ( .MILLI., .METRE. ) );
#5657 = ORIENTED_EDGE ( 'NONE', *, *, #5478, .F. ) ;
#5658 = DIRECTION ( 'NONE',  ( -0.0000000000000000000, 1.000000000000000000, -0.0000000000000000000 ) ) ;
#5659 = LINE ( 'NONE', #2533, #1569 ) ;
#5660 = CIRCLE ( 'NONE', #1099, 2.000000000000003600 ) ;
#5661 = EDGE_CURVE ( 'NONE', #5003, #287, #1142, .T. ) ;
#5662 = EDGE_CURVE ( 'NONE', #1010, #1420, #1002, .T. ) ;
#5663 = CARTESIAN_POINT ( 'NONE',  ( 23.00000000000000000, 90.11812087098393000, -15.00000000000000200 ) ) ;
#5664 = DIRECTION ( 'NONE',  ( 1.000000000000000000, 0.0000000000000000000, -1.807003620809185000E-016 ) ) ;
#5665 = CARTESIAN_POINT ( 'NONE',  ( 2.999999999999999100, 13.50000000000000200, 9.000000000000001800 ) ) ;
#5666 = EDGE_LOOP ( 'NONE', ( #1297, #2505, #1181, #5978, #2740 ) ) ;
#5667 = CIRCLE ( 'NONE', #6359, 2.000000000000003600 ) ;
#5668 = ORIENTED_EDGE ( 'NONE', *, *, #538, .T. ) ;
#5669 = DIRECTION ( 'NONE',  ( -0.0000000000000000000, 1.000000000000000000, -0.0000000000000000000 ) ) ;
#5670 = EDGE_CURVE ( 'NONE', #6494, #6157, #3377, .T. ) ;
#5671 = DIRECTION ( 'NONE',  ( 0.0000000000000000000, 0.0000000000000000000, -1.000000000000000000 ) ) ;
#5672 = DIRECTION ( 'NONE',  ( -0.0000000000000000000, -0.0000000000000000000, 1.000000000000000000 ) ) ;
#5673 = AXIS2_PLACEMENT_3D ( 'NONE', #6249, #2036, #6728 ) ;
#5674 = ORIENTED_EDGE ( 'NONE', *, *, #5885, .T. ) ;
#5675 = CARTESIAN_POINT ( 'NONE',  ( 11.00000000000000200, 16.30000000000000100, -4.150000000000002100 ) ) ;
#5676 = VERTEX_POINT ( 'NONE', #2082 ) ;
#5677 = CARTESIAN_POINT ( 'NONE',  ( 18.61196950639564200, 15.80000000000000400, 2.999999999999997300 ) ) ;
#5678 = EDGE_LOOP ( 'NONE', ( #2996, #6064, #5647, #4310 ) ) ;
#5679 = CARTESIAN_POINT ( 'NONE',  ( -19.99999999999999600, 13.60000000000000300, -5.799999999999990900 ) ) ;
#5680 = DIRECTION ( 'NONE',  ( -7.426784881525699100E-015, -1.000000000000000000, -0.0000000000000000000 ) ) ;
#5681 = VERTEX_POINT ( 'NONE', #6246 ) ;
#5682 = ORIENTED_EDGE ( 'NONE', *, *, #980, .F. ) ;
#5683 = AXIS2_PLACEMENT_3D ( 'NONE', #1214, #603, #4362 ) ;
#5684 = ORIENTED_EDGE ( 'NONE', *, *, #5702, .T. ) ;
#5685 = DIRECTION ( 'NONE',  ( -0.6038772616713568000, -0.5636187775599327300, 0.5636187775599307300 ) ) ;
#5686 = COLOUR_RGB ( '',1.000000000000000000, 0.8117647058823529400, 0.5019607843137254800 ) ;
#5687 = AXIS2_PLACEMENT_3D ( 'NONE', #4016, #6692, #821 ) ;
#5688 = VECTOR ( 'NONE', #2800, 1000.000000000000000 ) ;
#5689 = FACE_OUTER_BOUND ( 'NONE', #550, .T. ) ;
#5690 = DIRECTION ( 'NONE',  ( -1.000000000000000000, 0.0000000000000000000, -0.0000000000000000000 ) ) ;
#5691 = ORIENTED_EDGE ( 'NONE', *, *, #5569, .F. ) ;
#5692 = FACE_OUTER_BOUND ( 'NONE', #4145, .T. ) ;
#5693 = UNCERTAINTY_MEASURE_WITH_UNIT (LENGTH_MEASURE( 1.000000000000000100E-005 ), #2587, 'distance_accuracy_value', 'NONE');
#5694 = DIRECTION ( 'NONE',  ( 0.0000000000000000000, 1.000000000000000000, -0.0000000000000000000 ) ) ;
#5695 = VECTOR ( 'NONE', #5347, 1000.000000000000000 ) ;
#5696 = VECTOR ( 'NONE', #2191, 1000.000000000000000 ) ;
#5697 = CLOSED_SHELL ( 'NONE', ( #4279, #995, #4000, #6419, #307 ) ) ;
#5698 = VECTOR ( 'NONE', #292, 1000.000000000000000 ) ;
#5699 = PLANE ( 'NONE',  #556 ) ;
#5700 = DIRECTION ( 'NONE',  ( 0.0000000000000000000, 0.0000000000000000000, 1.000000000000000000 ) ) ;
#5701 = MECHANICAL_DESIGN_GEOMETRIC_PRESENTATION_REPRESENTATION (  '', ( #5204 ), #3492 ) ;
#5702 = EDGE_CURVE ( 'NONE', #4458, #4062, #5804, .T. ) ;
#5703 = EDGE_CURVE ( 'NONE', #3289, #1432, #6611, .T. ) ;
#5704 = PRESENTATION_STYLE_ASSIGNMENT (( #2882 ) ) ;
#5705 = LINE ( 'NONE', #6107, #3515 ) ;
#5706 = CARTESIAN_POINT ( 'NONE',  ( 2.999999999999999100, 14.30000000000000200, 8.000000000000000000 ) ) ;
#5707 = CARTESIAN_POINT ( 'NONE',  ( 21.00000000000000400, 2.000000000000000000, 15.00000000000000200 ) ) ;
#5708 = ADVANCED_FACE ( 'NONE', ( #3120 ), #3593, .F. ) ;
#5709 = VERTEX_POINT ( 'NONE', #2593 ) ;
#5710 = DIRECTION ( 'NONE',  ( 0.0000000000000000000, 0.0000000000000000000, -1.000000000000000000 ) ) ;
#5711 = VECTOR ( 'NONE', #6382, 1000.000000000000000 ) ;
#5712 = EDGE_CURVE ( 'NONE', #4742, #5906, #4276, .T. ) ;
#5713 = ORIENTED_EDGE ( 'NONE', *, *, #710, .T. ) ;
#5714 = CARTESIAN_POINT ( 'NONE',  ( 0.0000000000000000000, 17.38786796564403800, -11.78786796564404900 ) ) ;
#5715 = DIRECTION ( 'NONE',  ( 0.0000000000000000000, 0.0000000000000000000, -1.000000000000000000 ) ) ;
#5716 = EDGE_LOOP ( 'NONE', ( #1565, #2079, #6717, #496 ) ) ;
#5717 = DIRECTION ( 'NONE',  ( -0.0000000000000000000, 1.000000000000000000, -0.0000000000000000000 ) ) ;
#5718 = DIRECTION ( 'NONE',  ( 0.0000000000000000000, -0.0000000000000000000, 1.000000000000000000 ) ) ;
#5719 = FACE_OUTER_BOUND ( 'NONE', #5167, .T. ) ;
#5720 = CARTESIAN_POINT ( 'NONE',  ( 0.0000000000000000000, 2.000000000000000000, 0.0000000000000000000 ) ) ;
#5721 = VERTEX_POINT ( 'NONE', #3736 ) ;
#5722 = CARTESIAN_POINT ( 'NONE',  ( -0.2000000000000028100, 14.30000000000003400, -0.7000000000000008400 ) ) ;
#5723 = FACE_OUTER_BOUND ( 'NONE', #3777, .T. ) ;
#5724 = EDGE_LOOP ( 'NONE', ( #3159, #4203, #6334, #3153 ) ) ;
#5725 = ORIENTED_EDGE ( 'NONE', *, *, #4880, .F. ) ;
#5726 = EDGE_CURVE ( 'NONE', #6744, #2994, #1555, .T. ) ;
#5727 = FACE_OUTER_BOUND ( 'NONE', #6688, .T. ) ;
#5728 = AXIS2_PLACEMENT_3D ( 'NONE', #5533, #3422, #5574 ) ;
#5729 = DIRECTION ( 'NONE',  ( 0.0000000000000000000, 0.0000000000000000000, 1.000000000000000000 ) ) ;
#5730 = DIRECTION ( 'NONE',  ( -0.0000000000000000000, 1.000000000000000000, -0.0000000000000000000 ) ) ;
#5731 = CIRCLE ( 'NONE', #2218, 0.2999999999999999300 ) ;
#5732 = DIRECTION ( 'NONE',  ( -0.0000000000000000000, -0.0000000000000000000, 1.000000000000000000 ) ) ;
#5733 = ORIENTED_EDGE ( 'NONE', *, *, #1739, .T. ) ;
#5734 = CIRCLE ( 'NONE', #3976, 1.249999999999999300 ) ;
#5735 = CIRCLE ( 'NONE', #4717, 1.249999999999999300 ) ;
#5736 = SURFACE_STYLE_USAGE ( .BOTH. , #4696 ) ;
#5737 = CARTESIAN_POINT ( 'NONE',  ( 19.40000000000000600, 14.30000000000000200, -0.0000000000000000000 ) ) ;
#5738 = AXIS2_PLACEMENT_3D ( 'NONE', #176, #2247, #4998 ) ;
#5739 = EDGE_CURVE ( 'NONE', #5512, #2319, #2954, .T. ) ;
#5740 = ADVANCED_FACE ( 'NONE', ( #2637 ), #641, .F. ) ;
#5741 = EDGE_LOOP ( 'NONE', ( #3987, #6319, #5549, #3156 ) ) ;
#5742 = FACE_OUTER_BOUND ( 'NONE', #6472, .T. ) ;
#5743 = CARTESIAN_POINT ( 'NONE',  ( -20.20000000000001400, 15.00000000000000200, -1.200000000000001100 ) ) ;
#5744 = DIRECTION ( 'NONE',  ( 0.0000000000000000000, 1.000000000000000000, -0.0000000000000000000 ) ) ;
#5745 = VERTEX_POINT ( 'NONE', #2731 ) ;
#5746 = FACE_OUTER_BOUND ( 'NONE', #2722, .T. ) ;
#5747 = AXIS2_PLACEMENT_3D ( 'NONE', #1125, #2147, #6896 ) ;
#5748 = ORIENTED_EDGE ( 'NONE', *, *, #4979, .F. ) ;
#5749 = EDGE_CURVE ( 'NONE', #5262, #4178, #3371, .T. ) ;
#5750 = ORIENTED_EDGE ( 'NONE', *, *, #2260, .F. ) ;
#5751 = VECTOR ( 'NONE', #2226, 1000.000000000000000 ) ;
#5752 = DIRECTION ( 'NONE',  ( 0.0000000000000000000, 1.000000000000000000, 0.0000000000000000000 ) ) ;
#5753 = DIRECTION ( 'NONE',  ( 0.0000000000000000000, 1.000000000000000000, -0.0000000000000000000 ) ) ;
#5754 = CARTESIAN_POINT ( 'NONE',  ( -4.799999999999997200, 14.30000000000000200, 12.00000000000000700 ) ) ;
#5755 = ORIENTED_EDGE ( 'NONE', *, *, #514, .T. ) ;
#5756 = ORIENTED_EDGE ( 'NONE', *, *, #3988, .F. ) ;
#5757 = ORIENTED_EDGE ( 'NONE', *, *, #6028, .T. ) ;
#5758 = FACE_OUTER_BOUND ( 'NONE', #2905, .T. ) ;
#5759 = FILL_AREA_STYLE ('',( #1959 ) ) ;
#5760 = CARTESIAN_POINT ( 'NONE',  ( 3.827207793864204200, 14.30000000000000200, -7.879898987322351700 ) ) ;
#5761 = EDGE_LOOP ( 'NONE', ( #3293, #3424, #1891, #219, #320 ) ) ;
#5762 = DIRECTION ( 'NONE',  ( 0.0000000000000000000, 1.000000000000000000, -0.0000000000000000000 ) ) ;
#5763 = ORIENTED_EDGE ( 'NONE', *, *, #468, .F. ) ;
#5764 = SURFACE_SIDE_STYLE ('',( #6414 ) ) ;
#5765 = DIRECTION ( 'NONE',  ( -0.7071067811865444600, 0.0000000000000000000, -0.7071067811865505700 ) ) ;
#5766 = CARTESIAN_POINT ( 'NONE',  ( 18.60000000000000100, 15.00000000000000200, 2.999999999999996900 ) ) ;
#5767 = EDGE_LOOP ( 'NONE', ( #333, #6794 ) ) ;
#5768 = B_SPLINE_CURVE_WITH_KNOTS ( 'NONE', 3,
 ( #4886, #4280, #738, #4442, #5982 ),
 .UNSPECIFIED., .F., .F.,
 ( 4, 1, 4 ),
 ( 0.0000000000000000000, 9.995510559795421000E-005, 0.0001999102111959084200 ),
 .UNSPECIFIED. ) ;
#5769 = MECHANICAL_DESIGN_GEOMETRIC_PRESENTATION_REPRESENTATION (  '', ( #4313 ), #6115 ) ;
#5770 = DIRECTION ( 'NONE',  ( 0.0000000000000000000, 1.000000000000000000, -0.0000000000000000000 ) ) ;
#5771 = CIRCLE ( 'NONE', #4596, 0.2999999999999981600 ) ;
#5772 = CARTESIAN_POINT ( 'NONE',  ( 6.300000000000001600, 14.90000000000000200, -1.700000000000002000 ) ) ;
#5773 = VECTOR ( 'NONE', #2822, 1000.000000000000000 ) ;
#5774 = CARTESIAN_POINT ( 'NONE',  ( 18.60000000000000100, 15.79983162191123800, 2.999999999999996900 ) ) ;
#5775 = ADVANCED_FACE ( 'NONE', ( #3023 ), #4423, .T. ) ;
#5776 =( NAMED_UNIT ( * ) SI_UNIT ( $, .STERADIAN. ) SOLID_ANGLE_UNIT ( ) );
#5777 = EDGE_LOOP ( 'NONE', ( #4784, #3220, #5554, #6780 ) ) ;
#5778 = LINE ( 'NONE', #2393, #3259 ) ;
#5779 = LINE ( 'NONE', #3056, #1859 ) ;
#5780 = EDGE_CURVE ( 'NONE', #6159, #6729, #5190, .T. ) ;
#5781 = LINE ( 'NONE', #816, #2189 ) ;
#5782 = DIRECTION ( 'NONE',  ( 0.0000000000000000000, 0.0000000000000000000, 1.000000000000000000 ) ) ;
#5783 = DIRECTION ( 'NONE',  ( -0.0000000000000000000, -1.000000000000000000, -0.0000000000000000000 ) ) ;
#5784 = COLOUR_RGB ( '',1.000000000000000000, 0.8117647058823529400, 0.5019607843137254800 ) ;
#5785 = CARTESIAN_POINT ( 'NONE',  ( 21.39999999999999900, 15.00000000000000200, 2.999999999999996900 ) ) ;
#5786 = DIRECTION ( 'NONE',  ( 0.0000000000000000000, 0.0000000000000000000, -1.000000000000000000 ) ) ;
#5787 = CARTESIAN_POINT ( 'NONE',  ( 5.287867965644041500, 14.60000000000000100, -5.287867965644066400 ) ) ;
#5788 = CARTESIAN_POINT ( 'NONE',  ( -20.99999999999999600, 2.000000000000000000, 15.00000000000000200 ) ) ;
#5789 = CARTESIAN_POINT ( 'NONE',  ( 23.00000000000000700, 0.0000000000000000000, 15.00000000000000200 ) ) ;
#5790 = EDGE_CURVE ( 'NONE', #6577, #5253, #190, .T. ) ;
#5791 = EDGE_CURVE ( 'NONE', #6327, #2009, #5942, .T. ) ;
#5792 = PLANE ( 'NONE',  #1613 ) ;
#5793 = ORIENTED_EDGE ( 'NONE', *, *, #241, .T. ) ;
#5794 = FACE_OUTER_BOUND ( 'NONE', #5817, .T. ) ;
#5795 = PLANE ( 'NONE',  #2964 ) ;
#5796 = EDGE_CURVE ( 'NONE', #1648, #6568, #6257, .T. ) ;
#5797 = ORIENTED_EDGE ( 'NONE', *, *, #3892, .T. ) ;
#5798 = LINE ( 'NONE', #4545, #2136 ) ;
#5799 = ORIENTED_EDGE ( 'NONE', *, *, #4239, .T. ) ;
#5800 = DIRECTION ( 'NONE',  ( 0.0000000000000000000, 0.7071067811865487900, -0.7071067811865463500 ) ) ;
#5801 = FILL_AREA_STYLE ('',( #6309 ) ) ;
#5802 = ORIENTED_EDGE ( 'NONE', *, *, #2302, .F. ) ;
#5803 = FILL_AREA_STYLE ('',( #1362 ) ) ;
#5804 = LINE ( 'NONE', #1040, #4361 ) ;
#5805 = VERTEX_POINT ( 'NONE', #819 ) ;
#5806 = ADVANCED_FACE ( 'NONE', ( #4064 ), #5551, .F. ) ;
#5807 = AXIS2_PLACEMENT_3D ( 'NONE', #4684, #5770, #1004 ) ;
#5808 = SHAPE_DEFINITION_REPRESENTATION ( #5090, #6399 ) ;
#5809 = DIRECTION ( 'NONE',  ( -1.000000000000000000, 0.0000000000000000000, 0.0000000000000000000 ) ) ;
#5810 = DIRECTION ( 'NONE',  ( 1.000000000000000000, 0.0000000000000000000, 0.0000000000000000000 ) ) ;
#5811 = ORIENTED_EDGE ( 'NONE', *, *, #6397, .F. ) ;
#5812 = DIRECTION ( 'NONE',  ( 0.0000000000000000000, 1.000000000000000000, -0.0000000000000000000 ) ) ;
#5813 = ORIENTED_EDGE ( 'NONE', *, *, #5208, .T. ) ;
#5814 = DIRECTION ( 'NONE',  ( 0.0000000000000000000, 1.000000000000000000, -0.0000000000000000000 ) ) ;
#5815 = MANIFOLD_SOLID_BREP ( 'Bolt 1', #3607 ) ;
#5816 = CIRCLE ( 'NONE', #2622, 2.000000000000003600 ) ;
#5817 = EDGE_LOOP ( 'NONE', ( #460, #4349, #3480, #2895 ) ) ;
#5818 = VERTEX_POINT ( 'NONE', #5013 ) ;
#5819 = CARTESIAN_POINT ( 'NONE',  ( 3.827207793864204200, 13.80000000000000100, -7.579898987322353700 ) ) ;
#5820 = CARTESIAN_POINT ( 'NONE',  ( -20.47727327003342500, 16.74417925739513200, 2.931937609404197800 ) ) ;
#5821 = PLANE ( 'NONE',  #1089 ) ;
#5822 = VECTOR ( 'NONE', #2437, 1000.000000000000000 ) ;
#5823 = VERTEX_POINT ( 'NONE', #2887 ) ;
#5824 = LINE ( 'NONE', #3605, #2075 ) ;
#5825 = CARTESIAN_POINT ( 'NONE',  ( 2.999999999999999100, 17.60000000000000100, 9.000000000000001800 ) ) ;
#5826 =( LENGTH_UNIT ( ) NAMED_UNIT ( * ) SI_UNIT ( .MILLI., .METRE. ) );
#5827 = ORIENTED_EDGE ( 'NONE', *, *, #2137, .F. ) ;
#5828 = FACE_OUTER_BOUND ( 'NONE', #3378, .T. ) ;
#5829 =( LENGTH_UNIT ( ) NAMED_UNIT ( * ) SI_UNIT ( .MILLI., .METRE. ) );
#5830 = EDGE_LOOP ( 'NONE', ( #6262, #4997, #462, #1917 ) ) ;
#5831 = EDGE_CURVE ( 'NONE', #3147, #5640, #2821, .T. ) ;
#5832 = EDGE_CURVE ( 'NONE', #5206, #4062, #6730, .T. ) ;
#5833 = DIRECTION ( 'NONE',  ( -0.0000000000000000000, -0.0000000000000000000, 1.000000000000000000 ) ) ;
#5834 = CARTESIAN_POINT ( 'NONE',  ( -23.00000000000000000, 90.11812087098393000, -15.00000000000000200 ) ) ;
#5835 = DIRECTION ( 'NONE',  ( 0.0000000000000000000, 0.0000000000000000000, 1.000000000000000000 ) ) ;
#5836 = DIRECTION ( 'NONE',  ( -0.0000000000000000000, -1.000000000000000000, -0.0000000000000000000 ) ) ;
#5837 = VERTEX_POINT ( 'NONE', #2443 ) ;
#5838 = EDGE_LOOP ( 'NONE', ( #1033, #4136, #5757, #1188 ) ) ;
#5839 = VECTOR ( 'NONE', #2276, 1000.000000000000200 ) ;
#5840 = CARTESIAN_POINT ( 'NONE',  ( -13.65000000000000000, 17.30000000000000100, -5.700000000000000200 ) ) ;
#5841 = EDGE_CURVE ( 'NONE', #290, #3623, #1906, .T. ) ;
#5842 = ORIENTED_EDGE ( 'NONE', *, *, #6361, .T. ) ;
#5843 = DIRECTION ( 'NONE',  ( -0.0000000000000000000, 1.000000000000000000, -0.0000000000000000000 ) ) ;
#5844 = CARTESIAN_POINT ( 'NONE',  ( 20.20000000000000600, 15.80000000000000400, 4.188035055056122500 ) ) ;
#5845 = CARTESIAN_POINT ( 'NONE',  ( -23.00000000000000000, 90.11812087098393000, 15.00000000000000200 ) ) ;
#5846 = VERTEX_POINT ( 'NONE', #412 ) ;
#5847 = DIRECTION ( 'NONE',  ( -1.000000000000000000, 7.446617848095556400E-015, 0.0000000000000000000 ) ) ;
#5848 = ORIENTED_EDGE ( 'NONE', *, *, #5780, .F. ) ;
#5849 = LINE ( 'NONE', #2083, #4400 ) ;
#5850 = ADVANCED_FACE ( 'NONE', ( #2080 ), #347, .T. ) ;
#5851 = DIRECTION ( 'NONE',  ( 0.0000000000000000000, 1.000000000000000000, 0.0000000000000000000 ) ) ;
#5852 = ORIENTED_EDGE ( 'NONE', *, *, #2020, .F. ) ;
#5853 = AXIS2_PLACEMENT_3D ( 'NONE', #769, #6687, #4029 ) ;
#5854 = DIRECTION ( 'NONE',  ( 1.000000000000000000, 0.0000000000000000000, 0.0000000000000000000 ) ) ;
#5855 = CARTESIAN_POINT ( 'NONE',  ( 19.80000000000000400, 15.79988766317532600, 4.197610971655544500 ) ) ;
#5856 = LINE ( 'NONE', #5218, #2681 ) ;
#5857 = LINE ( 'NONE', #4910, #4595 ) ;
#5858 = PLANE ( 'NONE',  #5333 ) ;
#5859 = CARTESIAN_POINT ( 'NONE',  ( 0.0000000000000000000, 0.0000000000000000000, 0.0000000000000000000 ) ) ;
#5860 = CARTESIAN_POINT ( 'NONE',  ( 20.00000000000000400, 14.60000000000000100, 2.799999999999997200 ) ) ;
#5861 = B_SPLINE_CURVE_WITH_KNOTS ( 'NONE', 3,
 ( #3283, #557, #5358, #87, #3262, #3240 ),
 .UNSPECIFIED., .F., .F.,
 ( 4, 2, 4 ),
 ( 0.006669247038319649200, 0.006869626649130353000, 0.007070006259941056700 ),
 .UNSPECIFIED. ) ;
#5862 = FACE_OUTER_BOUND ( 'NONE', #6333, .T. ) ;
#5863 = SURFACE_STYLE_FILL_AREA ( #5803 ) ;
#5864 = ORIENTED_EDGE ( 'NONE', *, *, #3320, .F. ) ;
#5865 = VECTOR ( 'NONE', #4970, 1000.000000000000000 ) ;
#5866 = CARTESIAN_POINT ( 'NONE',  ( 5.099999999999999600, 14.30000000000000200, -5.900000000000035000 ) ) ;
#5867 = CARTESIAN_POINT ( 'NONE',  ( 21.39999999999999900, 15.79983162191123800, 2.599999999999997000 ) ) ;
#5868 = SURFACE_STYLE_FILL_AREA ( #4267 ) ;
#5869 = DIRECTION ( 'NONE',  ( -0.0000000000000000000, -0.0000000000000000000, 1.000000000000000000 ) ) ;
#5870 = CIRCLE ( 'NONE', #4219, 0.2999999999999999300 ) ;
#5871 = AXIS2_PLACEMENT_3D ( 'NONE', #4264, #4757, #2711 ) ;
#5872 = EDGE_CURVE ( 'NONE', #2257, #6577, #6321, .T. ) ;
#5873 = EDGE_LOOP ( 'NONE', ( #3133, #1117 ) ) ;
#5874 = CARTESIAN_POINT ( 'NONE',  ( 0.0000000000000000000, 13.80000000000000100, -12.00000000000000700 ) ) ;
#5875 = LINE ( 'NONE', #530, #4691 ) ;
#5876 = ORIENTED_EDGE ( 'NONE', *, *, #2345, .T. ) ;
#5877 = ADVANCED_FACE ( 'NONE', ( #4915 ), #1408, .T. ) ;
#5878 = PLANE ( 'NONE',  #3817 ) ;
#5879 = DIRECTION ( 'NONE',  ( 0.0000000000000000000, -0.0000000000000000000, -1.000000000000000000 ) ) ;
#5880 = STYLED_ITEM ( 'NONE', ( #4216 ), #5990 ) ;
#5881 = VERTEX_POINT ( 'NONE', #6718 ) ;
#5882 = SURFACE_SIDE_STYLE ('',( #3439 ) ) ;
#5883 = DIRECTION ( 'NONE',  ( 0.0000000000000000000, 0.0000000000000000000, 1.000000000000000000 ) ) ;
#5884 = EDGE_CURVE ( 'NONE', #3623, #3946, #5500, .T. ) ;
#5885 = EDGE_CURVE ( 'NONE', #4645, #4993, #6641, .T. ) ;
#5886 = CARTESIAN_POINT ( 'NONE',  ( -8.199999999999999300, 12.09999999999999800, 1.250000000000000000 ) ) ;
#5887 = EDGE_LOOP ( 'NONE', ( #4445, #6007, #4690, #2335 ) ) ;
#5888 = CARTESIAN_POINT ( 'NONE',  ( -13.65000000000000000, 12.09999999999999800, -3.200000000000001500 ) ) ;
#5889 = CIRCLE ( 'NONE', #5066, 2.000000000000003100 ) ;
#5890 = CARTESIAN_POINT ( 'NONE',  ( 5.641421356237302100, 14.30000000000000200, -5.641421356237119200 ) ) ;
#5891 = ORIENTED_EDGE ( 'NONE', *, *, #11, .F. ) ;
#5892 = ORIENTED_EDGE ( 'NONE', *, *, #5386, .F. ) ;
#5893 = VECTOR ( 'NONE', #1735, 1000.000000000000000 ) ;
#5894 = FILL_AREA_STYLE ('',( #2750 ) ) ;
#5895 = FACE_OUTER_BOUND ( 'NONE', #3004, .T. ) ;
#5896 = CARTESIAN_POINT ( 'NONE',  ( 15.50000000000000200, 16.30000000000000100, -4.450000000000002000 ) ) ;
#5897 = PLANE ( 'NONE',  #4535 ) ;
#5898 = ORIENTED_EDGE ( 'NONE', *, *, #6368, .F. ) ;
#5899 = AXIS2_PLACEMENT_3D ( 'NONE', #1027, #5814, #5279 ) ;
#5900 = DIRECTION ( 'NONE',  ( 0.0000000000000000000, 0.0000000000000000000, -1.000000000000000000 ) ) ;
#5901 = LINE ( 'NONE', #5845, #1651 ) ;
#5902 = CARTESIAN_POINT ( 'NONE',  ( 14.20000000000000100, 16.30000000000000100, -4.450000000000002000 ) ) ;
#5903 = DIRECTION ( 'NONE',  ( 0.0000000000000000000, 1.000000000000000000, 0.0000000000000000000 ) ) ;
#5904 = B_SPLINE_CURVE_WITH_KNOTS ( 'NONE', 3,
 ( #1874, #2899, #4507, #2411, #3916 ),
 .UNSPECIFIED., .F., .F.,
 ( 4, 1, 4 ),
 ( 0.002935749199989609600, 0.002942926685564918000, 0.002950104171140226400 ),
 .UNSPECIFIED. ) ;
#5905 = CARTESIAN_POINT ( 'NONE',  ( 22.50000000000000000, 11.69999999999999900, -14.50000000000000000 ) ) ;
#5906 = VERTEX_POINT ( 'NONE', #6240 ) ;
#5907 = VECTOR ( 'NONE', #3453, 1000.000000000000000 ) ;
#5908 = ORIENTED_EDGE ( 'NONE', *, *, #5872, .F. ) ;
#5909 = PRESENTATION_STYLE_ASSIGNMENT (( #5141 ) ) ;
#5910 = DIRECTION ( 'NONE',  ( -0.0000000000000000000, 0.0000000000000000000, 1.000000000000000000 ) ) ;
#5911 = DIRECTION ( 'NONE',  ( -1.236370898448382100E-016, 0.0000000000000000000, -1.000000000000000000 ) ) ;
#5912 = AXIS2_PLACEMENT_3D ( 'NONE', #5760, #2945, #970 ) ;
#5913 = ADVANCED_FACE ( 'NONE', ( #2238 ), #4647, .F. ) ;
#5914 = CARTESIAN_POINT ( 'NONE',  ( 6.300000000000001600, 17.69999999999999900, -1.700000000000002000 ) ) ;
#5915 = EDGE_CURVE ( 'NONE', #3993, #6366, #4554, .T. ) ;
#5916 = ORIENTED_EDGE ( 'NONE', *, *, #1597, .T. ) ;
#5917 = CIRCLE ( 'NONE', #979, 0.2999999999999999300 ) ;
#5918 = ORIENTED_EDGE ( 'NONE', *, *, #6880, .T. ) ;
#5919 =( GEOMETRIC_REPRESENTATION_CONTEXT ( 3 ) GLOBAL_UNCERTAINTY_ASSIGNED_CONTEXT ( ( #4207 ) ) GLOBAL_UNIT_ASSIGNED_CONTEXT ( ( #958, #4617, #1973 ) ) REPRESENTATION_CONTEXT ( 'NONE', 'WORKASPACE' ) );
#5920 = VERTEX_POINT ( 'NONE', #2028 ) ;
#5921 = CARTESIAN_POINT ( 'NONE',  ( 22.50000000000000000, 14.30000000000000200, -14.50000000000000000 ) ) ;
#5922 = EDGE_LOOP ( 'NONE', ( #4999, #6428, #6797, #1841 ) ) ;
#5923 = EDGE_CURVE ( 'NONE', #6742, #4151, #5667, .T. ) ;
#5924 = EDGE_CURVE ( 'NONE', #6268, #2582, #671, .T. ) ;
#5925 = EDGE_LOOP ( 'NONE', ( #6008, #1822, #2846, #6412 ) ) ;
#5926 = CYLINDRICAL_SURFACE ( 'NONE', #1143, 1.250000000000000200 ) ;
#5927 = DIRECTION ( 'NONE',  ( 0.0000000000000000000, 1.000000000000000000, -0.0000000000000000000 ) ) ;
#5928 = CARTESIAN_POINT ( 'NONE',  ( 5.287867965644041500, 14.30000000000000200, -5.287867965644066400 ) ) ;
#5929 = CARTESIAN_POINT ( 'NONE',  ( -20.20000000000000600, 15.79983162191122800, 0.3999999999999990800 ) ) ;
#5930 = CARTESIAN_POINT ( 'NONE',  ( 19.80000000000000100, 15.00000000000000200, 1.399999999999996800 ) ) ;
#5931 = ORIENTED_EDGE ( 'NONE', *, *, #3846, .F. ) ;
#5932 = ORIENTED_EDGE ( 'NONE', *, *, #6855, .T. ) ;
#5933 = PLANE ( 'NONE',  #3735 ) ;
#5934 = VECTOR ( 'NONE', #207, 1000.000000000000000 ) ;
#5935 = EDGE_CURVE ( 'NONE', #4273, #1831, #5917, .T. ) ;
#5936 = AXIS2_PLACEMENT_3D ( 'NONE', #2139, #3119, #3604 ) ;
#5937 = CARTESIAN_POINT ( 'NONE',  ( 11.30000000000000100, 16.30000000000000100, -4.150000000000002100 ) ) ;
#5938 = PLANE ( 'NONE',  #6725 ) ;
#5939 = ORIENTED_EDGE ( 'NONE', *, *, #2664, .F. ) ;
#5940 = DIRECTION ( 'NONE',  ( -1.000000000000000000, 0.0000000000000000000, 0.0000000000000000000 ) ) ;
#5941 = CARTESIAN_POINT ( 'NONE',  ( -19.80000000000001100, 15.00000000000000200, -1.200000000000001100 ) ) ;
#5942 = LINE ( 'NONE', #752, #5444 ) ;
#5943 = DIRECTION ( 'NONE',  ( 0.6966437450907566600, 0.6502008287513727500, 0.3031936257854919200 ) ) ;
#5944 = LINE ( 'NONE', #5240, #2851 ) ;
#5945 = DIRECTION ( 'NONE',  ( 0.0000000000000000000, 1.000000000000000000, -0.0000000000000000000 ) ) ;
#5946 = AXIS2_PLACEMENT_3D ( 'NONE', #4407, #299, #144 ) ;
#5947 = ORIENTED_EDGE ( 'NONE', *, *, #4612, .F. ) ;
#5948 = VECTOR ( 'NONE', #1743, 1000.000000000000000 ) ;
#5949 = ADVANCED_FACE ( 'NONE', ( #4304, #6000, #4051, #5828 ), #4794, .T. ) ;
#5950 = DIRECTION ( 'NONE',  ( -1.000000000000000000, 0.0000000000000000000, 0.0000000000000000000 ) ) ;
#5951 = CARTESIAN_POINT ( 'NONE',  ( 11.00000000000000200, 16.30000000000000100, -4.150000000000002100 ) ) ;
#5952 = CARTESIAN_POINT ( 'NONE',  ( -20.00000000000000400, 15.80000000000000100, 0.3999999999999990800 ) ) ;
#5953 = DIRECTION ( 'NONE',  ( 2.312964634635743000E-016, 0.0000000000000000000, 1.000000000000000000 ) ) ;
#5954 = AXIS2_PLACEMENT_3D ( 'NONE', #5642, #5621, #273 ) ;
#5955 = DIRECTION ( 'NONE',  ( 0.0000000000000000000, 0.0000000000000000000, 1.000000000000000000 ) ) ;
#5956 = FACE_OUTER_BOUND ( 'NONE', #331, .T. ) ;
#5957 = CIRCLE ( 'NONE', #5415, 4.500000000000006200 ) ;
#5958 =( LENGTH_UNIT ( ) NAMED_UNIT ( * ) SI_UNIT ( .MILLI., .METRE. ) );
#5959 = DIRECTION ( 'NONE',  ( -0.0000000000000000000, -0.0000000000000000000, -1.000000000000000000 ) ) ;
#5960 = EDGE_LOOP ( 'NONE', ( #2586, #6888, #3106, #5684 ) ) ;
#5961 = AXIS2_PLACEMENT_3D ( 'NONE', #2653, #4236, #1075 ) ;
#5962 = EDGE_CURVE ( 'NONE', #4505, #720, #1175, .T. ) ;
#5963 = CARTESIAN_POINT ( 'NONE',  ( 12.57170480451953100, 24.12270982520810100, 5.053026106080007900 ) ) ;
#5964 = VERTEX_POINT ( 'NONE', #6285 ) ;
#5965 = CARTESIAN_POINT ( 'NONE',  ( -19.88175104581392100, 17.30000000000000100, 3.189452598767569900 ) ) ;
#5966 = VECTOR ( 'NONE', #1308, 1000.000000000000000 ) ;
#5967 = ORIENTED_EDGE ( 'NONE', *, *, #6017, .T. ) ;
#5968 = CARTESIAN_POINT ( 'NONE',  ( 15.80000000000000100, 16.30000000000000100, -4.150000000000002100 ) ) ;
#5969 = DIRECTION ( 'NONE',  ( 0.0000000000000000000, 1.000000000000000000, -0.0000000000000000000 ) ) ;
#5970 = CARTESIAN_POINT ( 'NONE',  ( -19.80000000000001100, 15.79988783888574800, -2.397603481153997700 ) ) ;
#5971 = EDGE_CURVE ( 'NONE', #5654, #5253, #1748, .T. ) ;
#5972 = ORIENTED_EDGE ( 'NONE', *, *, #2758, .T. ) ;
#5973 = CIRCLE ( 'NONE', #1632, 1.999999999999996700 ) ;
#5974 = DIRECTION ( 'NONE',  ( -0.0000000000000000000, 0.0000000000000000000, 1.000000000000000000 ) ) ;
#5975 = ORIENTED_EDGE ( 'NONE', *, *, #3183, .F. ) ;
#5976 = ORIENTED_EDGE ( 'NONE', *, *, #3059, .T. ) ;
#5977 = DIRECTION ( 'NONE',  ( 0.0000000000000000000, 0.0000000000000000000, -1.000000000000000000 ) ) ;
#5978 = ORIENTED_EDGE ( 'NONE', *, *, #22, .T. ) ;
#5979 = CARTESIAN_POINT ( 'NONE',  ( 22.70000000000000600, 90.11812087098393000, 14.70000000000000100 ) ) ;
#5980 = ADVANCED_FACE ( 'NONE', ( #2490 ), #1077, .T. ) ;
#5981 = LINE ( 'NONE', #5134, #990 ) ;
#5982 = CARTESIAN_POINT ( 'NONE',  ( 19.80000000000000100, 15.79983162191123800, 1.399999999999996800 ) ) ;
#5983 =( GEOMETRIC_REPRESENTATION_CONTEXT ( 3 ) GLOBAL_UNCERTAINTY_ASSIGNED_CONTEXT ( ( #5171 ) ) GLOBAL_UNIT_ASSIGNED_CONTEXT ( ( #180, #6592, #811 ) ) REPRESENTATION_CONTEXT ( 'NONE', 'WORKASPACE' ) );
#5984 = LINE ( 'NONE', #2267, #3386 ) ;
#5985 = ORIENTED_EDGE ( 'NONE', *, *, #6524, .T. ) ;
#5986 = EDGE_LOOP ( 'NONE', ( #1958, #3649, #1989 ) ) ;
#5987 = DIRECTION ( 'NONE',  ( 0.0000000000000000000, 1.000000000000000000, 0.0000000000000000000 ) ) ;
#5988 = PLANE ( 'NONE',  #6088 ) ;
#5989 = EDGE_LOOP ( 'NONE', ( #1967, #3490, #2074, #2350, #2417 ) ) ;
#5990 = MANIFOLD_SOLID_BREP ( 'Shield', #756 ) ;
#5991 = FACE_OUTER_BOUND ( 'NONE', #1705, .T. ) ;
#5992 = CARTESIAN_POINT ( 'NONE',  ( -20.00000000000000400, 15.80000000000000100, -2.400000000000001200 ) ) ;
#5993 = ORIENTED_EDGE ( 'NONE', *, *, #2522, .F. ) ;
#5994 = CIRCLE ( 'NONE', #3315, 1.249999999999999300 ) ;
#5995 =( GEOMETRIC_REPRESENTATION_CONTEXT ( 3 ) GLOBAL_UNCERTAINTY_ASSIGNED_CONTEXT ( ( #1255 ) ) GLOBAL_UNIT_ASSIGNED_CONTEXT ( ( #6456, #2164, #6389 ) ) REPRESENTATION_CONTEXT ( 'NONE', 'WORKASPACE' ) );
#5996 = CARTESIAN_POINT ( 'NONE',  ( 4.800000000000000700, 14.30000000000000200, -5.775735931288104500 ) ) ;
#5997 = CARTESIAN_POINT ( 'NONE',  ( -0.7999999999999973800, 14.05000000000000200, -14.50000000000000000 ) ) ;
#5998 = PLANE ( 'NONE',  #1152 ) ;
#5999 = ORIENTED_EDGE ( 'NONE', *, *, #1877, .T. ) ;
#6000 = FACE_BOUND ( 'NONE', #3634, .T. ) ;
#6001 = ORIENTED_EDGE ( 'NONE', *, *, #4199, .T. ) ;
#6002 = LINE ( 'NONE', #3415, #1576 ) ;
#6003 = CARTESIAN_POINT ( 'NONE',  ( -19.99999999999999600, 13.60000000000000300, 12.00000000000000700 ) ) ;
#6004 = ORIENTED_EDGE ( 'NONE', *, *, #1325, .F. ) ;
#6005 = VERTEX_POINT ( 'NONE', #4285 ) ;
#6006 = EDGE_CURVE ( 'NONE', #6608, #349, #1006, .T. ) ;
#6007 = ORIENTED_EDGE ( 'NONE', *, *, #6533, .F. ) ;
#6008 = ORIENTED_EDGE ( 'NONE', *, *, #6524, .F. ) ;
#6009 = ORIENTED_EDGE ( 'NONE', *, *, #277, .T. ) ;
#6010 = VECTOR ( 'NONE', #166, 1000.000000000000000 ) ;
#6011 = CARTESIAN_POINT ( 'NONE',  ( 19.80000000000000400, 0.2000000000000000100, 14.50000000000000000 ) ) ;
#6012 = CARTESIAN_POINT ( 'NONE',  ( -19.80000000000000800, 15.79983162191123800, 0.3999999999999990800 ) ) ;
#6013 = AXIS2_PLACEMENT_3D ( 'NONE', #5026, #5006, #6593 ) ;
#6014 = DIRECTION ( 'NONE',  ( 0.0000000000000000000, 0.0000000000000000000, -1.000000000000000000 ) ) ;
#6015 = EDGE_CURVE ( 'NONE', #2275, #5262, #2402, .T. ) ;
#6016 = ORIENTED_EDGE ( 'NONE', *, *, #5115, .T. ) ;
#6017 = EDGE_CURVE ( 'NONE', #2161, #5920, #6237, .T. ) ;
#6018 = ADVANCED_FACE ( 'NONE', ( #1251 ), #4868, .F. ) ;
#6019 = ORIENTED_EDGE ( 'NONE', *, *, #5123, .F. ) ;
#6020 = VECTOR ( 'NONE', #3553, 1000.000000000000000 ) ;
#6021 = CARTESIAN_POINT ( 'NONE',  ( -20.20000000000000300, 15.79988770240010300, -2.397609299511075600 ) ) ;
#6022 = CARTESIAN_POINT ( 'NONE',  ( 8.100000000000001400, 16.30000000000000100, -4.150000000000002100 ) ) ;
#6023 = FACE_OUTER_BOUND ( 'NONE', #4153, .T. ) ;
#6024 = SURFACE_SIDE_STYLE ('',( #2197 ) ) ;
#6025 = CYLINDRICAL_SURFACE ( 'NONE', #362, 0.2999999999999999300 ) ;
#6026 = ORIENTED_EDGE ( 'NONE', *, *, #5529, .F. ) ;
#6027 = VECTOR ( 'NONE', #3510, 1000.000000000000100 ) ;
#6028 = EDGE_CURVE ( 'NONE', #5432, #6749, #662, .T. ) ;
#6029 = STYLED_ITEM ( 'NONE', ( #5308 ), #6908 ) ;
#6030 = DIRECTION ( 'NONE',  ( 0.0000000000000000000, 1.000000000000000000, 0.0000000000000000000 ) ) ;
#6031 = CARTESIAN_POINT ( 'NONE',  ( -0.1999999999999953200, -12.72792206135785700, 3.799999999999998500 ) ) ;
#6032 = LINE ( 'NONE', #996, #3584 ) ;
#6033 = PRESENTATION_STYLE_ASSIGNMENT (( #5221 ) ) ;
#6034 = ORIENTED_EDGE ( 'NONE', *, *, #2557, .T. ) ;
#6035 = SURFACE_SIDE_STYLE ('',( #4820 ) ) ;
#6036 = AXIS2_PLACEMENT_3D ( 'NONE', #5675, #6199, #1424 ) ;
#6037 = DIRECTION ( 'NONE',  ( 0.0000000000000000000, 1.000000000000000000, -0.0000000000000000000 ) ) ;
#6038 = CARTESIAN_POINT ( 'NONE',  ( 9.100000000000001400, 16.30000000000000100, -4.450000000000002000 ) ) ;
#6039 = CARTESIAN_POINT ( 'NONE',  ( 20.19999999999999600, 15.80000000000000100, 1.411969410838039400 ) ) ;
#6040 = ORIENTED_EDGE ( 'NONE', *, *, #5070, .T. ) ;
#6041 = DIRECTION ( 'NONE',  ( 0.0000000000000000000, 0.0000000000000000000, -1.000000000000000000 ) ) ;
#6042 = FACE_OUTER_BOUND ( 'NONE', #5037, .T. ) ;
#6043 = EDGE_LOOP ( 'NONE', ( #984, #1047, #4105, #56 ) ) ;
#6044 = AXIS2_PLACEMENT_3D ( 'NONE', #236, #5495, #2287 ) ;
#6045 = PLANE ( 'NONE',  #6160 ) ;
#6046 = CARTESIAN_POINT ( 'NONE',  ( -20.00000000000000400, 15.20000000000000100, -1.000000000000000900 ) ) ;
#6047 = ORIENTED_EDGE ( 'NONE', *, *, #3494, .F. ) ;
#6048 = DIRECTION ( 'NONE',  ( 0.0000000000000000000, 1.000000000000000000, 0.0000000000000000000 ) ) ;
#6049 = FACE_BOUND ( 'NONE', #3568, .T. ) ;
#6050 = ADVANCED_FACE ( 'NONE', ( #3799 ), #6480, .F. ) ;
#6051 = AXIS2_PLACEMENT_3D ( 'NONE', #4106, #5744, #3031 ) ;
#6052 = CLOSED_SHELL ( 'NONE', ( #4490, #1755, #1510, #5212, #5949, #3968, #704, #5099, #1367, #4675, #4102, #3683, #2231, #1612, #4788, #1963, #270, #5592, #2110, #5247, #5391, #1579, #3761, #1825, #6050, #4381, #851, #1129, #3478, #5708, #3384, #3418, #5239, #5179, #1649, #4417, #1469, #3587, #608, #6904, #2864, #3126, #4755, #2894, #3271, #240, #5462, #3447, #1819, #5806, #4602, #3205, #6657 ) ) ;
#6053 = VECTOR ( 'NONE', #4723, 1000.000000000000000 ) ;
#6054 = EDGE_CURVE ( 'NONE', #610, #4876, #2739, .T. ) ;
#6055 = EDGE_CURVE ( 'NONE', #1812, #670, #1988, .T. ) ;
#6056 = ORIENTED_EDGE ( 'NONE', *, *, #23, .F. ) ;
#6057 = DIRECTION ( 'NONE',  ( -1.000000000000000000, 0.0000000000000000000, 1.236370898448382100E-016 ) ) ;
#6058 = CARTESIAN_POINT ( 'NONE',  ( -19.79530452489198600, 17.38068341952714100, 0.0000000000000000000 ) ) ;
#6059 = ORIENTED_EDGE ( 'NONE', *, *, #2130, .T. ) ;
#6060 = LINE ( 'NONE', #3114, #6134 ) ;
#6061 = CARTESIAN_POINT ( 'NONE',  ( 22.50000000000000000, 14.30000000000000200, -14.50000000000000000 ) ) ;
#6062 = VECTOR ( 'NONE', #629, 1000.000000000000000 ) ;
#6063 = EDGE_CURVE ( 'NONE', #5311, #4836, #6149, .T. ) ;
#6064 = ORIENTED_EDGE ( 'NONE', *, *, #5386, .T. ) ;
#6065 = ORIENTED_EDGE ( 'NONE', *, *, #6668, .T. ) ;
#6066 = CARTESIAN_POINT ( 'NONE',  ( -20.19999999999999600, 0.2000000000000000100, 14.50000000000000000 ) ) ;
#6067 = VERTEX_POINT ( 'NONE', #4330 ) ;
#6068 = CYLINDRICAL_SURFACE ( 'NONE', #4149, 4.000000000000000000 ) ;
#6069 = CARTESIAN_POINT ( 'NONE',  ( -22.69999999999999900, 14.30000000000000800, -15.00000000000000200 ) ) ;
#6070 = DIRECTION ( 'NONE',  ( -1.000000000000000000, 0.0000000000000000000, 0.0000000000000000000 ) ) ;
#6071 = ORIENTED_EDGE ( 'NONE', *, *, #2531, .T. ) ;
#6072 = ORIENTED_EDGE ( 'NONE', *, *, #1447, .F. ) ;
#6073 = LINE ( 'NONE', #4009, #912 ) ;
#6074 = CARTESIAN_POINT ( 'NONE',  ( -0.7999999999999953800, 14.05000000000000200, 1.076506368614988700E-016 ) ) ;
#6075 = DIRECTION ( 'NONE',  ( 0.0000000000000000000, -0.0000000000000000000, -1.000000000000000000 ) ) ;
#6076 = ORIENTED_EDGE ( 'NONE', *, *, #4705, .T. ) ;
#6077 = ORIENTED_EDGE ( 'NONE', *, *, #285, .F. ) ;
#6078 = VECTOR ( 'NONE', #6439, 1000.000000000000000 ) ;
#6079 = ADVANCED_FACE ( 'NONE', ( #5742 ), #66, .T. ) ;
#6080 = MECHANICAL_DESIGN_GEOMETRIC_PRESENTATION_REPRESENTATION (  '', ( #3827 ), #6425 ) ;
#6081 = DIRECTION ( 'NONE',  ( -1.000000000000000000, 0.0000000000000000000, 1.141265444721583800E-016 ) ) ;
#6082 = DIRECTION ( 'NONE',  ( 1.000000000000000000, 0.0000000000000000000, 3.893042978237944500E-017 ) ) ;
#6083 = EDGE_LOOP ( 'NONE', ( #6105, #4320, #5725, #5390 ) ) ;
#6084 = VERTEX_POINT ( 'NONE', #3367 ) ;
#6085 = ORIENTED_EDGE ( 'NONE', *, *, #3503, .T. ) ;
#6086 = SURFACE_STYLE_FILL_AREA ( #3176 ) ;
#6087 = CARTESIAN_POINT ( 'NONE',  ( 17.30000000000000100, 17.69999999999999900, -5.700000000000002000 ) ) ;
#6088 = AXIS2_PLACEMENT_3D ( 'NONE', #3266, #3347, #5437 ) ;
#6089 = VERTEX_POINT ( 'NONE', #6526 ) ;
#6090 = DIRECTION ( 'NONE',  ( 1.000000000000000000, 0.0000000000000000000, 0.0000000000000000000 ) ) ;
#6091 = VERTEX_POINT ( 'NONE', #2843 ) ;
#6092 = EDGE_CURVE ( 'NONE', #3993, #482, #5067, .T. ) ;
#6093 = PRODUCT_DEFINITION_CONTEXT ( 'detailed design', #6358, 'design' ) ;
#6094 = ORIENTED_EDGE ( 'NONE', *, *, #1113, .T. ) ;
#6095 = VECTOR ( 'NONE', #6792, 1000.000000000000000 ) ;
#6096 = ORIENTED_EDGE ( 'NONE', *, *, #6567, .T. ) ;
#6097 = DIRECTION ( 'NONE',  ( 0.0000000000000000000, 1.000000000000000000, 0.0000000000000000000 ) ) ;
#6098 = CARTESIAN_POINT ( 'NONE',  ( -20.00000000000000400, 15.80000000000000100, -1.000000000000000900 ) ) ;
#6099 = CARTESIAN_POINT ( 'NONE',  ( -13.65000000000000000, 12.09999999999999800, -5.700000000000000200 ) ) ;
#6100 = LINE ( 'NONE', #6155, #1848 ) ;
#6101 = AXIS2_PLACEMENT_3D ( 'NONE', #5072, #5546, #2941 ) ;
#6102 = EDGE_CURVE ( 'NONE', #2632, #484, #3555, .T. ) ;
#6103 = FILL_AREA_STYLE ('',( #3374 ) ) ;
#6104 = FACE_OUTER_BOUND ( 'NONE', #5336, .T. ) ;
#6105 = ORIENTED_EDGE ( 'NONE', *, *, #200, .T. ) ;
#6106 = FACE_OUTER_BOUND ( 'NONE', #661, .T. ) ;
#6107 = CARTESIAN_POINT ( 'NONE',  ( -23.00000000000000000, 17.60000000000000100, -5.000000000000001800 ) ) ;
#6108 = UNCERTAINTY_MEASURE_WITH_UNIT (LENGTH_MEASURE( 1.000000000000000100E-005 ), #789, 'distance_accuracy_value', 'NONE');
#6109 = PRESENTATION_LAYER_ASSIGNMENT (  '', '', ( #5265 ) ) ;
#6110 = ADVANCED_FACE ( 'NONE', ( #5991 ), #2789, .F. ) ;
#6111 = FACE_OUTER_BOUND ( 'NONE', #4844, .T. ) ;
#6112 = CARTESIAN_POINT ( 'NONE',  ( 14.20000000000000100, 16.30000000000000100, -4.150000000000002100 ) ) ;
#6113 = VECTOR ( 'NONE', #3743, 1000.000000000000000 ) ;
#6114 = DIRECTION ( 'NONE',  ( 0.0000000000000000000, 1.000000000000000000, -0.0000000000000000000 ) ) ;
#6115 =( GEOMETRIC_REPRESENTATION_CONTEXT ( 3 ) GLOBAL_UNCERTAINTY_ASSIGNED_CONTEXT ( ( #2781 ) ) GLOBAL_UNIT_ASSIGNED_CONTEXT ( ( #3831, #4388, #5491 ) ) REPRESENTATION_CONTEXT ( 'NONE', 'WORKASPACE' ) );
#6116 = DIRECTION ( 'NONE',  ( 0.0000000000000000000, 0.0000000000000000000, -1.000000000000000000 ) ) ;
#6117 = ADVANCED_FACE ( 'NONE', ( #2564 ), #4893, .T. ) ;
#6118 = ORIENTED_EDGE ( 'NONE', *, *, #3493, .T. ) ;
#6119 = CARTESIAN_POINT ( 'NONE',  ( -13.65000000000000000, 17.60000000000000100, -4.450000000000001100 ) ) ;
#6120 = CIRCLE ( 'NONE', #2938, 4.500000000000000000 ) ;
#6121 = DIRECTION ( 'NONE',  ( -0.0000000000000000000, 1.000000000000000000, -0.0000000000000000000 ) ) ;
#6122 = CARTESIAN_POINT ( 'NONE',  ( 22.50000000000000000, 14.30000000000000200, -14.50000000000000000 ) ) ;
#6123 = ORIENTED_EDGE ( 'NONE', *, *, #5971, .F. ) ;
#6124 = DIRECTION ( 'NONE',  ( 0.0000000000000000000, 0.0000000000000000000, -1.000000000000000000 ) ) ;
#6125 = LINE ( 'NONE', #1630, #1872 ) ;
#6126 = CARTESIAN_POINT ( 'NONE',  ( -18.61435935394489900, 15.80000000000000100, -0.8000000000000008200 ) ) ;
#6127 = ORIENTED_EDGE ( 'NONE', *, *, #3533, .T. ) ;
#6128 = EDGE_CURVE ( 'NONE', #1317, #1896, #311, .T. ) ;
#6129 = CARTESIAN_POINT ( 'NONE',  ( -19.80000000000001100, 15.00000000000000200, -0.8000000000000008200 ) ) ;
#6130 = DIRECTION ( 'NONE',  ( -1.000000000000000000, 0.0000000000000000000, 0.0000000000000000000 ) ) ;
#6131 = CARTESIAN_POINT ( 'NONE',  ( 20.00000000000000400, 14.60000000000000100, 2.799999999999997200 ) ) ;
#6132 = ORIENTED_EDGE ( 'NONE', *, *, #6710, .F. ) ;
#6133 = CARTESIAN_POINT ( 'NONE',  ( -21.40000000000000600, 15.00000000000000200, -0.8000000000000008200 ) ) ;
#6134 = VECTOR ( 'NONE', #2687, 1000.000000000000100 ) ;
#6135 = VERTEX_POINT ( 'NONE', #5523 ) ;
#6136 = VECTOR ( 'NONE', #4084, 1000.000000000000000 ) ;
#6137 = AXIS2_PLACEMENT_3D ( 'NONE', #4555, #4527, #1868 ) ;
#6138 = EDGE_LOOP ( 'NONE', ( #326, #1165, #5748, #6623 ) ) ;
#6139 = EDGE_CURVE ( 'NONE', #378, #4031, #6471, .T. ) ;
#6140 = ORIENTED_EDGE ( 'NONE', *, *, #4806, .T. ) ;
#6141 = EDGE_CURVE ( 'NONE', #2752, #1840, #581, .T. ) ;
#6142 = PLANE ( 'NONE',  #4158 ) ;
#6143 = CARTESIAN_POINT ( 'NONE',  ( -18.61435935394489900, 15.80000000000000100, -1.200000000000001100 ) ) ;
#6144 = DIRECTION ( 'NONE',  ( -1.000000000000000000, 0.0000000000000000000, 0.0000000000000000000 ) ) ;
#6145 = LINE ( 'NONE', #5888, #4454 ) ;
#6146 = ADVANCED_FACE ( 'NONE', ( #3718 ), #6392, .T. ) ;
#6147 = EDGE_LOOP ( 'NONE', ( #4317, #4325, #4353, #5657 ) ) ;
#6148 = EDGE_CURVE ( 'NONE', #681, #2124, #3139, .T. ) ;
#6149 = LINE ( 'NONE', #634, #1740 ) ;
#6150 = CARTESIAN_POINT ( 'NONE',  ( -20.00000000000000400, 14.60000000000000100, 1.000000000000002200 ) ) ;
#6151 = ORIENTED_EDGE ( 'NONE', *, *, #3759, .F. ) ;
#6152 = LINE ( 'NONE', #4738, #5414 ) ;
#6153 = AXIS2_PLACEMENT_3D ( 'NONE', #1526, #5248, #5700 ) ;
#6154 = ADVANCED_FACE ( 'NONE', ( #3962 ), #2364, .T. ) ;
#6155 = CARTESIAN_POINT ( 'NONE',  ( -20.20000000000000600, 15.00000000000000200, -2.400000000000001200 ) ) ;
#6156 = CARTESIAN_POINT ( 'NONE',  ( 19.80000000000000100, 15.79983162191123800, 1.399999999999996800 ) ) ;
#6157 = VERTEX_POINT ( 'NONE', #3389 ) ;
#6158 = DIRECTION ( 'NONE',  ( 0.0000000000000000000, 0.0000000000000000000, 1.000000000000000000 ) ) ;
#6159 = VERTEX_POINT ( 'NONE', #5613 ) ;
#6160 = AXIS2_PLACEMENT_3D ( 'NONE', #3906, #3002, #870 ) ;
#6161 = CARTESIAN_POINT ( 'NONE',  ( -19.99999999999998900, 17.60000000000000100, 12.00000000000001200 ) ) ;
#6162 = ORIENTED_EDGE ( 'NONE', *, *, #1864, .T. ) ;
#6163 = ORIENTED_EDGE ( 'NONE', *, *, #3182, .T. ) ;
#6164 = DIRECTION ( 'NONE',  ( 0.0000000000000000000, -0.0000000000000000000, 1.000000000000000000 ) ) ;
#6165 = DIRECTION ( 'NONE',  ( 0.0000000000000000000, -0.0000000000000000000, -1.000000000000000000 ) ) ;
#6166 = ORIENTED_EDGE ( 'NONE', *, *, #6525, .T. ) ;
#6167 = VERTEX_POINT ( 'NONE', #2963 ) ;
#6168 = AXIS2_PLACEMENT_3D ( 'NONE', #4540, #2420, #4515 ) ;
#6169 = ORIENTED_EDGE ( 'NONE', *, *, #4841, .T. ) ;
#6170 = LINE ( 'NONE', #4875, #5092 ) ;
#6171 = DIRECTION ( 'NONE',  ( 1.000000000000000000, 0.0000000000000000000, 0.0000000000000000000 ) ) ;
#6172 = PLANE ( 'NONE',  #5946 ) ;
#6173 = CARTESIAN_POINT ( 'NONE',  ( -22.50000000000000000, 11.69999999999999900, 14.50000000000000000 ) ) ;
#6174 = ORIENTED_EDGE ( 'NONE', *, *, #4241, .F. ) ;
#6175 = PLANE ( 'NONE',  #547 ) ;
#6176 = FACE_OUTER_BOUND ( 'NONE', #4295, .T. ) ;
#6177 = DIRECTION ( 'NONE',  ( -1.156482317317873100E-015, 0.0000000000000000000, 1.000000000000000000 ) ) ;
#6178 = CARTESIAN_POINT ( 'NONE',  ( -21.40000000000000600, 15.00000000000000200, -0.8000000000000008200 ) ) ;
#6179 = STYLED_ITEM ( 'NONE', ( #6395 ), #4279 ) ;
#6180 = DIRECTION ( 'NONE',  ( -0.0000000000000000000, -1.000000000000000000, -0.0000000000000000000 ) ) ;
#6181 =( NAMED_UNIT ( * ) SI_UNIT ( $, .STERADIAN. ) SOLID_ANGLE_UNIT ( ) );
#6182 = ADVANCED_FACE ( 'NONE', ( #3396 ), #6142, .F. ) ;
#6183 = EDGE_CURVE ( 'NONE', #6084, #670, #488, .T. ) ;
#6184 = CYLINDRICAL_SURFACE ( 'NONE', #6416, 1.249999999999999300 ) ;
#6185 = EDGE_CURVE ( 'NONE', #3052, #2309, #3306, .T. ) ;
#6186 = FACE_BOUND ( 'NONE', #3872, .T. ) ;
#6187 = ORIENTED_EDGE ( 'NONE', *, *, #4693, .T. ) ;
#6188 = LINE ( 'NONE', #1909, #2355 ) ;
#6189 = DIRECTION ( 'NONE',  ( 1.000000000000000000, 0.0000000000000000000, -0.0000000000000000000 ) ) ;
#6190 = VECTOR ( 'NONE', #2056, 1000.000000000000000 ) ;
#6191 = VECTOR ( 'NONE', #2706, 1000.000000000000000 ) ;
#6192 = VECTOR ( 'NONE', #2877, 1000.000000000000000 ) ;
#6193 = EDGE_CURVE ( 'NONE', #5582, #2169, #5904, .T. ) ;
#6194 = PRESENTATION_STYLE_ASSIGNMENT (( #4829 ) ) ;
#6195 = VECTOR ( 'NONE', #778, 1000.000000000000000 ) ;
#6196 = MANIFOLD_SOLID_BREP ( 'Terminal 2', #1100 ) ;
#6197 = CARTESIAN_POINT ( 'NONE',  ( 20.50000000000000400, 12.09999999999999800, 0.0000000000000000000 ) ) ;
#6198 = CARTESIAN_POINT ( 'NONE',  ( -18.60238902834446500, 15.79988766317532600, -0.8000000000000009300 ) ) ;
#6199 = DIRECTION ( 'NONE',  ( -0.0000000000000000000, -0.0000000000000000000, 1.000000000000000000 ) ) ;
#6200 = AXIS2_PLACEMENT_3D ( 'NONE', #1435, #5730, #3057 ) ;
#6201 = EDGE_LOOP ( 'NONE', ( #466, #1834, #1102, #3070 ) ) ;
#6202 = DIRECTION ( 'NONE',  ( -0.0000000000000000000, -0.0000000000000000000, 1.000000000000000000 ) ) ;
#6203 = DIRECTION ( 'NONE',  ( 1.000000000000000000, 0.0000000000000000000, -0.0000000000000000000 ) ) ;
#6204 = PRESENTATION_STYLE_ASSIGNMENT (( #4930 ) ) ;
#6205 = ORIENTED_EDGE ( 'NONE', *, *, #1894, .T. ) ;
#6206 = ORIENTED_EDGE ( 'NONE', *, *, #5022, .F. ) ;
#6207 = FACE_BOUND ( 'NONE', #2668, .T. ) ;
#6208 = EDGE_CURVE ( 'NONE', #4031, #6719, #6635, .T. ) ;
#6209 = DIRECTION ( 'NONE',  ( 0.0000000000000000000, 1.000000000000000000, -0.0000000000000000000 ) ) ;
#6210 = MECHANICAL_DESIGN_GEOMETRIC_PRESENTATION_REPRESENTATION (  '', ( #859 ), #5995 ) ;
#6211 = PLANE ( 'NONE',  #3690 ) ;
#6212 = ORIENTED_EDGE ( 'NONE', *, *, #1454, .T. ) ;
#6213 = CIRCLE ( 'NONE', #2563, 1.250000000000000200 ) ;
#6214 = DIRECTION ( 'NONE',  ( 0.0000000000000000000, 1.000000000000000000, -0.0000000000000000000 ) ) ;
#6215 = VERTEX_POINT ( 'NONE', #1289 ) ;
#6216 = CARTESIAN_POINT ( 'NONE',  ( 15.80000000000000100, 16.30000000000000100, -4.450000000000002000 ) ) ;
#6217 = CARTESIAN_POINT ( 'NONE',  ( -0.1999999999999953200, -5.700000000000012600, -0.7000000000000008400 ) ) ;
#6218 = EDGE_LOOP ( 'NONE', ( #6899, #801, #1234, #2346 ) ) ;
#6219 = DIRECTION ( 'NONE',  ( 0.0000000000000000000, -0.0000000000000000000, 1.000000000000000000 ) ) ;
#6220 = FACE_OUTER_BOUND ( 'NONE', #3913, .T. ) ;
#6221 = EDGE_CURVE ( 'NONE', #4659, #582, #3711, .T. ) ;
#6222 = ADVANCED_FACE ( 'NONE', ( #1164 ), #2819, .T. ) ;
#6223 = VECTOR ( 'NONE', #5111, 1000.000000000000000 ) ;
#6224 = DIRECTION ( 'NONE',  ( -0.0000000000000000000, -1.000000000000000000, -0.0000000000000000000 ) ) ;
#6225 = DIRECTION ( 'NONE',  ( 0.0000000000000000000, 0.0000000000000000000, 1.000000000000000000 ) ) ;
#6226 = ORIENTED_EDGE ( 'NONE', *, *, #3144, .F. ) ;
#6227 = PRESENTATION_LAYER_ASSIGNMENT (  '', '', ( #5527 ) ) ;
#6228 = LINE ( 'NONE', #4160, #2558 ) ;
#6229 = CIRCLE ( 'NONE', #5738, 1.250000000000000000 ) ;
#6230 = EDGE_CURVE ( 'NONE', #1680, #287, #2482, .T. ) ;
#6231 = EDGE_CURVE ( 'NONE', #4042, #636, #5492, .T. ) ;
#6232 = CARTESIAN_POINT ( 'NONE',  ( 18.50000000000000400, 14.60000000000000100, 0.7999999999999933800 ) ) ;
#6233 = CARTESIAN_POINT ( 'NONE',  ( -20.00000000000000400, 15.20000000000000100, -1.000000000000000900 ) ) ;
#6234 = CARTESIAN_POINT ( 'NONE',  ( 18.60000000000000500, 15.80005553644226900, 2.933181965270300000 ) ) ;
#6235 = DIRECTION ( 'NONE',  ( 1.000000000000000000, 0.0000000000000000000, 0.0000000000000000000 ) ) ;
#6236 = EDGE_LOOP ( 'NONE', ( #3646, #4025, #1262, #5976 ) ) ;
#6237 = CIRCLE ( 'NONE', #4947, 1.250000000000000000 ) ;
#6238 = ORIENTED_EDGE ( 'NONE', *, *, #4991, .F. ) ;
#6239 = FACE_OUTER_BOUND ( 'NONE', #1193, .T. ) ;
#6240 = CARTESIAN_POINT ( 'NONE',  ( 20.00000000000000400, 15.20000000000000100, 4.800000000000000700 ) ) ;
#6241 = CARTESIAN_POINT ( 'NONE',  ( -20.99999999999999600, 0.0000000000000000000, 15.00000000000000200 ) ) ;
#6242 = DIRECTION ( 'NONE',  ( -1.000000000000000000, 7.446617848095556400E-015, 0.0000000000000000000 ) ) ;
#6243 = ORIENTED_EDGE ( 'NONE', *, *, #1245, .F. ) ;
#6244 = ORIENTED_EDGE ( 'NONE', *, *, #890, .T. ) ;
#6245 = LINE ( 'NONE', #517, #1995 ) ;
#6246 = CARTESIAN_POINT ( 'NONE',  ( -20.99999999999999600, 0.0000000000000000000, 17.00000000000000000 ) ) ;
#6247 = CARTESIAN_POINT ( 'NONE',  ( -4.799999999999997200, 13.60000000000000300, 12.00000000000000700 ) ) ;
#6248 = CARTESIAN_POINT ( 'NONE',  ( 22.50000000000000000, 12.09999999999999800, -14.50000000000000000 ) ) ;
#6249 = CARTESIAN_POINT ( 'NONE',  ( 1.916711390628278500E-015, 17.49739395700227700, 7.181907786235769600 ) ) ;
#6250 = ORIENTED_EDGE ( 'NONE', *, *, #6311, .F. ) ;
#6251 = ORIENTED_EDGE ( 'NONE', *, *, #1411, .F. ) ;
#6252 = VERTEX_POINT ( 'NONE', #4047 ) ;
#6253 = LINE ( 'NONE', #4472, #6571 ) ;
#6254 = VERTEX_POINT ( 'NONE', #4447 ) ;
#6255 = ORIENTED_EDGE ( 'NONE', *, *, #3223, .F. ) ;
#6256 = ORIENTED_EDGE ( 'NONE', *, *, #2434, .F. ) ;
#6257 = LINE ( 'NONE', #4452, #2512 ) ;
#6258 = ADVANCED_FACE ( 'NONE', ( #3792 ), #2649, .F. ) ;
#6259 = CARTESIAN_POINT ( 'NONE',  ( 0.0000000000000000000, 14.05000000000000200, -6.800000000000004300 ) ) ;
#6260 = STYLED_ITEM ( 'NONE', ( #4839 ), #4000 ) ;
#6261 = DIRECTION ( 'NONE',  ( 0.0000000000000000000, 0.0000000000000000000, -1.000000000000000000 ) ) ;
#6262 = ORIENTED_EDGE ( 'NONE', *, *, #469, .F. ) ;
#6263 = EDGE_CURVE ( 'NONE', #4027, #3232, #1072, .T. ) ;
#6264 = CARTESIAN_POINT ( 'NONE',  ( 7.800000000000001600, 16.30000000000000100, -4.450000000000002000 ) ) ;
#6265 = CARTESIAN_POINT ( 'NONE',  ( -18.60000000000000900, 15.79983162191122800, -0.8000000000000008200 ) ) ;
#6266 = CARTESIAN_POINT ( 'NONE',  ( 21.38564064605510900, 15.80000000000000100, 2.599999999999997000 ) ) ;
#6267 = VECTOR ( 'NONE', #1553, 1000.000000000000000 ) ;
#6268 = VERTEX_POINT ( 'NONE', #2509 ) ;
#6269 = VECTOR ( 'NONE', #167, 1000.000000000000000 ) ;
#6270 = CARTESIAN_POINT ( 'NONE',  ( 20.19999999999999600, 15.80000000000000100, 2.599999999999997000 ) ) ;
#6271 = DIRECTION ( 'NONE',  ( 0.7071067811865491300, 0.0000000000000000000, 0.7071067811865459100 ) ) ;
#6272 =( GEOMETRIC_REPRESENTATION_CONTEXT ( 3 ) GLOBAL_UNCERTAINTY_ASSIGNED_CONTEXT ( ( #4740 ) ) GLOBAL_UNIT_ASSIGNED_CONTEXT ( ( #5656, #2358, #6181 ) ) REPRESENTATION_CONTEXT ( 'NONE', 'WORKASPACE' ) );
#6273 = PLANE ( 'NONE',  #566 ) ;
#6274 = EDGE_CURVE ( 'NONE', #670, #6084, #1159, .T. ) ;
#6275 = EDGE_CURVE ( 'NONE', #4796, #5094, #4378, .T. ) ;
#6276 = LINE ( 'NONE', #6572, #2529 ) ;
#6277 = PLANE ( 'NONE',  #2325 ) ;
#6278 = LINE ( 'NONE', #5389, #5696 ) ;
#6279 = FILL_AREA_STYLE ('',( #4068 ) ) ;
#6280 = CARTESIAN_POINT ( 'NONE',  ( 20.19999999999999900, 15.79983162191123800, 4.199999999999997500 ) ) ;
#6281 = DIRECTION ( 'NONE',  ( 1.000000000000000000, -0.0000000000000000000, 0.0000000000000000000 ) ) ;
#6282 = VECTOR ( 'NONE', #3146, 1000.000000000000000 ) ;
#6283 = EDGE_CURVE ( 'NONE', #88, #636, #5659, .T. ) ;
#6284 = AXIS2_PLACEMENT_3D ( 'NONE', #6233, #4112, #2548 ) ;
#6285 = CARTESIAN_POINT ( 'NONE',  ( -7.699999999999998400, 17.30000000000000100, 1.800000000000002000 ) ) ;
#6286 = ORIENTED_EDGE ( 'NONE', *, *, #6139, .F. ) ;
#6287 = FACE_OUTER_BOUND ( 'NONE', #3474, .T. ) ;
#6288 = ADVANCED_FACE ( 'NONE', ( #150 ), #5231, .T. ) ;
#6289 = FILL_AREA_STYLE ('',( #423 ) ) ;
#6290 = ORIENTED_EDGE ( 'NONE', *, *, #1530, .F. ) ;
#6291 = CARTESIAN_POINT ( 'NONE',  ( -18.45000000000000300, 17.60000000000000100, 4.350000000000001400 ) ) ;
#6292 = LINE ( 'NONE', #5737, #5048 ) ;
#6293 = B_SPLINE_CURVE_WITH_KNOTS ( 'NONE', 3,
 ( #4401, #4944, #4377, #2818, #6012 ),
 .UNSPECIFIED., .F., .F.,
 ( 4, 1, 4 ),
 ( 6.938893903907227600E-018, 9.995510559795765200E-005, 0.0001999102111959083700 ),
 .UNSPECIFIED. ) ;
#6294 = ORIENTED_EDGE ( 'NONE', *, *, #3278, .T. ) ;
#6295 = ORIENTED_EDGE ( 'NONE', *, *, #3582, .T. ) ;
#6296 = DIRECTION ( 'NONE',  ( -2.312964634635743000E-016, 0.0000000000000000000, -1.000000000000000000 ) ) ;
#6297 = EDGE_CURVE ( 'NONE', #4437, #558, #2063, .T. ) ;
#6298 = VECTOR ( 'NONE', #2176, 1000.000000000000000 ) ;
#6299 = AXIS2_PLACEMENT_3D ( 'NONE', #4551, #3466, #6130 ) ;
#6300 = DIRECTION ( 'NONE',  ( -0.0000000000000000000, -1.000000000000000000, -0.0000000000000000000 ) ) ;
#6301 = EDGE_LOOP ( 'NONE', ( #3907, #3985, #2643, #1180 ) ) ;
#6302 = DIRECTION ( 'NONE',  ( -0.0000000000000000000, -1.000000000000000000, -0.0000000000000000000 ) ) ;
#6303 = SURFACE_STYLE_FILL_AREA ( #4265 ) ;
#6304 = CARTESIAN_POINT ( 'NONE',  ( 20.19999999999999900, 15.80000000000000100, 4.199999999999997500 ) ) ;
#6305 = EDGE_LOOP ( 'NONE', ( #310, #6040, #3417, #1162, #6059 ) ) ;
#6306 = ORIENTED_EDGE ( 'NONE', *, *, #6849, .T. ) ;
#6307 = VECTOR ( 'NONE', #3974, 1000.000000000000000 ) ;
#6308 = PRESENTATION_STYLE_ASSIGNMENT (( #1322 ) ) ;
#6309 = FILL_AREA_STYLE_COLOUR ( '', #1503 ) ;
#6310 = DIRECTION ( 'NONE',  ( -1.000000000000000000, 0.0000000000000000000, 2.668805347656626700E-016 ) ) ;
#6311 = EDGE_CURVE ( 'NONE', #2237, #1566, #575, .T. ) ;
#6312 = FILL_AREA_STYLE_COLOUR ( '', #5686 ) ;
#6313 = ORIENTED_EDGE ( 'NONE', *, *, #1772, .F. ) ;
#6314 = VECTOR ( 'NONE', #3868, 1000.000000000000000 ) ;
#6315 = ORIENTED_EDGE ( 'NONE', *, *, #5662, .F. ) ;
#6316 = CIRCLE ( 'NONE', #5019, 1.250000000000001100 ) ;
#6317 = ADVANCED_FACE ( 'NONE', ( #5322 ), #407, .F. ) ;
#6318 = AXIS2_PLACEMENT_3D ( 'NONE', #6845, #6378, #5349 ) ;
#6319 = ORIENTED_EDGE ( 'NONE', *, *, #4197, .T. ) ;
#6320 = EDGE_CURVE ( 'NONE', #3741, #4422, #5147, .T. ) ;
#6321 = LINE ( 'NONE', #366, #6812 ) ;
#6322 = ORIENTED_EDGE ( 'NONE', *, *, #4852, .T. ) ;
#6323 = FACE_OUTER_BOUND ( 'NONE', #1423, .T. ) ;
#6324 = DIRECTION ( 'NONE',  ( -0.0000000000000000000, 1.000000000000000000, -0.0000000000000000000 ) ) ;
#6325 = ADVANCED_FACE ( 'NONE', ( #2972 ), #4985, .T. ) ;
#6326 = ORIENTED_EDGE ( 'NONE', *, *, #699, .T. ) ;
#6327 = VERTEX_POINT ( 'NONE', #4567 ) ;
#6328 = AXIS2_PLACEMENT_3D ( 'NONE', #3598, #4680, #1496 ) ;
#6329 = CARTESIAN_POINT ( 'NONE',  ( 19.79999999999999400, 15.00000000000000200, 2.999999999999996400 ) ) ;
#6330 = CARTESIAN_POINT ( 'NONE',  ( -19.99999999999998900, 17.60000000000000100, -5.000000000000001800 ) ) ;
#6331 = PRODUCT_DEFINITION_FORMATION_WITH_SPECIFIED_SOURCE ( 'ANY', '', #2157, .NOT_KNOWN. ) ;
#6332 = ORIENTED_EDGE ( 'NONE', *, *, #6006, .F. ) ;
#6333 = EDGE_LOOP ( 'NONE', ( #2248, #3287, #1766, #4360, #5068, #5056, #2134, #2988, #474, #2738 ) ) ;
#6334 = ORIENTED_EDGE ( 'NONE', *, *, #2665, .F. ) ;
#6335 = VECTOR ( 'NONE', #6510, 1000.000000000000000 ) ;
#6336 = CARTESIAN_POINT ( 'NONE',  ( -0.1999999999999982900, 17.30000000000000100, -4.700000000000001100 ) ) ;
#6337 = CARTESIAN_POINT ( 'NONE',  ( -1.300000000000000900, 14.60000000000000100, -11.87573593128808000 ) ) ;
#6338 = CARTESIAN_POINT ( 'NONE',  ( 23.00000000000000700, 17.60000000000000100, 12.00000000000001200 ) ) ;
#6339 = CARTESIAN_POINT ( 'NONE',  ( -20.00000000000000400, 15.80000000000000100, -1.000000000000000900 ) ) ;
#6340 = EDGE_LOOP ( 'NONE', ( #5010, #5288, #3039, #3822, #3026, #4798 ) ) ;
#6341 = AXIS2_PLACEMENT_3D ( 'NONE', #6119, #5009, #459 ) ;
#6342 = CIRCLE ( 'NONE', #6870, 1.400000000000003700 ) ;
#6343 = CARTESIAN_POINT ( 'NONE',  ( 0.5556349186104006000, 13.80000000000000100, -12.00000000000000700 ) ) ;
#6344 = CYLINDRICAL_SURFACE ( 'NONE', #2148, 0.3000000000000016500 ) ;
#6345 = DIRECTION ( 'NONE',  ( -0.0000000000000000000, 1.000000000000000000, -0.0000000000000000000 ) ) ;
#6346 = EDGE_LOOP ( 'NONE', ( #146, #5600, #4131, #1502 ) ) ;
#6347 = FACE_OUTER_BOUND ( 'NONE', #588, .T. ) ;
#6348 = AXIS2_PLACEMENT_3D ( 'NONE', #4926, #688, #4314 ) ;
#6349 = VECTOR ( 'NONE', #1964, 1000.000000000000000 ) ;
#6350 = EDGE_CURVE ( 'NONE', #3636, #4812, #903, .T. ) ;
#6351 = CIRCLE ( 'NONE', #962, 0.2999999999999999300 ) ;
#6352 = PLANE ( 'NONE',  #4039 ) ;
#6353 = CARTESIAN_POINT ( 'NONE',  ( 22.99999999999999600, 0.0000000000000000000, -15.00000000000000400 ) ) ;
#6354 = LINE ( 'NONE', #3375, #519 ) ;
#6355 = ADVANCED_FACE ( 'NONE', ( #1400 ), #5118, .F. ) ;
#6356 = ORIENTED_EDGE ( 'NONE', *, *, #1113, .F. ) ;
#6357 = CARTESIAN_POINT ( 'NONE',  ( 19.40000000000000600, 13.80000000000000100, 0.0000000000000000000 ) ) ;
#6358 = APPLICATION_CONTEXT ( 'automotive_design' ) ;
#6359 = AXIS2_PLACEMENT_3D ( 'NONE', #5409, #95, #12 ) ;
#6360 = DIRECTION ( 'NONE',  ( 1.000000000000000000, 0.0000000000000000000, -0.0000000000000000000 ) ) ;
#6361 = EDGE_CURVE ( 'NONE', #3443, #5327, #2389, .T. ) ;
#6362 = EDGE_CURVE ( 'NONE', #1573, #2890, #5735, .T. ) ;
#6363 = DIRECTION ( 'NONE',  ( 0.0000000000000000000, 0.0000000000000000000, 1.000000000000000000 ) ) ;
#6364 = ORIENTED_EDGE ( 'NONE', *, *, #3130, .T. ) ;
#6365 = FACE_OUTER_BOUND ( 'NONE', #2321, .T. ) ;
#6366 = VERTEX_POINT ( 'NONE', #6713 ) ;
#6367 = DIRECTION ( 'NONE',  ( 0.0000000000000000000, 0.0000000000000000000, 1.000000000000000000 ) ) ;
#6368 = EDGE_CURVE ( 'NONE', #4718, #3433, #4209, .T. ) ;
#6369 = VERTEX_POINT ( 'NONE', #2068 ) ;
#6370 = AXIS2_PLACEMENT_3D ( 'NONE', #1599, #2627, #3694 ) ;
#6371 = VECTOR ( 'NONE', #4123, 1000.000000000000000 ) ;
#6372 =( NAMED_UNIT ( * ) PLANE_ANGLE_UNIT ( ) SI_UNIT ( $, .RADIAN. ) );
#6373 = CARTESIAN_POINT ( 'NONE',  ( 1.841475689883072000E-015, 17.59999999999997700, 6.899999999999997700 ) ) ;
#6374 = EDGE_LOOP ( 'NONE', ( #4657, #4449, #5993, #3397 ) ) ;
#6375 = SURFACE_STYLE_FILL_AREA ( #6279 ) ;
#6376 = VERTEX_POINT ( 'NONE', #5281 ) ;
#6377 = CARTESIAN_POINT ( 'NONE',  ( 4.039339828220168000, 13.80000000000000100, -7.667766952966390500 ) ) ;
#6378 = DIRECTION ( 'NONE',  ( -1.000000000000000000, 0.0000000000000000000, 2.846030702774451600E-016 ) ) ;
#6379 = CARTESIAN_POINT ( 'NONE',  ( 17.89999999999999900, 32.18483977907960300, -0.7000000000000027300 ) ) ;
#6380 = ORIENTED_EDGE ( 'NONE', *, *, #6487, .T. ) ;
#6381 = VECTOR ( 'NONE', #4902, 1000.000000000000000 ) ;
#6382 = DIRECTION ( 'NONE',  ( -1.000000000000000000, 0.0000000000000000000, 0.0000000000000000000 ) ) ;
#6383 = LINE ( 'NONE', #2782, #5651 ) ;
#6384 = FILL_AREA_STYLE_COLOUR ( '', #4816 ) ;
#6385 = AXIS2_PLACEMENT_3D ( 'NONE', #874, #2014, #375 ) ;
#6386 = ORIENTED_EDGE ( 'NONE', *, *, #6320, .T. ) ;
#6387 = DIRECTION ( 'NONE',  ( 0.0000000000000000000, 0.0000000000000000000, -1.000000000000000000 ) ) ;
#6388 = ADVANCED_FACE ( 'NONE', ( #2153 ), #3167, .T. ) ;
#6389 =( NAMED_UNIT ( * ) SI_UNIT ( $, .STERADIAN. ) SOLID_ANGLE_UNIT ( ) );
#6390 = CARTESIAN_POINT ( 'NONE',  ( 9.400000000000002100, 16.30000000000000100, -4.450000000000002000 ) ) ;
#6391 = ORIENTED_EDGE ( 'NONE', *, *, #3624, .T. ) ;
#6392 = SPHERICAL_SURFACE ( 'NONE', #2388, 0.2999999999999999900 ) ;
#6393 = DIRECTION ( 'NONE',  ( 0.0000000000000000000, 1.000000000000000000, -0.0000000000000000000 ) ) ;
#6394 = VERTEX_POINT ( 'NONE', #6893 ) ;
#6395 = PRESENTATION_STYLE_ASSIGNMENT (( #2349 ) ) ;
#6396 = EDGE_CURVE ( 'NONE', #5823, #6782, #6228, .T. ) ;
#6397 = EDGE_CURVE ( 'NONE', #3636, #482, #992, .T. ) ;
#6398 = CARTESIAN_POINT ( 'NONE',  ( 20.00000000000000400, 15.20000000000000100, 2.799999999999997200 ) ) ;
#6399 = ADVANCED_BREP_SHAPE_REPRESENTATION ( 'GP2Y1010AU0F', ( #5990, #6823, #6908, #3329, #2609, #6196, #133, #5482, #6693, #3920, #5815, #215, #4965, #3819 ), #4523 ) ;
#6400 = CARTESIAN_POINT ( 'NONE',  ( 18.60000000000000100, 15.79983162191123800, 2.999999999999996900 ) ) ;
#6401 = DIRECTION ( 'NONE',  ( 0.0000000000000000000, 0.0000000000000000000, 1.000000000000000000 ) ) ;
#6402 = ORIENTED_EDGE ( 'NONE', *, *, #6476, .T. ) ;
#6403 = ORIENTED_EDGE ( 'NONE', *, *, #1026, .F. ) ;
#6404 = EDGE_CURVE ( 'NONE', #4569, #1179, #60, .T. ) ;
#6405 = ORIENTED_EDGE ( 'NONE', *, *, #154, .T. ) ;
#6406 = DIRECTION ( 'NONE',  ( -1.156482317317873100E-015, 0.0000000000000000000, 1.000000000000000000 ) ) ;
#6407 = CARTESIAN_POINT ( 'NONE',  ( -22.69999999999999900, 14.66963430942633000, -3.964561412979581900 ) ) ;
#6408 = ORIENTED_EDGE ( 'NONE', *, *, #6712, .T. ) ;
#6409 = CARTESIAN_POINT ( 'NONE',  ( -0.1999999999999987900, 17.30000000000000100, 3.299999999999998900 ) ) ;
#6410 = VERTEX_POINT ( 'NONE', #4736 ) ;
#6411 = VERTEX_POINT ( 'NONE', #5866 ) ;
#6412 = ORIENTED_EDGE ( 'NONE', *, *, #2137, .T. ) ;
#6413 = ORIENTED_EDGE ( 'NONE', *, *, #1856, .F. ) ;
#6414 = SURFACE_STYLE_FILL_AREA ( #2527 ) ;
#6415 = SURFACE_SIDE_STYLE ('',( #6478 ) ) ;
#6416 = AXIS2_PLACEMENT_3D ( 'NONE', #620, #6467, #867 ) ;
#6417 =( NAMED_UNIT ( * ) PLANE_ANGLE_UNIT ( ) SI_UNIT ( $, .RADIAN. ) );
#6418 = ORIENTED_EDGE ( 'NONE', *, *, #5831, .T. ) ;
#6419 = ADVANCED_FACE ( 'NONE', ( #731 ), #5795, .F. ) ;
#6420 = ORIENTED_EDGE ( 'NONE', *, *, #1364, .F. ) ;
#6421 = LINE ( 'NONE', #1258, #5017 ) ;
#6422 = DIRECTION ( 'NONE',  ( 0.0000000000000000000, -0.0000000000000000000, 1.000000000000000000 ) ) ;
#6423 = B_SPLINE_CURVE_WITH_KNOTS ( 'NONE', 3,
 ( #1619, #1546, #4803, #2086, #4702 ),
 .UNSPECIFIED., .F., .F.,
 ( 4, 1, 4 ),
 ( 0.003018520113191400500, 0.003025609494165859600, 0.003032698875140318600 ),
 .UNSPECIFIED. ) ;
#6424 = EDGE_CURVE ( 'NONE', #989, #1499, #3055, .T. ) ;
#6425 =( GEOMETRIC_REPRESENTATION_CONTEXT ( 3 ) GLOBAL_UNCERTAINTY_ASSIGNED_CONTEXT ( ( #3697 ) ) GLOBAL_UNIT_ASSIGNED_CONTEXT ( ( #536, #6804, #5776 ) ) REPRESENTATION_CONTEXT ( 'NONE', 'WORKASPACE' ) );
#6426 =( LENGTH_UNIT ( ) NAMED_UNIT ( * ) SI_UNIT ( .MILLI., .METRE. ) );
#6427 = LINE ( 'NONE', #5121, #1116 ) ;
#6428 = ORIENTED_EDGE ( 'NONE', *, *, #3980, .T. ) ;
#6429 = VECTOR ( 'NONE', #5669, 1000.000000000000000 ) ;
#6430 = DIRECTION ( 'NONE',  ( -0.0000000000000000000, 1.000000000000000000, -0.0000000000000000000 ) ) ;
#6431 = CARTESIAN_POINT ( 'NONE',  ( 5.700000000000002800, 18.30000000000000100, -0.7000000000000027300 ) ) ;
#6432 = DIRECTION ( 'NONE',  ( 0.0000000000000000000, 1.000000000000000000, -0.0000000000000000000 ) ) ;
#6433 = FILL_AREA_STYLE_COLOUR ( '', #3499 ) ;
#6434 = FACE_OUTER_BOUND ( 'NONE', #2408, .T. ) ;
#6435 = EDGE_LOOP ( 'NONE', ( #78, #2503, #6174, #1069 ) ) ;
#6436 = AXIS2_PLACEMENT_3D ( 'NONE', #6760, #5096, #1976 ) ;
#6437 = EDGE_CURVE ( 'NONE', #4805, #86, #5901, .T. ) ;
#6438 = ORIENTED_EDGE ( 'NONE', *, *, #4891, .T. ) ;
#6439 = DIRECTION ( 'NONE',  ( -0.0000000000000000000, -0.0000000000000000000, 1.000000000000000000 ) ) ;
#6440 = PLANE ( 'NONE',  #2359 ) ;
#6441 = FACE_BOUND ( 'NONE', #155, .T. ) ;
#6442 = ORIENTED_EDGE ( 'NONE', *, *, #2578, .F. ) ;
#6443 = CARTESIAN_POINT ( 'NONE',  ( 19.40000000000000600, 14.05000000000000200, 0.0000000000000000000 ) ) ;
#6444 = CARTESIAN_POINT ( 'NONE',  ( 20.19999999999999600, 15.00000000000000200, 2.999999999999996900 ) ) ;
#6445 = PLANE ( 'NONE',  #3529 ) ;
#6446 = AXIS2_PLACEMENT_3D ( 'NONE', #3414, #4468, #1309 ) ;
#6447 = EDGE_LOOP ( 'NONE', ( #5577, #2223, #1930, #3719, #99 ) ) ;
#6448 = EDGE_CURVE ( 'NONE', #5404, #3295, #1477, .T. ) ;
#6449 = DIRECTION ( 'NONE',  ( 0.0000000000000000000, 1.000000000000000000, 0.0000000000000000000 ) ) ;
#6450 = ORIENTED_EDGE ( 'NONE', *, *, #154, .F. ) ;
#6451 = DIRECTION ( 'NONE',  ( 3.665629100090523800E-016, 0.9063077870366494900, 0.4226182617407002200 ) ) ;
#6452 = LINE ( 'NONE', #6461, #1226 ) ;
#6453 = CARTESIAN_POINT ( 'NONE',  ( 19.80000000000000100, 15.00000000000000200, 4.199999999999997500 ) ) ;
#6454 = ORIENTED_EDGE ( 'NONE', *, *, #346, .T. ) ;
#6455 = ADVANCED_FACE ( 'NONE', ( #393 ), #3650, .T. ) ;
#6456 =( LENGTH_UNIT ( ) NAMED_UNIT ( * ) SI_UNIT ( .MILLI., .METRE. ) );
#6457 = AXIS2_PLACEMENT_3D ( 'NONE', #1813, #246, #5545 ) ;
#6458 = VERTEX_POINT ( 'NONE', #4765 ) ;
#6459 = VECTOR ( 'NONE', #3829, 1000.000000000000000 ) ;
#6460 = ORIENTED_EDGE ( 'NONE', *, *, #4069, .T. ) ;
#6461 = CARTESIAN_POINT ( 'NONE',  ( 2.999999999999999100, 13.50000000000000200, 10.00000000000000200 ) ) ;
#6462 = DIRECTION ( 'NONE',  ( -2.620322324388445300E-016, -0.4226182617407002700, -0.9063077870366496000 ) ) ;
#6463 = ORIENTED_EDGE ( 'NONE', *, *, #2477, .T. ) ;
#6464 = EDGE_LOOP ( 'NONE', ( #6206, #3460, #5260, #2090 ) ) ;
#6465 = LINE ( 'NONE', #5157, #4534 ) ;
#6466 = MECHANICAL_DESIGN_GEOMETRIC_PRESENTATION_REPRESENTATION (  '', ( #3251 ), #1389 ) ;
#6467 = DIRECTION ( 'NONE',  ( -0.0000000000000000000, 1.000000000000000000, -0.0000000000000000000 ) ) ;
#6468 = CARTESIAN_POINT ( 'NONE',  ( 2.999999999999999100, 17.60000000000000100, 9.000000000000001800 ) ) ;
#6469 = CARTESIAN_POINT ( 'NONE',  ( -0.9999999999999993300, 0.0000000000000000000, -17.00000000000000000 ) ) ;
#6470 = ORIENTED_EDGE ( 'NONE', *, *, #2786, .F. ) ;
#6471 = LINE ( 'NONE', #3345, #6314 ) ;
#6472 = EDGE_LOOP ( 'NONE', ( #3905, #3158, #4056, #6527, #3904, #5848, #3734, #6251, #5034, #1645, #1671, #438 ) ) ;
#6473 = VECTOR ( 'NONE', #6345, 1000.000000000000000 ) ;
#6474 =( GEOMETRIC_REPRESENTATION_CONTEXT ( 3 ) GLOBAL_UNCERTAINTY_ASSIGNED_CONTEXT ( ( #957 ) ) GLOBAL_UNIT_ASSIGNED_CONTEXT ( ( #5267, #3108, #2078 ) ) REPRESENTATION_CONTEXT ( 'NONE', 'WORKASPACE' ) );
#6475 = DIRECTION ( 'NONE',  ( 0.0000000000000000000, 1.000000000000000000, 0.0000000000000000000 ) ) ;
#6476 = EDGE_CURVE ( 'NONE', #5464, #4505, #4121, .T. ) ;
#6477 = ORIENTED_EDGE ( 'NONE', *, *, #6712, .F. ) ;
#6478 = SURFACE_STYLE_FILL_AREA ( #5894 ) ;
#6479 = ORIENTED_EDGE ( 'NONE', *, *, #6311, .T. ) ;
#6480 = PLANE ( 'NONE',  #747 ) ;
#6481 = CARTESIAN_POINT ( 'NONE',  ( 5.100000000000000500, 17.60000000000000100, -5.900000000000035000 ) ) ;
#6482 = STYLED_ITEM ( 'NONE', ( #301 ), #4938 ) ;
#6483 = ORIENTED_EDGE ( 'NONE', *, *, #297, .F. ) ;
#6484 = CARTESIAN_POINT ( 'NONE',  ( 20.50000000000000400, 14.30000000000000200, -14.70000000000000100 ) ) ;
#6485 = ORIENTED_EDGE ( 'NONE', *, *, #4336, .F. ) ;
#6486 = EDGE_CURVE ( 'NONE', #1545, #4178, #4901, .T. ) ;
#6487 = EDGE_CURVE ( 'NONE', #3041, #3241, #4636, .T. ) ;
#6488 = ORIENTED_EDGE ( 'NONE', *, *, #4841, .F. ) ;
#6489 = ADVANCED_FACE ( 'NONE', ( #1978 ), #2066, .T. ) ;
#6490 = DIRECTION ( 'NONE',  ( -0.0000000000000000000, -1.000000000000000000, -0.0000000000000000000 ) ) ;
#6491 = ORIENTED_EDGE ( 'NONE', *, *, #4109, .T. ) ;
#6492 = VERTEX_POINT ( 'NONE', #6431 ) ;
#6493 =( NAMED_UNIT ( * ) PLANE_ANGLE_UNIT ( ) SI_UNIT ( $, .RADIAN. ) );
#6494 = VERTEX_POINT ( 'NONE', #4254 ) ;
#6495 = EDGE_CURVE ( 'NONE', #6648, #6369, #563, .T. ) ;
#6496 = DIRECTION ( 'NONE',  ( -0.0000000000000000000, 1.000000000000000000, -0.0000000000000000000 ) ) ;
#6497 = CARTESIAN_POINT ( 'NONE',  ( -18.61435935394489900, 15.80000000000000100, -1.200000000000001100 ) ) ;
#6498 = ORIENTED_EDGE ( 'NONE', *, *, #414, .F. ) ;
#6499 = CARTESIAN_POINT ( 'NONE',  ( -20.99999999999999600, 2.000000000000000000, 15.00000000000000200 ) ) ;
#6500 = CARTESIAN_POINT ( 'NONE',  ( 21.38803808174218800, 15.80000000000000100, 2.999999999999996400 ) ) ;
#6501 = LINE ( 'NONE', #6270, #5098 ) ;
#6502 = VECTOR ( 'NONE', #4098, 1000.000000000000000 ) ;
#6503 = LINE ( 'NONE', #2000, #6762 ) ;
#6504 = AXIS2_PLACEMENT_3D ( 'NONE', #3809, #4294, #5468 ) ;
#6505 = CARTESIAN_POINT ( 'NONE',  ( 20.50000000000000400, 14.60000000000000100, 0.0000000000000000000 ) ) ;
#6506 = FACE_OUTER_BOUND ( 'NONE', #1811, .T. ) ;
#6507 = CARTESIAN_POINT ( 'NONE',  ( 22.50000000000000700, 12.09999999999999800, 14.50000000000000000 ) ) ;
#6508 = VECTOR ( 'NONE', #982, 1000.000000000000000 ) ;
#6509 = CARTESIAN_POINT ( 'NONE',  ( -19.88175104581392100, 17.30000000000000100, 0.0000000000000000000 ) ) ;
#6510 = DIRECTION ( 'NONE',  ( 0.6966437450907565500, 0.6502008287513725300, -0.3031936257854926900 ) ) ;
#6511 = CARTESIAN_POINT ( 'NONE',  ( 21.39999999999999900, 15.00000000000000200, 2.599999999999997000 ) ) ;
#6512 = DIRECTION ( 'NONE',  ( 0.0000000000000000000, 0.7071067811865462400, -0.7071067811865487900 ) ) ;
#6513 = VECTOR ( 'NONE', #90, 1000.000000000000000 ) ;
#6514 = MECHANICAL_DESIGN_GEOMETRIC_PRESENTATION_REPRESENTATION (  '', ( #4228 ), #2944 ) ;
#6515 = DIRECTION ( 'NONE',  ( 1.000000000000000000, -7.324388009679841800E-015, 0.0000000000000000000 ) ) ;
#6516 = LINE ( 'NONE', #3209, #2934 ) ;
#6517 = VECTOR ( 'NONE', #2977, 1000.000000000000000 ) ;
#6518 = CARTESIAN_POINT ( 'NONE',  ( 19.40000000000000600, 14.30000000000000200, -13.50000000000000200 ) ) ;
#6519 = CARTESIAN_POINT ( 'NONE',  ( -1.096402512696191300E-015, 14.30000000000000200, -3.792198103777256500 ) ) ;
#6520 = ADVANCED_FACE ( 'NONE', ( #4537 ), #3877, .T. ) ;
#6521 = DIRECTION ( 'NONE',  ( -0.0000000000000000000, 0.0000000000000000000, 1.000000000000000000 ) ) ;
#6522 = ORIENTED_EDGE ( 'NONE', *, *, #2806, .T. ) ;
#6523 = CYLINDRICAL_SURFACE ( 'NONE', #3067, 1.249999999999999300 ) ;
#6524 = EDGE_CURVE ( 'NONE', #4658, #6458, #6383, .T. ) ;
#6525 = EDGE_CURVE ( 'NONE', #4748, #1327, #3465, .T. ) ;
#6526 = CARTESIAN_POINT ( 'NONE',  ( -20.20000000000000600, 15.00000000000000200, -2.400000000000001200 ) ) ;
#6527 = ORIENTED_EDGE ( 'NONE', *, *, #6602, .F. ) ;
#6528 = FACE_OUTER_BOUND ( 'NONE', #2494, .T. ) ;
#6529 = ORIENTED_EDGE ( 'NONE', *, *, #5915, .F. ) ;
#6530 = DIRECTION ( 'NONE',  ( -0.0000000000000000000, -1.000000000000000000, -0.0000000000000000000 ) ) ;
#6531 = CARTESIAN_POINT ( 'NONE',  ( 15.80000000000000100, 16.30000000000000100, -1.700000000000002000 ) ) ;
#6532 = CARTESIAN_POINT ( 'NONE',  ( -20.20000000000000600, 15.79997188846810000, -2.392825377200923600 ) ) ;
#6533 = EDGE_CURVE ( 'NONE', #5709, #1545, #3215, .T. ) ;
#6534 = ORIENTED_EDGE ( 'NONE', *, *, #3351, .F. ) ;
#6535 = LINE ( 'NONE', #6511, #887 ) ;
#6536 = PLANE ( 'NONE',  #1837 ) ;
#6537 = ORIENTED_EDGE ( 'NONE', *, *, #251, .F. ) ;
#6538 = FACE_OUTER_BOUND ( 'NONE', #2303, .T. ) ;
#6539 = ORIENTED_EDGE ( 'NONE', *, *, #5962, .T. ) ;
#6540 = CARTESIAN_POINT ( 'NONE',  ( -20.63365382886454200, 17.00858975972641900, 2.724220875849141500 ) ) ;
#6541 = PLANE ( 'NONE',  #3330 ) ;
#6542 = ORIENTED_EDGE ( 'NONE', *, *, #1644, .F. ) ;
#6543 = LINE ( 'NONE', #4268, #5893 ) ;
#6544 = AXIS2_PLACEMENT_3D ( 'NONE', #2633, #2048, #5782 ) ;
#6545 = LINE ( 'NONE', #5580, #6223 ) ;
#6546 = ORIENTED_EDGE ( 'NONE', *, *, #5567, .T. ) ;
#6547 = SURFACE_STYLE_USAGE ( .BOTH. , #6035 ) ;
#6548 = VECTOR ( 'NONE', #1975, 1000.000000000000000 ) ;
#6549 = CARTESIAN_POINT ( 'NONE',  ( -19.80000000000001100, 15.00000000000000200, -1.200000000000001100 ) ) ;
#6550 = ORIENTED_EDGE ( 'NONE', *, *, #201, .F. ) ;
#6551 = VECTOR ( 'NONE', #6281, 1000.000000000000000 ) ;
#6552 = ADVANCED_FACE ( 'NONE', ( #223 ), #5938, .T. ) ;
#6553 = AXIS2_PLACEMENT_3D ( 'NONE', #4256, #1098, #4814 ) ;
#6554 = CARTESIAN_POINT ( 'NONE',  ( 16.21809221376423300, 17.49739395700227700, 0.0000000000000000000 ) ) ;
#6555 = CARTESIAN_POINT ( 'NONE',  ( -7.699999999999998400, 17.30000000000000100, 3.050000000000002500 ) ) ;
#6556 = ORIENTED_EDGE ( 'NONE', *, *, #3979, .T. ) ;
#6557 = ORIENTED_EDGE ( 'NONE', *, *, #4159, .T. ) ;
#6558 = VECTOR ( 'NONE', #139, 1000.000000000000000 ) ;
#6559 = DIRECTION ( 'NONE',  ( -0.0000000000000000000, -0.0000000000000000000, -1.000000000000000000 ) ) ;
#6560 =( LENGTH_UNIT ( ) NAMED_UNIT ( * ) SI_UNIT ( .MILLI., .METRE. ) );
#6561 = PLANE ( 'NONE',  #4762 ) ;
#6562 = ORIENTED_EDGE ( 'NONE', *, *, #817, .T. ) ;
#6563 = AXIS2_PLACEMENT_3D ( 'NONE', #1291, #2329, #5014 ) ;
#6564 = DIRECTION ( 'NONE',  ( 3.893042978237944500E-017, 0.0000000000000000000, -1.000000000000000000 ) ) ;
#6565 = ORIENTED_EDGE ( 'NONE', *, *, #2088, .F. ) ;
#6566 = CARTESIAN_POINT ( 'NONE',  ( -19.80000000000000800, 15.79983162191124500, -2.400000000000001200 ) ) ;
#6567 = EDGE_CURVE ( 'NONE', #272, #4916, #1888, .T. ) ;
#6568 = VERTEX_POINT ( 'NONE', #3747 ) ;
#6569 = EDGE_LOOP ( 'NONE', ( #6077, #4532, #6827, #3113 ) ) ;
#6570 = ORIENTED_EDGE ( 'NONE', *, *, #3144, .T. ) ;
#6571 = VECTOR ( 'NONE', #6647, 1000.000000000000000 ) ;
#6572 = CARTESIAN_POINT ( 'NONE',  ( 1.360007988293215400E-016, 17.30000000000000100, 1.099999999999996100 ) ) ;
#6573 = DIRECTION ( 'NONE',  ( -0.0000000000000000000, 1.000000000000000000, -0.0000000000000000000 ) ) ;
#6574 = PLANE ( 'NONE',  #4003 ) ;
#6575 = MECHANICAL_DESIGN_GEOMETRIC_PRESENTATION_REPRESENTATION (  '', ( #5527 ), #20 ) ;
#6576 = EDGE_CURVE ( 'NONE', #3295, #742, #388, .T. ) ;
#6577 = VERTEX_POINT ( 'NONE', #6407 ) ;
#6578 = EDGE_CURVE ( 'NONE', #15, #3580, #5731, .T. ) ;
#6579 = CARTESIAN_POINT ( 'NONE',  ( -20.89970915594312800, 16.34990576387940600, -4.748084859970291800 ) ) ;
#6580 = ORIENTED_EDGE ( 'NONE', *, *, #739, .T. ) ;
#6581 =( NAMED_UNIT ( * ) SI_UNIT ( $, .STERADIAN. ) SOLID_ANGLE_UNIT ( ) );
#6582 = DIRECTION ( 'NONE',  ( 0.0000000000000000000, 0.0000000000000000000, 1.000000000000000000 ) ) ;
#6583 = ORIENTED_EDGE ( 'NONE', *, *, #3332, .F. ) ;
#6584 = CARTESIAN_POINT ( 'NONE',  ( 9.400000000000002100, 16.30000000000000100, -4.450000000000002000 ) ) ;
#6585 = AXIS2_PLACEMENT_3D ( 'NONE', #2457, #3516, #1996 ) ;
#6586 = CARTESIAN_POINT ( 'NONE',  ( 3.827207793864204200, 13.80000000000000100, -7.879898987322351700 ) ) ;
#6587 = ADVANCED_FACE ( 'NONE', ( #1393 ), #29, .T. ) ;
#6588 = CIRCLE ( 'NONE', #4521, 0.2999999999999999300 ) ;
#6589 = LINE ( 'NONE', #4049, #5270 ) ;
#6590 = ORIENTED_EDGE ( 'NONE', *, *, #5123, .T. ) ;
#6591 = LINE ( 'NONE', #865, #2607 ) ;
#6592 =( NAMED_UNIT ( * ) PLANE_ANGLE_UNIT ( ) SI_UNIT ( $, .RADIAN. ) );
#6593 = DIRECTION ( 'NONE',  ( -1.000000000000000000, 0.0000000000000000000, 0.0000000000000000000 ) ) ;
#6594 = CARTESIAN_POINT ( 'NONE',  ( -20.19999999999999600, 0.0000000000000000000, 14.50000000000000000 ) ) ;
#6595 = LINE ( 'NONE', #1935, #5622 ) ;
#6596 = CARTESIAN_POINT ( 'NONE',  ( 23.00000000000000000, 0.0000000000000000000, -7.979727989493312600E-015 ) ) ;
#6597 = SURFACE_SIDE_STYLE ('',( #2673 ) ) ;
#6598 = CARTESIAN_POINT ( 'NONE',  ( -4.799999999999997200, 13.60000000000000300, 12.00000000000000700 ) ) ;
#6599 = VECTOR ( 'NONE', #305, 1000.000000000000000 ) ;
#6600 = DIRECTION ( 'NONE',  ( 0.0000000000000000000, 0.0000000000000000000, -1.000000000000000000 ) ) ;
#6601 = SPHERICAL_SURFACE ( 'NONE', #3513, 0.2999999999999999900 ) ;
#6602 = EDGE_CURVE ( 'NONE', #4227, #1010, #2504, .T. ) ;
#6603 = UNCERTAINTY_MEASURE_WITH_UNIT (LENGTH_MEASURE( 1.000000000000000100E-005 ), #463, 'distance_accuracy_value', 'NONE');
#6604 = ORIENTED_EDGE ( 'NONE', *, *, #2884, .F. ) ;
#6605 = CARTESIAN_POINT ( 'NONE',  ( 6.300000000000001600, 14.90000000000000200, -5.700000000000002000 ) ) ;
#6606 = DIRECTION ( 'NONE',  ( -0.0000000000000000000, 1.000000000000000000, -0.0000000000000000000 ) ) ;
#6607 = DIRECTION ( 'NONE',  ( -0.0000000000000000000, -1.000000000000000000, -0.0000000000000000000 ) ) ;
#6608 = VERTEX_POINT ( 'NONE', #85 ) ;
#6609 = AXIS2_PLACEMENT_3D ( 'NONE', #4759, #2061, #6360 ) ;
#6610 = ORIENTED_EDGE ( 'NONE', *, *, #3795, .T. ) ;
#6611 = CIRCLE ( 'NONE', #2757, 1.249999999999999300 ) ;
#6612 = EDGE_CURVE ( 'NONE', #2296, #3289, #6145, .T. ) ;
#6613 = EDGE_CURVE ( 'NONE', #287, #1680, #3299, .T. ) ;
#6614 = ORIENTED_EDGE ( 'NONE', *, *, #2131, .F. ) ;
#6615 = DIRECTION ( 'NONE',  ( 0.0000000000000000000, 1.000000000000000000, 0.0000000000000000000 ) ) ;
#6616 = ORIENTED_EDGE ( 'NONE', *, *, #1418, .T. ) ;
#6617 = ADVANCED_FACE ( 'NONE', ( #4200 ), #6561, .F. ) ;
#6618 = VECTOR ( 'NONE', #5297, 1000.000000000000000 ) ;
#6619 = DIRECTION ( 'NONE',  ( 0.7071067811865361400, 0.0000000000000000000, 0.7071067811865589000 ) ) ;
#6620 = DIRECTION ( 'NONE',  ( -1.000000000000000000, 0.0000000000000000000, 2.312964634635743000E-016 ) ) ;
#6621 = CARTESIAN_POINT ( 'NONE',  ( 0.0000000000000000000, 14.60000000000000100, -14.70000000000000100 ) ) ;
#6622 = EDGE_CURVE ( 'NONE', #4005, #1472, #2813, .T. ) ;
#6623 = ORIENTED_EDGE ( 'NONE', *, *, #2735, .F. ) ;
#6624 = MECHANICAL_DESIGN_GEOMETRIC_PRESENTATION_REPRESENTATION (  '', ( #1902 ), #5487 ) ;
#6625 = EDGE_LOOP ( 'NONE', ( #6418, #6322 ) ) ;
#6626 = DIRECTION ( 'NONE',  ( -0.0000000000000000000, -0.0000000000000000000, 1.000000000000000000 ) ) ;
#6627 = LINE ( 'NONE', #3488, #57 ) ;
#6628 = SURFACE_STYLE_FILL_AREA ( #2121 ) ;
#6629 = CARTESIAN_POINT ( 'NONE',  ( 20.00000000000000400, 15.80000000000000100, 2.799999999999997200 ) ) ;
#6630 = CARTESIAN_POINT ( 'NONE',  ( 21.39999999999999900, 15.00000000000000200, 2.999999999999996900 ) ) ;
#6631 = FILL_AREA_STYLE ('',( #5561 ) ) ;
#6632 = PRESENTATION_LAYER_ASSIGNMENT (  '', '', ( #4869 ) ) ;
#6633 = CARTESIAN_POINT ( 'NONE',  ( -19.99999999999999600, -9.806836608136517700, 12.00000000000000700 ) ) ;
#6634 = ORIENTED_EDGE ( 'NONE', *, *, #6185, .F. ) ;
#6635 = LINE ( 'NONE', #4533, #2320 ) ;
#6636 = ORIENTED_EDGE ( 'NONE', *, *, #5478, .T. ) ;
#6637 = LINE ( 'NONE', #1218, #3472 ) ;
#6638 = DIRECTION ( 'NONE',  ( 0.0000000000000000000, 0.0000000000000000000, -1.000000000000000000 ) ) ;
#6639 = CARTESIAN_POINT ( 'NONE',  ( 20.50000000000000400, 12.09999999999999800, -14.70000000000000100 ) ) ;
#6640 = ORIENTED_EDGE ( 'NONE', *, *, #1088, .F. ) ;
#6641 = LINE ( 'NONE', #4073, #3888 ) ;
#6642 = VERTEX_POINT ( 'NONE', #1259 ) ;
#6643 = CIRCLE ( 'NONE', #2613, 2.000000000000003100 ) ;
#6644 = EDGE_CURVE ( 'NONE', #1011, #3668, #5984, .T. ) ;
#6645 = AXIS2_PLACEMENT_3D ( 'NONE', #2718, #650, #53 ) ;
#6646 =( LENGTH_UNIT ( ) NAMED_UNIT ( * ) SI_UNIT ( .MILLI., .METRE. ) );
#6647 = DIRECTION ( 'NONE',  ( 0.0000000000000000000, 1.000000000000000000, 0.0000000000000000000 ) ) ;
#6648 = VERTEX_POINT ( 'NONE', #1744 ) ;
#6649 = EDGE_LOOP ( 'NONE', ( #5383, #1133, #1204, #244, #1709, #2246, #6755, #1881, #3986, #658, #6315, #2073 ) ) ;
#6650 = DIRECTION ( 'NONE',  ( 0.0000000000000000000, 0.0000000000000000000, -1.000000000000000000 ) ) ;
#6651 = ORIENTED_EDGE ( 'NONE', *, *, #5208, .F. ) ;
#6652 = DIRECTION ( 'NONE',  ( 0.0000000000000000000, 0.0000000000000000000, 1.000000000000000000 ) ) ;
#6653 = CARTESIAN_POINT ( 'NONE',  ( 0.0000000000000000000, 14.47573593128807400, -14.70000000000000100 ) ) ;
#6654 =( GEOMETRIC_REPRESENTATION_CONTEXT ( 3 ) GLOBAL_UNCERTAINTY_ASSIGNED_CONTEXT ( ( #1674 ) ) GLOBAL_UNIT_ASSIGNED_CONTEXT ( ( #5614, #3435, #226 ) ) REPRESENTATION_CONTEXT ( 'NONE', 'WORKASPACE' ) );
#6655 = VERTEX_POINT ( 'NONE', #218 ) ;
#6656 = CARTESIAN_POINT ( 'NONE',  ( -1.041145475832720200E-015, 14.60000000000000100, -3.601077025535009300 ) ) ;
#6657 = ADVANCED_FACE ( 'NONE', ( #5895 ), #6541, .T. ) ;
#6658 = EDGE_LOOP ( 'NONE', ( #2589, #2760, #2787, #3204 ) ) ;
#6659 = EDGE_CURVE ( 'NONE', #4372, #3471, #1643, .T. ) ;
#6660 = EDGE_CURVE ( 'NONE', #1128, #3369, #1734, .T. ) ;
#6661 = EDGE_LOOP ( 'NONE', ( #3190, #2067, #4036, #6483, #718, #6212 ) ) ;
#6662 = ORIENTED_EDGE ( 'NONE', *, *, #4511, .T. ) ;
#6663 = DIRECTION ( 'NONE',  ( 0.0000000000000000000, 1.000000000000000000, 0.0000000000000000000 ) ) ;
#6664 = PLANE ( 'NONE',  #5474 ) ;
#6665 = ORIENTED_EDGE ( 'NONE', *, *, #2041, .T. ) ;
#6666 = FACE_OUTER_BOUND ( 'NONE', #2454, .T. ) ;
#6667 = AXIS2_PLACEMENT_3D ( 'NONE', #1009, #4786, #508 ) ;
#6668 = EDGE_CURVE ( 'NONE', #4151, #6742, #5816, .T. ) ;
#6669 = VECTOR ( 'NONE', #3874, 1000.000000000000000 ) ;
#6670 = CARTESIAN_POINT ( 'NONE',  ( 22.70000000000000600, 14.66963430942633000, 14.50610162186174500 ) ) ;
#6671 = VECTOR ( 'NONE', #6165, 1000.000000000000000 ) ;
#6672 = CARTESIAN_POINT ( 'NONE',  ( 11.30000000000000100, 16.30000000000000100, -4.450000000000002000 ) ) ;
#6673 = ORIENTED_EDGE ( 'NONE', *, *, #6891, .T. ) ;
#6674 = CIRCLE ( 'NONE', #1003, 0.2999999999999999300 ) ;
#6675 = VECTOR ( 'NONE', #1541, 1000.000000000000000 ) ;
#6676 = VECTOR ( 'NONE', #2390, 1000.000000000000000 ) ;
#6677 = STYLED_ITEM ( 'NONE', ( #5704 ), #215 ) ;
#6678 = CARTESIAN_POINT ( 'NONE',  ( -23.00000000000000000, 14.79999999999999400, -14.80000000000001100 ) ) ;
#6679 = PLANE ( 'NONE',  #3505 ) ;
#6680 = DIRECTION ( 'NONE',  ( -1.000000000000000000, 0.0000000000000000000, 0.0000000000000000000 ) ) ;
#6681 = LINE ( 'NONE', #2427, #5620 ) ;
#6682 =( NAMED_UNIT ( * ) SI_UNIT ( $, .STERADIAN. ) SOLID_ANGLE_UNIT ( ) );
#6683 = LINE ( 'NONE', #4954, #4599 ) ;
#6684 = CARTESIAN_POINT ( 'NONE',  ( 20.50000000000000400, 14.30000000000000200, 0.0000000000000000000 ) ) ;
#6685 = AXIS2_PLACEMENT_3D ( 'NONE', #4643, #5732, #2536 ) ;
#6686 = DIRECTION ( 'NONE',  ( 1.000000000000000000, 0.0000000000000000000, -0.0000000000000000000 ) ) ;
#6687 = DIRECTION ( 'NONE',  ( 0.0000000000000000000, 0.0000000000000000000, -1.000000000000000000 ) ) ;
#6688 = EDGE_LOOP ( 'NONE', ( #5469, #1462, #5257, #5682, #1065, #3936, #5120, #4398, #6842 ) ) ;
#6689 = LINE ( 'NONE', #1486, #5628 ) ;
#6690 = ORIENTED_EDGE ( 'NONE', *, *, #1155, .F. ) ;
#6691 = ADVANCED_FACE ( 'NONE', ( #6876 ), #6679, .F. ) ;
#6692 = DIRECTION ( 'NONE',  ( 0.6823182503600109200, 0.7310552682428692600, -1.578177982649242000E-016 ) ) ;
#6693 = MANIFOLD_SOLID_BREP ( 'Terminal 5', #1717 ) ;
#6694 = ORIENTED_EDGE ( 'NONE', *, *, #3077, .T. ) ;
#6695 = DIRECTION ( 'NONE',  ( 1.000000000000000000, 0.0000000000000000000, 0.0000000000000000000 ) ) ;
#6696 = FACE_BOUND ( 'NONE', #5097, .T. ) ;
#6697 = PRESENTATION_LAYER_ASSIGNMENT (  '', '', ( #777 ) ) ;
#6698 = CARTESIAN_POINT ( 'NONE',  ( 4.800000000000000700, 14.60000000000000100, -5.775735931288104500 ) ) ;
#6699 = ORIENTED_EDGE ( 'NONE', *, *, #3423, .T. ) ;
#6700 = EDGE_CURVE ( 'NONE', #4830, #1063, #1067, .T. ) ;
#6701 = CARTESIAN_POINT ( 'NONE',  ( 21.00000000000000400, 0.0000000000000000000, 17.00000000000000000 ) ) ;
#6702 = FILL_AREA_STYLE ('',( #1943 ) ) ;
#6703 = ORIENTED_EDGE ( 'NONE', *, *, #3563, .F. ) ;
#6704 = PLANE ( 'NONE',  #3945 ) ;
#6705 = CARTESIAN_POINT ( 'NONE',  ( 12.60000000000000100, 16.30000000000000100, -4.450000000000002000 ) ) ;
#6706 = ORIENTED_EDGE ( 'NONE', *, *, #3379, .F. ) ;
#6707 = CARTESIAN_POINT ( 'NONE',  ( -4.799999999999997200, 13.60000000000000300, -5.799999999999992700 ) ) ;
#6708 = AXIS2_PLACEMENT_3D ( 'NONE', #5436, #2324, #2255 ) ;
#6709 = ORIENTED_EDGE ( 'NONE', *, *, #6274, .F. ) ;
#6710 = EDGE_CURVE ( 'NONE', #4676, #947, #6545, .T. ) ;
#6711 = VERTEX_POINT ( 'NONE', #2981 ) ;
#6712 = EDGE_CURVE ( 'NONE', #205, #5084, #815, .T. ) ;
#6713 = CARTESIAN_POINT ( 'NONE',  ( 22.70000000000000600, 14.47573593128807400, 14.70000000000000100 ) ) ;
#6714 = LINE ( 'NONE', #6656, #6307 ) ;
#6715 = DIRECTION ( 'NONE',  ( -0.0000000000000000000, -0.0000000000000000000, 1.000000000000000000 ) ) ;
#6716 = CARTESIAN_POINT ( 'NONE',  ( 4.800000000000000700, 17.30000000000000100, 0.0000000000000000000 ) ) ;
#6717 = ORIENTED_EDGE ( 'NONE', *, *, #5344, .T. ) ;
#6718 = CARTESIAN_POINT ( 'NONE',  ( 16.28993773853708400, 17.30000000000000100, 7.110062261462913600 ) ) ;
#6719 = VERTEX_POINT ( 'NONE', #2400 ) ;
#6720 = DIRECTION ( 'NONE',  ( 1.000000000000000000, -0.0000000000000000000, 0.0000000000000000000 ) ) ;
#6721 = EDGE_CURVE ( 'NONE', #2284, #5402, #5142, .T. ) ;
#6722 = CARTESIAN_POINT ( 'NONE',  ( 17.89999999999999900, 18.30000000000000100, -5.700000000000002000 ) ) ;
#6723 = FACE_OUTER_BOUND ( 'NONE', #6894, .T. ) ;
#6724 = CARTESIAN_POINT ( 'NONE',  ( 17.59191070279861800, 14.60000000000000100, 0.7999999999999940500 ) ) ;
#6725 = AXIS2_PLACEMENT_3D ( 'NONE', #2163, #5911, #4323 ) ;
#6726 = DIRECTION ( 'NONE',  ( 0.0000000000000000000, 0.0000000000000000000, -1.000000000000000000 ) ) ;
#6727 = CARTESIAN_POINT ( 'NONE',  ( -18.60000000000000900, 15.79983162191123800, -1.200000000000001100 ) ) ;
#6728 = DIRECTION ( 'NONE',  ( 1.000000000000000000, 0.0000000000000000000, -2.668805347656626700E-016 ) ) ;
#6729 = VERTEX_POINT ( 'NONE', #329 ) ;
#6730 = LINE ( 'NONE', #6596, #4733 ) ;
#6731 = DIRECTION ( 'NONE',  ( 1.000000000000000000, 0.0000000000000000000, -0.0000000000000000000 ) ) ;
#6732 = DIRECTION ( 'NONE',  ( -8.177564888977994400E-016, 0.7071067811865487900, 0.7071067811865463500 ) ) ;
#6733 = ORIENTED_EDGE ( 'NONE', *, *, #2931, .T. ) ;
#6734 = STYLED_ITEM ( 'NONE', ( #6033 ), #2143 ) ;
#6735 = CARTESIAN_POINT ( 'NONE',  ( -0.7999999999999970500, 14.05000000000000200, -12.08284271247462600 ) ) ;
#6736 = ORIENTED_EDGE ( 'NONE', *, *, #2304, .T. ) ;
#6737 = ORIENTED_EDGE ( 'NONE', *, *, #739, .F. ) ;
#6738 = SURFACE_STYLE_FILL_AREA ( #1751 ) ;
#6739 = DIRECTION ( 'NONE',  ( -0.0000000000000000000, 1.000000000000000000, -0.0000000000000000000 ) ) ;
#6740 = FILL_AREA_STYLE_COLOUR ( '', #3557 ) ;
#6741 = ADVANCED_FACE ( 'NONE', ( #895 ), #5641, .F. ) ;
#6742 = VERTEX_POINT ( 'NONE', #5604 ) ;
#6743 = VERTEX_POINT ( 'NONE', #828 ) ;
#6744 = VERTEX_POINT ( 'NONE', #854 ) ;
#6745 = PRESENTATION_STYLE_ASSIGNMENT (( #1732 ) ) ;
#6746 = PLANE ( 'NONE',  #4334 ) ;
#6747 = EDGE_LOOP ( 'NONE', ( #2759, #1677, #6065, #1145 ) ) ;
#6748 = CARTESIAN_POINT ( 'NONE',  ( 20.30000000000000400, 14.30000000000000200, -0.0000000000000000000 ) ) ;
#6749 = VERTEX_POINT ( 'NONE', #4525 ) ;
#6750 = FACE_OUTER_BOUND ( 'NONE', #751, .T. ) ;
#6751 = DIRECTION ( 'NONE',  ( -1.000000000000000000, 0.0000000000000000000, 0.0000000000000000000 ) ) ;
#6752 = DIRECTION ( 'NONE',  ( 0.7071067811865490200, 0.0000000000000000000, -0.7071067811865460200 ) ) ;
#6753 = DIRECTION ( 'NONE',  ( -0.0000000000000000000, 1.000000000000000000, -0.0000000000000000000 ) ) ;
#6754 = EDGE_CURVE ( 'NONE', #1911, #6642, #3032, .T. ) ;
#6755 = ORIENTED_EDGE ( 'NONE', *, *, #4639, .F. ) ;
#6756 = EDGE_CURVE ( 'NONE', #5253, #3092, #4648, .T. ) ;
#6757 = ORIENTED_EDGE ( 'NONE', *, *, #2709, .T. ) ;
#6758 = CIRCLE ( 'NONE', #1397, 1.249999999999999300 ) ;
#6759 = VECTOR ( 'NONE', #5108, 1000.000000000000000 ) ;
#6760 = CARTESIAN_POINT ( 'NONE',  ( 2.999999999999999100, 17.30000000000000100, 9.000000000000001800 ) ) ;
#6761 = CARTESIAN_POINT ( 'NONE',  ( 5.700000000000002800, 14.30000000000000200, -0.7000000000000027300 ) ) ;
#6762 = VECTOR ( 'NONE', #1458, 1000.000000000000000 ) ;
#6763 = VERTEX_POINT ( 'NONE', #3998 ) ;
#6764 = EDGE_CURVE ( 'NONE', #825, #5404, #5314, .T. ) ;
#6765 = CARTESIAN_POINT ( 'NONE',  ( -0.1999999999999953200, 1.499999999999999600, -0.7000000000000008400 ) ) ;
#6766 = LINE ( 'NONE', #258, #6195 ) ;
#6767 =( NAMED_UNIT ( * ) SI_UNIT ( $, .STERADIAN. ) SOLID_ANGLE_UNIT ( ) );
#6768 = DIRECTION ( 'NONE',  ( 2.891205793294678200E-015, 0.0000000000000000000, -1.000000000000000000 ) ) ;
#6769 = DIRECTION ( 'NONE',  ( -1.000000000000000000, 0.0000000000000000000, 0.0000000000000000000 ) ) ;
#6770 = ADVANCED_FACE ( 'NONE', ( #4809 ), #1493, .F. ) ;
#6771 = AXIS2_PLACEMENT_3D ( 'NONE', #6197, #2518, #4695 ) ;
#6772 = VECTOR ( 'NONE', #6180, 1000.000000000000000 ) ;
#6773 = DIRECTION ( 'NONE',  ( -1.000000000000000000, 0.0000000000000000000, 0.0000000000000000000 ) ) ;
#6774 = ORIENTED_EDGE ( 'NONE', *, *, #6525, .F. ) ;
#6775 = FACE_OUTER_BOUND ( 'NONE', #2616, .T. ) ;
#6776 = DIRECTION ( 'NONE',  ( -1.000000000000000000, 0.0000000000000000000, 1.216421949617882100E-016 ) ) ;
#6777 = EDGE_CURVE ( 'NONE', #2286, #5595, #5564, .T. ) ;
#6778 = CARTESIAN_POINT ( 'NONE',  ( -18.45000000000000300, 17.30000000000000100, 4.350000000000001400 ) ) ;
#6779 = DIRECTION ( 'NONE',  ( -0.0000000000000000000, 1.000000000000000000, -0.0000000000000000000 ) ) ;
#6780 = ORIENTED_EDGE ( 'NONE', *, *, #1693, .F. ) ;
#6781 = FACE_OUTER_BOUND ( 'NONE', #2369, .T. ) ;
#6782 = VERTEX_POINT ( 'NONE', #2015 ) ;
#6783 = DIRECTION ( 'NONE',  ( 1.000000000000000000, -0.0000000000000000000, -0.0000000000000000000 ) ) ;
#6784 = CARTESIAN_POINT ( 'NONE',  ( -20.00000000000000400, 15.20000000000000100, -1.000000000000000900 ) ) ;
#6785 = AXIS2_PLACEMENT_3D ( 'NONE', #1998, #3495, #5729 ) ;
#6786 = ORIENTED_EDGE ( 'NONE', *, *, #1894, .F. ) ;
#6787 = PLANE ( 'NONE',  #1707 ) ;
#6788 = FACE_OUTER_BOUND ( 'NONE', #3234, .T. ) ;
#6789 = EDGE_CURVE ( 'NONE', #3560, #308, #6790, .T. ) ;
#6790 = LINE ( 'NONE', #1471, #471 ) ;
#6791 = CARTESIAN_POINT ( 'NONE',  ( 20.19999999999999600, 15.00000000000000200, 2.599999999999997000 ) ) ;
#6792 = DIRECTION ( 'NONE',  ( -0.0000000000000000000, -1.000000000000000000, -0.0000000000000000000 ) ) ;
#6793 = CARTESIAN_POINT ( 'NONE',  ( -23.00000000000000000, 14.60000000000000100, -15.00000000000000200 ) ) ;
#6794 = ORIENTED_EDGE ( 'NONE', *, *, #3099, .T. ) ;
#6795 = CARTESIAN_POINT ( 'NONE',  ( -23.00000000000000000, 2.000000000000000000, 15.00000000000000200 ) ) ;
#6796 =( NAMED_UNIT ( * ) SI_UNIT ( $, .STERADIAN. ) SOLID_ANGLE_UNIT ( ) );
#6797 = ORIENTED_EDGE ( 'NONE', *, *, #5670, .F. ) ;
#6798 = CIRCLE ( 'NONE', #199, 0.2999999999999999300 ) ;
#6799 = AXIS2_PLACEMENT_3D ( 'NONE', #5714, #2513, #2004 ) ;
#6800 = PRESENTATION_STYLE_ASSIGNMENT (( #4140 ) ) ;
#6801 = EDGE_CURVE ( 'NONE', #3657, #989, #2380, .T. ) ;
#6802 = CARTESIAN_POINT ( 'NONE',  ( -18.60000000000000900, 15.79983162191122800, -0.8000000000000008200 ) ) ;
#6803 = ADVANCED_FACE ( 'NONE', ( #5401 ), #4700, .T. ) ;
#6804 =( NAMED_UNIT ( * ) PLANE_ANGLE_UNIT ( ) SI_UNIT ( $, .RADIAN. ) );
#6805 = ORIENTED_EDGE ( 'NONE', *, *, #6404, .T. ) ;
#6806 = VECTOR ( 'NONE', #1223, 1000.000000000000000 ) ;
#6807 = ORIENTED_EDGE ( 'NONE', *, *, #4752, .T. ) ;
#6808 = CYLINDRICAL_SURFACE ( 'NONE', #330, 1.000000000000000900 ) ;
#6809 = AXIS2_PLACEMENT_3D ( 'NONE', #2573, #1529, #6776 ) ;
#6810 = DIRECTION ( 'NONE',  ( 0.0000000000000000000, 0.0000000000000000000, -1.000000000000000000 ) ) ;
#6811 = ORIENTED_EDGE ( 'NONE', *, *, #6576, .T. ) ;
#6812 = VECTOR ( 'NONE', #5124, 1000.000000000000100 ) ;
#6813 = ORIENTED_EDGE ( 'NONE', *, *, #6055, .F. ) ;
#6814 = PRESENTATION_STYLE_ASSIGNMENT (( #5504 ) ) ;
#6815 = DIRECTION ( 'NONE',  ( 0.0000000000000000000, -0.0000000000000000000, 1.000000000000000000 ) ) ;
#6816 = DIRECTION ( 'NONE',  ( -0.0000000000000000000, -1.000000000000000000, -0.0000000000000000000 ) ) ;
#6817 = ORIENTED_EDGE ( 'NONE', *, *, #4459, .T. ) ;
#6818 = DIRECTION ( 'NONE',  ( -0.0000000000000000000, 1.000000000000000000, -0.0000000000000000000 ) ) ;
#6819 = ORIENTED_EDGE ( 'NONE', *, *, #4117, .T. ) ;
#6820 = EDGE_LOOP ( 'NONE', ( #5484, #2908 ) ) ;
#6821 = FACE_OUTER_BOUND ( 'NONE', #6346, .T. ) ;
#6822 = AXIS2_PLACEMENT_3D ( 'NONE', #2907, #4500, #170 ) ;
#6823 = MANIFOLD_SOLID_BREP ( 'Plate', #5312 ) ;
#6824 = ORIENTED_EDGE ( 'NONE', *, *, #2253, .F. ) ;
#6825 = CARTESIAN_POINT ( 'NONE',  ( -6.249999999999998200, 12.09999999999999800, 7.950000000000002000 ) ) ;
#6826 = CARTESIAN_POINT ( 'NONE',  ( 18.61435935394489900, 15.80000000000000100, 2.599999999999997000 ) ) ;
#6827 = ORIENTED_EDGE ( 'NONE', *, *, #5558, .T. ) ;
#6828 = CARTESIAN_POINT ( 'NONE',  ( 2.837914223160159900E-015, 17.47321452147779300, 3.271892336110978000 ) ) ;
#6829 = ORIENTED_EDGE ( 'NONE', *, *, #6659, .T. ) ;
#6831 = DIRECTION ( 'NONE',  ( 0.0000000000000000000, -0.0000000000000000000, -1.000000000000000000 ) ) ;
#6830 = CIRCLE ( 'NONE', #5556, 0.3000000000000016500 ) ;
#6832 = AXIS2_PLACEMENT_3D ( 'NONE', #2353, #6082, #5619 ) ;
#6833 = VERTEX_POINT ( 'NONE', #6793 ) ;
#6834 = EDGE_CURVE ( 'NONE', #4061, #405, #4364, .T. ) ;
#6835 = ORIENTED_EDGE ( 'NONE', *, *, #70, .T. ) ;
#6836 = FACE_OUTER_BOUND ( 'NONE', #6301, .T. ) ;
#6837 = DIRECTION ( 'NONE',  ( 0.0000000000000000000, 1.000000000000000000, -0.0000000000000000000 ) ) ;
#6838 = CARTESIAN_POINT ( 'NONE',  ( -20.20000000000001400, 15.00000000000000200, -1.200000000000001100 ) ) ;
#6839 = CIRCLE ( 'NONE', #1790, 0.2999999999999999300 ) ;
#6840 = LINE ( 'NONE', #345, #5448 ) ;
#6841 = ADVANCED_FACE ( 'NONE', ( #807 ), #998, .F. ) ;
#6842 = ORIENTED_EDGE ( 'NONE', *, *, #5207, .F. ) ;
#6843 = CARTESIAN_POINT ( 'NONE',  ( 20.16667228179724700, 15.79994330673438800, 1.399999999999996800 ) ) ;
#6844 = VECTOR ( 'NONE', #3746, 1000.000000000000000 ) ;
#6845 = CARTESIAN_POINT ( 'NONE',  ( 0.1000000000000067500, 13.80000000000000100, -2.846030702774643900E-017 ) ) ;
#6846 = DIRECTION ( 'NONE',  ( -2.620322324388445300E-016, -0.4226182617407002700, -0.9063077870366496000 ) ) ;
#6847 = CARTESIAN_POINT ( 'NONE',  ( -20.00000000000000400, 15.80000000000000100, -2.400000000000001200 ) ) ;
#6848 = EDGE_CURVE ( 'NONE', #2044, #64, #4714, .T. ) ;
#6849 = EDGE_CURVE ( 'NONE', #3981, #6067, #2055, .T. ) ;
#6850 = VECTOR ( 'NONE', #6296, 1000.000000000000000 ) ;
#6851 = LINE ( 'NONE', #5590, #6676 ) ;
#6852 = SURFACE_STYLE_FILL_AREA ( #4327 ) ;
#6853 = DIRECTION ( 'NONE',  ( 0.0000000000000000000, 0.0000000000000000000, 1.000000000000000000 ) ) ;
#6854 = ORIENTED_EDGE ( 'NONE', *, *, #6789, .T. ) ;
#6855 = EDGE_CURVE ( 'NONE', #2961, #2752, #2639, .T. ) ;
#6856 = ORIENTED_EDGE ( 'NONE', *, *, #6533, .T. ) ;
#6857 = FILL_AREA_STYLE_COLOUR ( '', #3242 ) ;
#6858 = DIRECTION ( 'NONE',  ( 1.000000000000000000, 0.0000000000000000000, 0.0000000000000000000 ) ) ;
#6859 = CARTESIAN_POINT ( 'NONE',  ( 7.800000000000001600, 16.30000000000000100, -4.450000000000002000 ) ) ;
#6860 = DIRECTION ( 'NONE',  ( 0.9396926207859069800, 0.3420201433256727700, 0.0000000000000000000 ) ) ;
#6861 = CARTESIAN_POINT ( 'NONE',  ( 19.79999999999999400, 15.80000000000000100, 2.599999999999997000 ) ) ;
#6862 = ORIENTED_EDGE ( 'NONE', *, *, #116, .T. ) ;
#6863 = CARTESIAN_POINT ( 'NONE',  ( -23.00000000000000000, 12.09999999999999800, 15.00000000000000200 ) ) ;
#6864 = LINE ( 'NONE', #3704, #1797 ) ;
#6865 = ORIENTED_EDGE ( 'NONE', *, *, #749, .F. ) ;
#6866 = VERTEX_POINT ( 'NONE', #1428 ) ;
#6867 = CARTESIAN_POINT ( 'NONE',  ( 20.19999999999999600, 15.79988773389020700, 4.197607957093572000 ) ) ;
#6868 = DIRECTION ( 'NONE',  ( 0.0000000000000000000, 0.0000000000000000000, 1.000000000000000000 ) ) ;
#6869 = LINE ( 'NONE', #5452, #717 ) ;
#6870 = AXIS2_PLACEMENT_3D ( 'NONE', #6629, #3006, #2937 ) ;
#6871 = VERTEX_POINT ( 'NONE', #448 ) ;
#6872 = ADVANCED_FACE ( 'NONE', ( #1150 ), #2058, .T. ) ;
#6873 = ORIENTED_EDGE ( 'NONE', *, *, #3715, .T. ) ;
#6874 = ORIENTED_EDGE ( 'NONE', *, *, #6283, .F. ) ;
#6875 = FACE_OUTER_BOUND ( 'NONE', #2723, .T. ) ;
#6876 = FACE_OUTER_BOUND ( 'NONE', #4520, .T. ) ;
#6877 =( NAMED_UNIT ( * ) SI_UNIT ( $, .STERADIAN. ) SOLID_ANGLE_UNIT ( ) );
#6878 = AXIS2_PLACEMENT_3D ( 'NONE', #3895, #3292, #2790 ) ;
#6879 = PLANE ( 'NONE',  #3214 ) ;
#6880 = EDGE_CURVE ( 'NONE', #732, #2728, #3291, .T. ) ;
#6881 = EDGE_LOOP ( 'NONE', ( #52, #5087, #6583, #6332 ) ) ;
#6882 = EDGE_CURVE ( 'NONE', #1867, #4363, #294, .T. ) ;
#6883 = DIRECTION ( 'NONE',  ( -0.0000000000000000000, 1.000000000000000000, -0.0000000000000000000 ) ) ;
#6884 = DIRECTION ( 'NONE',  ( 5.782411586589356500E-015, -0.0000000000000000000, 1.000000000000000000 ) ) ;
#6885 =( LENGTH_UNIT ( ) NAMED_UNIT ( * ) SI_UNIT ( .MILLI., .METRE. ) );
#6886 = VECTOR ( 'NONE', #5259, 1000.000000000000000 ) ;
#6887 = PLANE ( 'NONE',  #4237 ) ;
#6888 = ORIENTED_EDGE ( 'NONE', *, *, #6849, .F. ) ;
#6889 = LINE ( 'NONE', #1478, #1572 ) ;
#6890 = ORIENTED_EDGE ( 'NONE', *, *, #4492, .T. ) ;
#6891 = EDGE_CURVE ( 'NONE', #6642, #2570, #1233, .T. ) ;
#6892 = EDGE_LOOP ( 'NONE', ( #5192, #2989, #1876, #3833, #1057, #2096, #2394, #2046, #4365, #3820, #416, #3248 ) ) ;
#6893 = CARTESIAN_POINT ( 'NONE',  ( -0.7999999999999973800, 14.30000000000000200, -14.50000000000000000 ) ) ;
#6894 = EDGE_LOOP ( 'NONE', ( #5568, #4307, #632, #676 ) ) ;
#6895 = EDGE_LOOP ( 'NONE', ( #3084, #3122, #4790, #2092, #1091 ) ) ;
#6896 = DIRECTION ( 'NONE',  ( 0.0000000000000000000, 0.0000000000000000000, 1.000000000000000000 ) ) ;
#6897 = PRESENTATION_LAYER_ASSIGNMENT (  '', '', ( #3200 ) ) ;
#6898 = SURFACE_SIDE_STYLE ('',( #6086 ) ) ;
#6899 = ORIENTED_EDGE ( 'NONE', *, *, #2489, .T. ) ;
#6900 = CARTESIAN_POINT ( 'NONE',  ( -19.80000000000000800, 15.80000000000000100, -2.385640646055106700 ) ) ;
#6901 = ORIENTED_EDGE ( 'NONE', *, *, #4693, .F. ) ;
#6902 = ORIENTED_EDGE ( 'NONE', *, *, #4949, .T. ) ;
#6903 = COLOUR_RGB ( '',0.7921568627450980000, 0.8196078431372548800, 0.9333333333333333500 ) ;
#6904 = ADVANCED_FACE ( 'NONE', ( #6538 ), #4220, .F. ) ;
#6905 = CARTESIAN_POINT ( 'NONE',  ( -22.50000000000000000, 12.09999999999999800, 14.50000000000000000 ) ) ;
#6906 = PLANE ( 'NONE',  #3590 ) ;
#6907 = DIRECTION ( 'NONE',  ( 0.0000000000000000000, 0.0000000000000000000, 1.000000000000000000 ) ) ;
#6908 = MANIFOLD_SOLID_BREP ( 'Dust Sensor', #3072 ) ;
#6909 = DIRECTION ( 'NONE',  ( -0.0000000000000000000, 1.000000000000000000, -0.0000000000000000000 ) ) ;
#6910 = DIRECTION ( 'NONE',  ( 1.000000000000000000, 0.0000000000000000000, 0.0000000000000000000 ) ) ;
#6911 = EDGE_LOOP ( 'NONE', ( #4529, #1341, #5168, #6835, #6294, #123, #1415, #2383, #4623, #5176, #2206, #6205 ) ) ;
ENDSEC;
END-ISO-10303-21;
